time,weight,bmi,boneMass,metabolism,muscleRate,bodyWaterRate,fatRate
2023/5/1 14:00,76.69311687,26.2724574,4.901474737,1511.171391,55.30303064,72.69981711,27.16877683
2023/5/1 15:00,76.6513652,26.28507801,4.975139422,1508.296253,55.16759831,73.19852079,26.92877015
2023/5/1 16:00,77.01254094,26.39660044,4.964862639,1514.393853,55.28706437,72.86880566,27.1993584
2023/5/1 17:00,77.09108653,26.4376958,5.015636335,1514.139802,55.27800067,73.15768289,27.0489899
2023/5/1 18:00,76.96256976,26.37576432,4.968966341,1514.071863,55.28599755,73.01463754,27.08674563
2023/5/1 19:00,77.24056078,26.45792568,4.921278527,1519.624215,55.42307186,72.47096496,27.45568446
2023/5/1 20:00,77.20685941,26.48731605,5.053683446,1515.300605,55.24828855,73.37993007,26.98243468
2023/5/1 21:00,77.27876564,26.47513775,4.91618311,1520.472124,55.44021912,72.50320746,27.44014204
2023/5/1 22:00,77.43190048,26.54418533,4.983055839,1521.482071,55.44458051,72.87315752,27.27193657
2023/5/1 23:00,75.91210857,26.00054588,4.887590636,1500.112676,55.01110027,73.39627894,26.66696107
2023/5/2 0:00,77.95695226,26.70821939,4.949535731,1530.125608,55.62728517,72.26560032,27.73892724
2023/5/2 1:00,77.73166763,26.61454294,4.923814879,1528.735431,55.5794958,72.30984069,27.66507979
2023/5/2 2:00,77.4570427,26.53754235,4.935328391,1523.007604,55.46643188,72.60706025,27.44823371
2023/5/2 3:00,77.70824783,26.63497777,4.997235727,1526.161469,55.48496896,72.84392978,27.38128076
2023/5/2 4:00,77.0912766,26.40177389,4.900814413,1517.513887,55.378037,72.69085254,27.3258062
2023/5/2 5:00,76.71078026,26.27205954,4.898473195,1511.982762,55.25800306,73.01629575,27.06303723
2023/5/2 6:00,76.77460562,26.28422029,4.863638708,1513.321063,55.31652481,72.78394124,27.19281735
2023/5/2 7:00,76.69359509,26.29374368,4.953178301,1510.081546,55.1785143,73.39866781,26.85979377
2023/5/2 8:00,77.71205008,26.60580706,4.885496085,1528.518549,55.5868806,72.20333614,27.73945159
2023/5/2 9:00,77.61218194,26.58641256,4.935794567,1525.158887,55.48015711,72.60370185,27.51700118
2023/5/2 10:00,76.03042806,26.04188768,4.888161493,1501.03625,55.02279628,73.58046922,26.61562126
2023/5/2 11:00,77.50171661,26.54731778,4.932187052,1523.717217,55.46388803,72.75607003,27.40812642
2023/5/2 12:00,78.00016022,26.71908762,4.957550114,1531.057251,55.59894006,72.54933721,27.64641504
2023/5/2 13:00,77.61889841,26.58263161,4.92180405,1524.896281,55.50502786,72.63013184,27.50259738
2023/5/2 14:00,76.68295707,26.24076844,4.834046451,1513.438206,55.31056995,72.86773199,27.14524635
2023/5/2 15:00,77.31671844,26.46977541,4.87511057,1522.600516,55.45666686,72.61406215,27.44235788
2023/5/2 16:00,77.28304499,26.46637148,4.910165277,1521.163318,55.40441,72.89871238,27.29064384
2023/5/2 17:00,77.15635985,26.42735519,4.917887315,1517.951755,55.34991889,73.08126213,27.15890461
2023/5/2 18:00,77.1269888,26.41693443,4.894313063,1517.883611,55.33264127,72.87943644,27.2850451
2023/5/2 19:00,77.09334879,26.41398417,4.931348356,1517.367512,55.30985545,73.24589457,27.07287705
2023/5/2 20:00,76.86654853,26.33009737,4.916311589,1513.557256,55.25262113,73.37303433,26.93593086
2023/5/2 21:00,76.82129466,26.30961906,4.892482108,1513.467313,55.23760929,73.21787322,27.03213366
2023/5/2 22:00,77.32031263,26.48016394,4.910805218,1521.183864,55.41507052,73.00206336,27.25021461
2023/5/2 23:00,77.21708804,26.45062795,4.911966704,1519.910179,55.36794162,73.12823867,27.16894314
2023/5/3 0:00,77.1049697,26.4064025,4.901112018,1518.710037,55.38361554,73.21668251,27.06039244
2023/5/3 1:00,75.99273878,26.01826237,4.861478266,1501.69673,55.01400357,73.80990575,26.50521307
2023/5/3 2:00,76.86725319,26.30541935,4.825365519,1516.400737,55.31161592,72.84674815,27.26171407
2023/5/3 3:00,76.56184454,26.21606031,4.873589956,1511.047114,55.1771515,73.48341812,26.8242539
2023/5/3 4:00,77.15170601,26.42580456,4.924183506,1517.961653,55.33637501,73.3888789,27.01782174
2023/5/3 5:00,76.56218412,26.21632321,4.877256499,1510.485995,55.15169737,73.49654053,26.84782019
2023/5/3 6:00,76.5981066,26.23205335,4.8842379,1510.210258,55.18892202,73.57459054,26.79146814
2023/5/3 7:00,77.44824311,26.51792016,4.890049567,1523.798966,55.43525916,72.96787012,27.32795621
2023/5/3 8:00,77.05315774,26.37377177,4.856741816,1518.114811,55.30147249,73.03160844,27.23020559
2023/5/3 9:00,77.04954908,26.39051005,4.910525125,1516.187283,55.29466062,73.46289487,26.97833301
2023/5/3 10:00,76.68673723,26.26410408,4.881750042,1511.317365,55.19561753,73.58052485,26.82079253
2023/5/3 11:00,76.82726904,26.29651438,4.848389759,1515.003339,55.27663152,73.28611524,27.01723077
2023/5/3 12:00,77.023937,26.36023004,4.840820772,1518.098002,55.32065766,73.05945849,27.19922085
2023/5/3 13:00,77.50768414,26.54375728,4.897519384,1524.741782,55.44806687,73.11279251,27.28189968
2023/5/3 14:00,76.91739729,26.32183322,4.847129355,1517.191748,55.31587171,73.3036628,27.02956235
2023/5/3 15:00,77.31633473,26.47065289,4.869194217,1521.218116,55.38163788,73.08910198,27.26278391
2023/5/3 16:00,77.22493383,26.43860237,4.874580461,1520.680882,55.35316019,73.23782243,27.16588508
2023/5/3 17:00,76.84000977,26.32253678,4.912978383,1513.312181,55.20828505,73.83935905,26.73800445
2023/5/3 18:00,76.8805157,26.32311279,4.866362471,1514.892512,55.25449427,73.50223394,26.93735806
2023/5/3 19:00,77.40985768,26.49162286,4.839301234,1524.967124,55.46819438,72.96244546,27.34026291
2023/5/3 20:00,76.75980902,26.30260005,4.929500324,1510.888896,55.11656359,74.017049,26.64983418
2023/5/3 21:00,76.44929124,26.18566475,4.901054201,1507.036606,55.07290854,74.14130897,26.49765054
2023/5/3 22:00,77.19768023,26.42577455,4.875555957,1520.930635,55.36470991,73.46048747,27.03980067
2023/5/3 23:00,77.57206973,26.55606795,4.885397632,1525.727284,55.44606896,73.18944029,27.28929047
2023/5/4 0:00,76.74620572,26.26735698,4.859979464,1513.966638,55.2306917,73.76619362,26.76355914
2023/5/4 1:00,77.04615646,26.37019703,4.85519512,1518.617471,55.3024177,73.45491055,27.0333689
2023/5/4 2:00,76.7874402,26.28737751,4.848796534,1514.249989,55.23207316,73.64700162,26.85921283
2023/5/4 3:00,77.52646728,26.53171687,4.854736747,1526.093486,55.44308222,73.13134055,27.32801565
2023/5/4 4:00,76.77202818,26.28679073,4.887516275,1513.426575,55.20045897,73.99720259,26.65166951
2023/5/4 5:00,75.89682238,25.96996081,4.802968196,1501.484069,55.00554379,74.15510443,26.35527293
2023/5/4 6:00,76.74593929,26.27115591,4.843619677,1514.53442,55.2029209,73.73335586,26.81930241
2023/5/4 7:00,76.19287909,26.08103226,4.840605049,1505.470699,55.03336204,74.18874824,26.43036072
2023/5/4 8:00,78.09267195,26.7201567,4.843713534,1534.914781,55.63270021,72.72618084,27.68072382
2023/5/4 9:00,76.64720722,26.22396203,4.818661572,1513.114394,55.21818874,73.77138683,26.76587457
2023/5/4 10:00,77.32913053,26.46231735,4.839309033,1523.301047,55.38638365,73.31941159,27.19487128
2023/5/4 11:00,77.54107582,26.53682767,4.862435385,1526.645405,55.4613589,73.36999442,27.20029025
2023/5/4 12:00,76.69054872,26.26430642,4.884963622,1510.968551,55.12883943,74.18532812,26.57736375
2023/5/4 13:00,77.33829013,26.47864652,4.882555894,1522.38573,55.35888879,73.70437259,26.98419343
2023/5/4 14:00,77.33967878,26.47914378,4.872947252,1522.010462,55.34442398,73.62659396,27.03921516
2023/5/4 15:00,77.77644119,26.61927756,4.859214253,1529.102519,55.495938,73.22926463,27.34699875
2023/5/4 16:00,76.58969016,26.19050819,4.76974483,1513.870372,55.23633466,73.63342332,26.83746454
2023/5/4 17:00,76.44287622,26.16294717,4.837443551,1508.953445,55.11208425,74.19692602,26.513533
2023/5/4 18:00,76.76268627,26.25765814,4.804851119,1515.753292,55.22812902,73.7207672,26.86689028
2023/5/4 19:00,76.76478623,26.26851649,4.820898493,1514.849117,55.18440605,73.83541153,26.79836932
2023/5/4 20:00,76.39884316,26.13460288,4.784211449,1510.326241,55.12927799,73.93707749,26.65065566
2023/5/4 21:00,77.41568504,26.49414471,4.857481389,1524.285594,55.38846838,73.63713381,27.05438507
2023/5/4 22:00,77.32428093,26.45760158,4.832636852,1524.175366,55.37863613,73.60592741,27.06059008
2023/5/4 23:00,77.32865647,26.45578891,4.807650443,1524.484941,55.41367301,73.43301762,27.14411994
2023/5/5 0:00,76.68870555,26.24432861,4.82099456,1514.050112,55.20215982,74.07287924,26.63433176
2023/5/5 1:00,76.57118257,26.20667115,4.824376857,1510.785753,55.13480634,74.16940989,26.58082984
2023/5/5 2:00,76.65858008,26.22027602,4.791294505,1513.511926,55.18151335,73.91628405,26.74687891
2023/5/5 3:00,76.23261792,26.08773536,4.815956515,1507.467256,55.04323614,74.44599381,26.34666468
2023/5/5 4:00,76.9176956,26.31712171,4.824715872,1517.268465,55.25577425,73.98955011,26.76363047
2023/5/5 5:00,77.83737171,26.62105797,4.813372165,1532.423117,55.55479885,73.21123579,27.41061083
2023/5/5 6:00,76.61593157,26.22257609,4.827916984,1511.716602,55.14326025,74.26984901,26.54110446
2023/5/5 7:00,76.37677846,26.13046838,4.791417107,1509.136855,55.08760696,74.21164488,26.53730511
2023/5/5 8:00,77.07949873,26.36748296,4.800044485,1520.193877,55.29221679,73.75405639,26.95128419
2023/5/5 9:00,77.23524675,26.41628106,4.796764694,1523.444382,55.35079524,73.64915245,27.04923625
2023/5/5 10:00,76.84734754,26.28759984,4.794864235,1516.359375,55.22610911,73.95121587,26.79045306
2023/5/5 11:00,76.82519109,26.28314051,4.805781671,1516.776178,55.2205082,74.08155692,26.71254161
2023/5/5 12:00,76.79774355,26.27761804,4.816400467,1515.488224,55.19232051,74.1834607,26.65545626
2023/5/5 13:00,76.26409474,26.08322574,4.764936792,1509.233459,55.07910081,74.30365155,26.45946367
2023/5/5 14:00,76.92384197,26.28860121,4.715098707,1520.769665,55.31827407,73.43897585,27.10246178
2023/5/5 15:00,77.32961395,26.447466,4.786657525,1524.396981,55.37510025,73.61605758,27.10547096
2023/5/5 16:00,76.51747372,26.16994845,4.782464505,1512.119506,55.13519014,74.27714177,26.55425341
2023/5/5 17:00,76.4852522,26.15578513,4.776416703,1511.713476,55.11864795,74.29197043,26.54396532
2023/5/5 18:00,77.77908143,26.59211089,4.779262033,1532.454135,55.53546781,73.28246476,27.396545
2023/5/5 19:00,76.8113378,26.28078453,4.807806778,1515.244704,55.16395727,74.23601439,26.6671672
2023/5/5 20:00,77.08364876,26.36112222,4.792536115,1521.185641,55.31600863,74.01164001,26.82793265
2023/5/5 21:00,75.87188879,25.94272675,4.749729783,1503.437141,54.95931173,74.7053642,26.1645661
2023/5/5 22:00,76.9033164,26.29664009,4.788312638,1518.053455,55.21417791,74.11847372,26.75651924
2023/5/5 23:00,76.09601649,26.02593958,4.763086345,1506.09702,54.97243913,74.58080167,26.320114
2023/5/6 0:00,76.23473166,26.07100121,4.752129946,1508.401947,55.03995873,74.42648462,26.43090597
2023/5/6 1:00,76.67834398,26.22181894,4.759419869,1515.459911,55.19631057,74.22279784,26.63200444
2023/5/6 2:00,76.45138997,26.17374023,4.844868148,1508.758284,55.01361783,74.90558033,26.23338684
2023/5/6 3:00,77.24045057,26.40596851,4.763432129,1524.153226,55.36137953,73.82276477,26.99354828
2023/5/6 4:00,76.79426011,26.24764916,4.768495477,1516.943045,55.21267463,74.22180971,26.67594915
2023/5/6 5:00,77.39390914,26.46692857,4.785439084,1526.198508,55.38933951,73.9009915,26.98866525
2023/5/6 6:00,76.7991455,26.2640749,4.780953225,1516.452748,55.20242147,74.35728601,26.59738447
2023/5/6 7:00,76.80859308,26.26805878,4.777782425,1516.842879,55.20050728,74.33478785,26.62312399
2023/5/6 8:00,76.50392958,26.17724402,4.805931057,1510.54302,55.05706128,74.76648158,26.32962266
2023/5/6 9:00,76.094615,26.02531831,4.76463839,1505.501137,54.98324815,74.88083364,26.15883721
2023/5/6 10:00,76.87644656,26.29021878,4.780421362,1518.008609,55.20145187,74.36664163,26.6365213
2023/5/6 11:00,77.15339775,26.39124254,4.794956403,1521.080779,55.28236527,74.24138573,26.76266772
2023/5/6 12:00,77.83222319,26.62912696,4.840442788,1530.370956,55.43620491,74.05471806,27.04451605
2023/5/6 13:00,76.21456186,26.07363568,4.796949765,1506.355199,54.95635343,75.05387207,26.11553319
2023/5/6 14:00,76.72662196,26.22809836,4.752264941,1516.91741,55.16984457,74.38518872,26.59942978
2023/5/6 15:00,76.93309269,26.31635729,4.797037271,1518.241944,55.17548043,74.49076588,26.60367416
2023/5/6 16:00,75.69385951,25.88334135,4.755212042,1499.585419,54.83590849,75.25308294,25.88865417
2023/5/6 17:00,77.26370895,26.40297897,4.726024793,1524.511899,55.35703991,73.80130672,27.05776484
2023/5/6 18:00,77.12064284,26.35485889,4.720305415,1524.202898,55.37559593,74.0106153,26.86949281
2023/5/6 19:00,76.70815679,26.22038904,4.741337526,1516.282029,55.17813514,74.42544966,26.58028061
2023/5/6 20:00,76.50764106,26.18022702,4.814652919,1510.652084,55.03171182,75.05822819,26.20851191
2023/5/6 21:00,77.03368861,26.33544472,4.754869547,1521.426645,55.28285062,74.33258655,26.70985619
2023/5/6 22:00,76.5486663,26.16976591,4.756220961,1513.374067,55.09954964,74.72726785,26.3882378
2023/5/6 23:00,76.33668407,26.08749399,4.702943867,1511.056575,55.07382354,74.54820857,26.44738078
2023/5/7 0:00,76.58308805,26.18958104,4.774306734,1513.160728,55.10593927,74.86505668,26.32751943
2023/5/7 1:00,76.47082322,26.1375091,4.725098974,1512.813272,55.11438943,74.68519376,26.39316593
2023/5/7 2:00,76.76489252,26.24328491,4.736545089,1517.648756,55.18342049,74.481755,26.58753611
2023/5/7 3:00,76.63535008,26.18964497,4.733425044,1516.134558,55.15866729,74.64301856,26.46076038
2023/5/7 4:00,77.0631991,26.36544343,4.811053578,1519.230514,55.21332614,74.81726101,26.46182797
2023/5/7 5:00,76.00456618,25.97421377,4.719880914,1506.348542,54.93052838,75.03108597,26.12842784
2023/5/7 6:00,76.05481442,25.99436267,4.720542319,1506.213603,54.98084073,75.08185026,26.08945925
2023/5/7 7:00,77.24091038,26.39619812,4.752686575,1524.777053,55.30065218,74.34598323,26.77946776
2023/5/7 8:00,77.00224066,26.32525422,4.762641524,1520.59819,55.20570199,74.59808161,26.60668051
2023/5/7 9:00,76.57019163,26.15871221,4.719329623,1516.12426,55.13560106,74.7220841,26.41158882
2023/5/7 10:00,77.08007268,26.33059975,4.712831547,1524.123157,55.30145608,74.30368718,26.76187978
2023/5/7 11:00,76.29154295,26.07146599,4.718192674,1510.750212,55.02119738,74.95860866,26.23962393
2023/5/7 12:00,76.79326688,26.26497705,4.79300739,1516.185425,55.13446862,75.07529888,26.28380072
2023/5/7 13:00,77.03906328,26.34103936,4.768884414,1520.03988,55.22365224,74.74194946,26.53189265
2023/5/7 14:00,77.21014098,26.40718538,4.783141978,1522.905719,55.25675407,74.70714253,26.59237228
2023/5/7 15:00,76.25398181,26.05366554,4.6651917,1511.071861,55.07120694,74.70641535,26.37073959
2023/5/7 16:00,76.01500901,25.9851856,4.718704081,1506.108657,54.92515075,75.28284252,26.00269786
2023/5/7 17:00,76.43393634,26.11740426,4.70298374,1513.370203,55.0824944,74.8283294,26.35714312
2023/5/7 18:00,76.97429623,26.31889759,4.770787266,1519.020981,55.20111221,74.91567293,26.42874093
2023/5/7 19:00,77.24331366,26.37523166,4.676129568,1527.482493,55.39304999,74.11199452,26.92289067
2023/5/7 20:00,76.9244229,26.2915001,4.7456041,1520.26475,55.19940571,74.82063224,26.47737211
2023/5/7 21:00,76.57014575,26.16952482,4.737362281,1514.265773,55.06987687,75.00953965,26.31074625
2023/5/7 22:00,76.11246188,26.01373196,4.71986983,1507.045003,54.94338625,75.29091582,26.04509763
2023/5/7 23:00,75.85564683,25.91373305,4.681818446,1504.510749,54.88056092,75.24364793,26.020505
2023/5/8 0:00,76.55428174,26.14910248,4.692476554,1515.38012,55.14895928,74.90743746,26.3266437
2023/5/8 1:00,76.61117219,26.1919757,4.737786809,1515.001122,55.10626792,75.13134463,26.23806109
2023/5/8 2:00,77.07801946,26.33271465,4.714409546,1523.281466,55.2794779,74.63411407,26.61975766
2023/5/8 3:00,76.4159772,26.12189535,4.733087148,1511.429767,55.02344609,75.27324727,26.12936003
2023/5/8 4:00,76.27092305,26.05983947,4.700488588,1510.54373,55.02096711,75.20233731,26.13175193
2023/5/8 5:00,76.92124551,26.28185483,4.704320476,1520.375564,55.21049871,74.71874946,26.5655216
2023/5/8 6:00,75.94196854,25.93352164,4.651270827,1507.016661,54.9573201,75.17158216,26.07852506
2023/5/8 7:00,76.83486808,26.24301173,4.669613465,1520.658939,55.22610299,74.6072889,26.59170439
2023/5/8 8:00,76.76388405,26.23037387,4.699794675,1517.898401,55.1426091,74.85330299,26.46089249
2023/5/8 9:00,76.06676192,25.98459581,4.659214703,1507.868701,54.97719247,75.18124721,26.11373318
2023/5/8 10:00,76.68525961,26.18442704,4.664090248,1518.416965,55.20230127,74.78535522,26.44846456
2023/5/8 11:00,77.37873862,26.46032066,4.785685295,1524.30369,55.26128772,75.03259403,26.51955403
2023/5/8 12:00,76.02513487,25.95354399,4.634796965,1508.688066,54.97912692,75.11888497,26.14741485
2023/5/8 13:00,76.01754614,25.97722444,4.68264571,1506.426641,54.93174725,75.44368082,25.97003649
2023/5/8 14:00,76.903265,26.27305675,4.697788028,1521.322855,55.21957372,74.91370032,26.4554142
2023/5/8 15:00,76.0827958,25.99725921,4.697096136,1507.694838,54.9581439,75.5912215,25.88812469
2023/5/8 16:00,76.84100913,26.24468076,4.687349812,1519.82644,55.19325907,74.94232069,26.42972522
2023/5/8 17:00,76.27491524,26.07406895,4.715392743,1509.74129,54.98859207,75.56986423,25.95670754
2023/5/8 18:00,75.87995975,25.93247144,4.711910905,1503.394796,54.83815243,75.86879825,25.72151567
2023/5/8 19:00,76.89305359,26.27051822,4.701416227,1519.976163,55.19042984,75.02939223,26.41299753
2023/5/8 20:00,77.16582587,26.37366154,4.732823844,1523.675383,55.26678961,75.02719005,26.4717842
2023/5/8 21:00,76.4751221,26.10294821,4.640149918,1515.367689,55.1356565,75.05841732,26.28285379
2023/5/8 22:00,76.10761349,25.99380634,4.657420323,1509.393066,54.95861977,75.39524618,26.03758671
2023/5/8 23:00,76.25846726,26.04414921,4.665093404,1511.122176,55.01688255,75.35401936,26.08974126
2023/5/9 0:00,77.27943712,26.37844334,4.629419609,1528.32255,55.40731143,74.3771323,26.84184832
2023/5/9 1:00,76.52620681,26.14636548,4.698107375,1513.933001,55.02651756,75.33141725,26.19250182
2023/5/9 2:00,76.36427725,26.08396649,4.664256636,1512.435684,55.0232542,75.28829973,26.16777269
2023/5/9 3:00,75.98909663,25.94282447,4.622389912,1507.614684,54.95384986,75.34883536,26.04150972
2023/5/9 4:00,75.83243598,25.91886271,4.715672461,1502.558638,54.80562889,76.12658044,25.59402183
2023/5/9 5:00,76.5141345,26.12736356,4.65195467,1515.056396,55.09883732,75.19647158,26.24994109
2023/5/9 6:00,76.98723674,26.30203059,4.710255416,1521.152379,55.17664687,75.20529707,26.37351721
2023/5/9 7:00,76.59508075,26.15974981,4.673425974,1516.739502,55.08597349,75.28168994,26.24629864
2023/5/9 8:00,76.63066664,26.14879715,4.593901647,1518.716525,55.2043693,74.82302067,26.46745717
2023/5/9 9:00,76.57442262,26.1677589,4.717181593,1514.027182,55.01019642,75.61908933,26.06299438
2023/5/9 10:00,76.89904241,26.26138016,4.675142831,1521.447914,55.20373747,75.15774633,26.3737597
2023/5/9 11:00,75.71529424,25.8635271,4.659409999,1502.526981,54.80150713,75.96253364,25.67429165
2023/5/9 12:00,76.49466581,26.12671112,4.685823061,1514.69798,55.02801942,75.55558107,26.08311175
2023/5/9 13:00,76.67076179,26.18780765,4.671793282,1517.473543,55.11734245,75.36073654,26.20711665
2023/5/9 14:00,76.70412034,26.1997753,4.685112638,1517.723182,55.13665565,75.47548732,26.15040394
2023/5/9 15:00,76.58936578,26.17401026,4.732186888,1514.517399,55.02448603,75.87572789,25.91860553
2023/5/9 16:00,75.45660486,25.75492973,4.598441471,1500.380188,54.77573414,75.86358469,25.68029277
2023/5/9 17:00,76.97567556,26.30498164,4.710513876,1520.527939,55.16101984,75.42383458,26.2739451
2023/5/9 18:00,76.1335169,26.01421546,4.678215507,1508.804599,54.90122524,75.87388848,25.84057695
2023/5/9 19:00,75.80795137,25.89670829,4.647810071,1504.266972,54.82222342,75.95049677,25.72245342
2023/5/9 20:00,76.15489145,26.01790481,4.678944929,1508.837579,54.90895976,75.90999662,25.82830329
2023/5/9 21:00,76.8193621,26.24558068,4.701691251,1518.867926,55.099107,75.57982314,26.16133229
2023/5/9 22:00,75.48316583,25.78276074,4.646532255,1499.699098,54.76758315,76.33730402,25.41225837
2023/5/9 23:00,76.71430014,26.19893112,4.67871543,1518.374879,55.11597598,75.58867672,26.12582825
2023/5/10 0:00,76.18340433,26.01249289,4.644405631,1510.313373,54.92574295,75.71833202,25.96084056
2023/5/10 1:00,75.89713139,25.9057155,4.614592822,1506.978343,54.89748284,75.79876922,25.82867475
2023/5/10 2:00,76.74958557,26.20470187,4.663133775,1518.891626,55.09670413,75.4590895,26.22671743
2023/5/10 3:00,76.64995573,26.17352604,4.651564303,1518.62822,55.12509932,75.52789667,26.13859577
2023/5/10 4:00,77.43523643,26.44584966,4.684590048,1529.034897,55.29943539,75.10256209,26.58118846
2023/5/10 5:00,76.08881038,25.98018755,4.643636489,1509.893744,54.88458618,75.87138281,25.86922777
2023/5/10 6:00,75.83571851,25.90131222,4.657945646,1505.361669,54.83601809,76.27425597,25.55439646
2023/5/10 7:00,76.14078174,25.98856339,4.616210773,1510.796319,54.99334236,75.80669985,25.87558571
2023/5/10 8:00,76.28504692,26.06030778,4.687453065,1510.83127,54.91186776,76.10313303,25.77514888
2023/5/10 9:00,75.62786586,25.81552136,4.597882339,1503.333018,54.80206313,76.06625725,25.63435727
2023/5/10 10:00,75.96678102,25.93976327,4.637676188,1507.547263,54.87011154,76.06510881,25.719508
2023/5/10 11:00,76.9445746,26.28019508,4.679616821,1521.787438,55.13734331,75.57032356,26.24403463
2023/5/10 12:00,76.67529511,26.18820352,4.671305873,1517.03929,55.058024,75.75304258,26.07377283
2023/5/10 13:00,76.24472426,26.0243511,4.615714174,1513.196223,54.98880842,75.80113492,25.93365353
2023/5/10 14:00,76.51591469,26.12145658,4.644562981,1515.432468,55.02871705,75.76148739,26.03279809
2023/5/10 15:00,76.59042559,26.15443941,4.653478142,1516.19441,55.0585637,75.79318194,26.02685518
2023/5/10 16:00,76.64101427,26.17283008,4.668064132,1516.725151,55.04871467,75.84452213,26.02846631
2023/5/10 17:00,76.40203986,26.0827203,4.628781269,1513.887636,55.02291181,75.8226052,25.96584928
2023/5/10 18:00,76.87727706,26.2569282,4.677103659,1520.305813,55.11612663,75.7747389,26.11276098
2023/5/10 19:00,76.42915134,26.101932,4.660734472,1513.718647,54.97405199,76.02013754,25.88495514
2023/5/10 20:00,76.63210162,26.17797506,4.694066173,1516.085011,55.03321581,76.13495402,25.86216195
2023/5/10 21:00,76.964439,26.26797669,4.635145562,1523.046485,55.23902866,75.54502587,26.24070762
2023/5/10 22:00,76.28177029,26.0329906,4.605976053,1512.923828,54.97805463,75.83957724,25.94515765
2023/5/10 23:00,75.72896598,25.85923673,4.639675791,1502.698593,54.76675265,76.53850692,25.4302281
2023/5/11 0:00,76.66345805,26.17662811,4.659446627,1518.027967,55.05718517,75.95006647,25.97190298
2023/5/11 1:00,76.35994236,26.0646834,4.623104767,1514.059546,54.99678237,75.95813021,25.90904361
2023/5/11 2:00,77.34177504,26.40718516,4.664813553,1528.342508,55.25765628,75.46065096,26.40883564
2023/5/11 3:00,76.41366092,26.08986853,4.639928531,1514.318442,54.98381264,76.07453846,25.85441943
2023/5/11 4:00,76.80669309,26.21707235,4.639557956,1521.183963,55.12565836,75.80801441,26.08299243
2023/5/11 5:00,76.80632466,26.23948837,4.695049576,1518.788459,55.0630332,76.15382754,25.91574896
2023/5/11 6:00,76.72920519,26.21261318,4.689421045,1517.153706,55.0418637,76.20535611,25.86976448
2023/5/11 7:00,76.99638868,26.30376552,4.696663323,1521.937957,55.13275803,76.06527321,26.00004188
2023/5/11 8:00,76.93374643,26.25700418,4.618977374,1522.88984,55.15183747,75.60672314,26.25381892
2023/5/11 9:00,75.6316582,25.82016147,4.605020623,1503.103211,54.76802355,76.56649606,25.40888048
2023/5/11 10:00,77.22588009,26.36251698,4.64063758,1526.988208,55.22900155,75.54512378,26.36238568
2023/5/11 11:00,76.61587862,26.15499553,4.620513284,1517.394202,55.05748951,75.91881763,26.00050852
2023/5/11 12:00,75.6769752,25.83111773,4.59784237,1503.68014,54.79161832,76.55081015,25.43583591
2023/5/11 13:00,76.22875133,26.00367766,4.554010599,1514.635546,55.00863872,75.84393366,25.94649049
2023/5/11 14:00,76.81776668,26.2351538,4.662694937,1519.539115,55.08552543,76.12067009,25.93068166
2023/5/11 15:00,77.49002125,26.48829168,4.65664835,1532.342196,55.34234081,75.49753598,26.46787092
2023/5/11 16:00,76.68042764,26.17427315,4.619263637,1517.903417,55.07787217,75.96445734,26.00534577
2023/5/11 17:00,75.97949002,25.92534663,4.599529003,1508.124852,54.86117648,76.39111161,25.61118281
2023/5/11 18:00,76.46110273,26.11569375,4.686169597,1513.473861,54.9438782,76.62712184,25.60284935
2023/5/11 19:00,77.02521862,26.30062832,4.647347814,1523.248044,55.14429992,75.91119323,26.124037
2023/5/11 20:00,76.45439936,26.08357425,4.588877219,1515.982401,55.00535036,75.97360707,25.96428675
2023/5/11 21:00,76.05521874,25.94540197,4.595364504,1510.378373,54.89404183,76.38585157,25.64435356
2023/5/11 22:00,77.32977775,26.39177265,4.621683705,1529.570179,55.29205067,75.59048821,26.36433591
2023/5/11 23:00,76.4422068,26.1024283,4.643740339,1513.909447,54.94437074,76.41358876,25.72721419
2023/5/12 0:00,76.94271377,26.26276025,4.631655799,1521.510957,55.126879,75.96497224,26.0900227
2023/5/12 1:00,75.57052624,25.78866971,4.588336879,1503.334,54.70891759,76.75824502,25.34294777
2023/5/12 2:00,76.63789891,26.14975128,4.607923214,1519.367684,55.04297302,76.08108524,25.96493046
2023/5/12 3:00,75.9421205,25.91213854,4.583680983,1508.609794,54.8367494,76.50035369,25.5649107
2023/5/12 4:00,76.2179682,26.02775524,4.641662633,1510.384045,54.86422524,76.66831865,25.55103716
2023/5/12 5:00,75.59689666,25.81272579,4.610599701,1502.365177,54.69762188,76.97006752,25.239986
2023/5/12 6:00,76.78039457,26.20567314,4.610811513,1520.634292,55.08767744,76.05267485,26.02087245
2023/5/12 7:00,76.74137935,26.18181714,4.610000512,1520.586712,55.05067919,76.09400569,26.00188091
2023/5/12 8:00,75.8975493,25.89760265,4.584341794,1507.842643,54.83969671,76.65040039,25.47626836
2023/5/12 9:00,75.65947394,25.81903545,4.588140238,1503.440903,54.73029137,76.81062595,25.35195087
2023/5/12 10:00,76.40061573,26.08571913,4.651309419,1513.205068,54.9164125,76.70807578,25.58481259
2023/5/12 11:00,75.86206715,25.89144536,4.596941486,1506.912258,54.81832589,76.81420654,25.38458087
2023/5/12 12:00,75.63484321,25.81464027,4.601210615,1503.508185,54.72777809,77.02807047,25.22446837
2023/5/12 13:00,75.39568473,25.74458935,4.622943378,1498.229302,54.61533292,77.35290471,24.99196288
2023/5/12 14:00,76.89636128,26.23700177,4.609679967,1521.973772,55.07815747,76.06663138,26.06455862
2023/5/12 15:00,76.63083153,26.1479695,4.598177843,1518.762954,55.02105,76.2304616,25.91447269
2023/5/12 16:00,76.39723249,26.07251216,4.616070199,1514.484003,54.95814847,76.60717427,25.63822119
2023/5/12 17:00,76.18127655,25.99450633,4.590452261,1512.598144,54.8827285,76.59107114,25.61174791
2023/5/12 18:00,76.6349416,26.16289398,4.629202803,1518.254421,54.9970556,76.48970602,25.77870752
2023/5/12 19:00,76.23317642,26.00667527,4.57828231,1512.757232,54.92360394,76.51264893,25.65634789
2023/5/12 20:00,75.37763421,25.7201856,4.566182168,1500.009647,54.64664487,77.10382557,25.15542025
2023/5/12 21:00,76.1496436,25.97996008,4.578589238,1512.04836,54.89497327,76.63187427,25.58477605
2023/5/12 22:00,77.17054464,26.33354348,4.61424507,1527.090055,55.21066708,76.07670575,26.13063559
2023/5/12 23:00,76.51043124,26.10752572,4.594580672,1517.206865,54.99680348,76.48927948,25.73912426
2023/5/13 0:00,75.48709465,25.76394209,4.596350495,1501.177385,54.6501729,77.30010271,25.07287304
2023/5/13 1:00,76.82397657,26.21567425,4.601160957,1520.802622,55.04405751,76.22355819,25.98344916
2023/5/13 2:00,76.41361396,26.06203126,4.561880907,1515.982517,54.99370632,76.38401765,25.78105827
2023/5/13 3:00,76.98149164,26.27352362,4.615287218,1522.893265,55.07167791,76.23140805,26.03467944
2023/5/13 4:00,77.20874386,26.3333773,4.577171862,1528.422626,55.23648795,75.92096032,26.23046633
2023/5/13 5:00,75.63661629,25.81092804,4.589889055,1503.39835,54.70967641,77.23412021,25.14246922
2023/5/13 6:00,76.07156874,25.9643764,4.622142465,1509.25863,54.80780679,77.14252071,25.30906246
2023/5/13 7:00,75.83167536,25.86341345,4.543038866,1508.571699,54.77950701,76.74700944,25.48835909
2023/5/13 8:00,76.1879785,25.98342156,4.558546173,1513.059396,54.89344661,76.63563188,25.6192836
2023/5/13 9:00,76.10056768,25.97431528,4.604443446,1509.420441,54.81331413,77.00103427,25.40368352
2023/5/13 10:00,77.05907398,26.28848072,4.605527381,1525.758802,55.14829496,76.31782552,25.99010575
2023/5/13 11:00,76.9738642,26.26224209,4.629116199,1524.315529,55.10296245,76.59518653,25.82104438
2023/5/13 12:00,77.06802798,26.30182215,4.626014734,1524.456718,55.09832764,76.41904487,25.97126374
2023/5/13 13:00,76.99820862,26.26637336,4.584251721,1525.226873,55.17185361,76.31490723,25.96433036
2023/5/13 14:00,75.64673474,25.80972406,4.575018868,1503.999789,54.70171906,77.27242915,25.15533045
2023/5/13 15:00,75.94640117,25.91577978,4.589387572,1508.828971,54.78926425,77.13099307,25.29343671
2023/5/13 16:00,75.97236158,25.94276523,4.628085561,1506.953762,54.74813926,77.38184564,25.17235598
2023/5/13 17:00,75.88853608,25.90480235,4.607210504,1506.369598,54.71124172,77.28807772,25.2263404
2023/5/13 18:00,76.15940853,25.98039211,4.574953131,1511.399247,54.87145215,76.96404801,25.43659305
2023/5/13 19:00,76.60114278,26.13535823,4.575012453,1518.63493,54.9895102,76.56816512,25.77664891
2023/5/13 20:00,76.18550864,25.98764863,4.566060232,1512.120781,54.88417217,76.87685526,25.51327749
2023/5/13 21:00,76.26087904,26.03824375,4.653083763,1511.515046,54.7860881,77.3810376,25.27839024
2023/5/13 22:00,76.70975895,26.1747314,4.599393424,1520.240024,55.0162503,76.73823175,25.70440616
2023/5/13 23:00,75.31076634,25.72608275,4.650391375,1495.45251,54.49428527,78.16190532,24.61627968
2023/5/14 0:00,76.37453729,26.06494367,4.594427273,1514.159878,54.88579644,76.95519545,25.52410458
2023/5/14 1:00,75.80477536,25.86555028,4.576875955,1506.69544,54.73126743,77.32147835,25.18526106
2023/5/14 2:00,75.51604944,25.75084469,4.529711696,1503.301436,54.70401681,77.2892272,25.13638988
2023/5/14 3:00,75.45206823,25.73096148,4.529592662,1501.850667,54.67488254,77.36015289,25.08210158
2023/5/14 4:00,76.75363499,26.170098,4.534651952,1523.621797,55.09513944,76.37316402,25.92012507
2023/5/14 5:00,76.32039668,26.03647353,4.585434557,1514.48774,54.90061011,77.0923319,25.43827841
2023/5/14 6:00,76.45521128,26.08926564,4.603590042,1515.619511,54.91793002,77.11083987,25.45378219
2023/5/14 7:00,76.40599937,26.07688364,4.620904415,1514.578403,54.87470125,77.26612048,25.36529309
2023/5/14 8:00,76.67126991,26.15963455,4.588353148,1518.815338,55.01538117,76.86673977,25.64354181
2023/5/14 9:00,76.61896875,26.13992645,4.602383368,1517.891395,54.93508497,76.95765329,25.61349476
2023/5/14 10:00,76.05078777,25.94627059,4.57832735,1509.903929,54.82109393,77.32361281,25.24673171
2023/5/14 11:00,76.369299,26.04285205,4.543927066,1516.833264,54.96656136,76.87761402,25.56503597
2023/5/14 12:00,76.39973336,26.07101536,4.599095179,1514.183588,54.86436711,77.15135884,25.44998698
2023/5/14 13:00,76.51311057,26.1015076,4.586855234,1517.656901,54.94127885,77.05437489,25.5154893
2023/5/14 14:00,75.83410303,25.86913856,4.564632719,1506.398956,54.71197711,77.43144911,25.16976465
2023/5/14 15:00,76.66977509,26.1586681,4.595014448,1519.79029,54.95911289,76.98849367,25.61647094
2023/5/14 16:00,76.50971559,26.09145402,4.555280366,1517.646148,54.95120961,76.89164589,25.61847275
2023/5/14 17:00,76.3498787,26.04118088,4.558817401,1515.236909,54.8937118,77.03954637,25.50035116
2023/5/14 18:00,77.22542509,26.35057501,4.600612968,1528.215638,55.14040961,76.64170376,25.92141651
2023/5/14 19:00,76.16509177,25.97372552,4.554094744,1512.319952,54.86047605,77.20670491,25.3543417
2023/5/14 20:00,75.82340028,25.87478216,4.571806204,1506.334371,54.70556437,77.56912083,25.0985603
2023/5/14 21:00,76.20346897,25.98665096,4.533157163,1513.749796,54.87777577,77.0570084,25.45546086
2023/5/14 22:00,75.49747331,25.76547007,4.584707407,1501.209153,54.57066818,77.95608353,24.81565213
2023/5/14 23:00,75.62898162,25.79478862,4.557150381,1503.729628,54.67749506,77.73279103,24.95014198
2023/5/15 0:00,76.4287431,26.05492539,4.519582068,1517.344145,54.99601417,76.90105616,25.57444704
2023/5/15 1:00,76.56964841,26.12427825,4.583561043,1517.668868,54.92606511,77.16095525,25.49674574
2023/5/15 2:00,76.7615926,26.17566006,4.555676707,1522.49959,55.0652178,76.91976901,25.6469399
2023/5/15 3:00,76.5706317,26.12574645,4.591883256,1517.914728,54.93679044,77.25211562,25.44938036
2023/5/15 4:00,76.25069723,26.01251146,4.564928601,1512.891934,54.84958056,77.36860241,25.30736225
2023/5/15 5:00,76.95571743,26.25475394,4.577257372,1523.202091,55.06290279,76.8539041,25.76659642
2023/5/15 6:00,76.73578694,26.18069496,4.585374243,1520.67004,54.97999808,77.11258047,25.57438925
2023/5/15 7:00,75.7168164,25.8343206,4.561975662,1503.475572,54.66995025,77.73958321,24.99452146
2023/5/15 8:00,76.3551097,26.04299463,4.554650265,1515.026305,54.9050164,77.29819249,25.37315821
2023/5/15 9:00,76.90756825,26.23672444,4.58729752,1523.843502,55.02166856,77.04113393,25.66512228
2023/5/15 10:00,75.42608622,25.73142471,4.535545244,1500.305436,54.59749117,77.87633056,24.84604936
2023/5/15 11:00,76.56065503,26.10873557,4.544469105,1518.059554,54.92912273,77.03028148,25.59551648
2023/5/15 12:00,76.41402738,26.0734018,4.591975909,1515.503966,54.88791844,77.54411915,25.25373585
2023/5/15 13:00,76.85786141,26.20992199,4.560362175,1523.263604,55.03699542,76.97152775,25.68759226
2023/5/15 14:00,75.88936289,25.87083945,4.524004979,1509.266113,54.75085411,77.51121689,25.17523262
2023/5/15 15:00,75.42934314,25.71720763,4.513104028,1502.072243,54.62828156,77.82526436,24.8967055
2023/5/15 16:00,76.16627461,25.98231243,4.569460871,1511.405448,54.78249586,77.59843606,25.20472145
2023/5/15 17:00,75.62587051,25.77329868,4.493639341,1505.911792,54.69469306,77.55235505,25.09233927
2023/5/15 18:00,76.42241515,26.0554269,4.528516622,1517.829712,54.91242811,77.1824026,25.48965923
2023/5/15 19:00,75.53893319,25.75451813,4.519818245,1503.657014,54.63852518,77.82806312,24.9341253
2023/5/15 20:00,76.05653775,25.92873164,4.514141088,1511.285891,54.8129705,77.39581571,25.28168784
2023/5/15 21:00,77.26743878,26.36936331,4.635240669,1527.553102,55.06300341,77.2434909,25.67145985
2023/5/15 22:00,77.15282001,26.32321358,4.581141525,1526.723638,55.0688199,76.98296744,25.78502925
2023/5/15 23:00,75.71441248,25.84108794,4.592659399,1504.080467,54.62308172,78.23221452,24.7513489
2023/5/16 0:00,75.31481395,25.69618064,4.572489127,1498.652696,54.50729828,78.43680197,24.55402739
2023/5/16 1:00,75.77560808,25.8516463,4.563509724,1505.754633,54.67329146,78.00770351,24.89289763
2023/5/16 2:00,75.43349066,25.73246483,4.545295076,1500.000402,54.56517561,78.18382888,24.71700206
2023/5/16 3:00,76.12653784,25.96817052,4.577136743,1512.139506,54.75525588,77.86995018,25.06029431
2023/5/16 4:00,76.66232942,26.14843684,4.562673528,1519.274025,54.92760992,77.31874487,25.49948402
2023/5/16 5:00,76.22234214,26.01662625,4.610507959,1512.179962,54.76469682,78.04236818,24.98782786
2023/5/16 6:00,76.73436429,26.16482552,4.553062211,1521.522818,54.98320156,77.2788471,25.5288379
2023/5/16 7:00,76.58998375,26.13567481,4.609159228,1518.050914,54.89556437,77.81443137,25.19329916
2023/5/16 8:00,76.18056501,25.97856796,4.556098269,1513.456959,54.77994967,77.75704015,25.15305582
2023/5/16 9:00,75.75957953,25.85750668,4.59660937,1504.492291,54.604151,78.33997525,24.73326118
2023/5/16 10:00,75.97217716,25.90372118,4.533194667,1509.699069,54.75776234,77.82016906,25.04987577
2023/5/16 11:00,76.64273306,26.13787035,4.574291495,1520.671306,54.92378035,77.57529193,25.3573459
2023/5/16 12:00,76.5542409,26.10163706,4.550234901,1518.190256,54.91613198,77.47328605,25.38818994
2023/5/16 13:00,76.37538551,26.04643758,4.565292245,1515.306321,54.84697109,77.76711997,25.19077767
2023/5/16 14:00,75.68906014,25.80648125,4.520262139,1505.463477,54.67719923,78.00517872,24.89834176
2023/5/16 15:00,76.29014847,26.02457564,4.578620239,1513.926019,54.81880391,77.95767218,25.04791008
2023/5/16 16:00,76.3872755,26.04752683,4.531551174,1517.029496,54.88007646,77.55802491,25.29788013
2023/5/16 17:00,76.64661024,26.11756585,4.510257904,1522.124946,54.97393939,77.2307545,25.56001168
2023/5/16 18:00,75.89435133,25.86064964,4.479953483,1510.66499,54.79531479,77.66479398,25.11876241
2023/5/16 19:00,75.52475296,25.72541409,4.461438364,1505.715409,54.66031121,77.84088842,24.95135424
2023/5/16 20:00,76.62034995,26.12041658,4.538788451,1519.152192,54.95040669,77.50100084,25.39389518
2023/5/16 21:00,77.09594538,26.28871013,4.563461341,1526.287008,55.05637569,77.27948104,25.63778321
2023/5/16 22:00,76.70108235,26.15429253,4.548462233,1520.788102,54.93293456,77.45717682,25.45440134
2023/5/16 23:00,75.83089625,25.85722884,4.528881403,1507.393449,54.68480265,78.07364826,24.91110895
2023/5/17 0:00,76.65390095,26.14696921,4.580036239,1519.671361,54.91145079,77.80538357,25.2478665
2023/5/17 1:00,76.51119665,26.0940519,4.555560307,1518.269144,54.89668872,77.76079832,25.2360235
2023/5/17 2:00,75.86939598,25.88221259,4.55538037,1507.753261,54.65539004,78.21422238,24.85443213
2023/5/17 3:00,76.06102515,25.93810374,4.547777411,1510.031584,54.71378928,78.06438013,24.99397231
2023/5/17 4:00,76.31495536,26.03582198,4.574958555,1514.31443,54.78326856,78.05690379,25.04240663
2023/5/17 5:00,76.32594592,26.02627122,4.546030417,1515.527976,54.82087248,77.8372545,25.16821267
2023/5/17 6:00,77.23278495,26.35074759,4.61345248,1527.826967,55.06423219,77.64037008,25.49040996
2023/5/17 7:00,77.50267278,26.43544921,4.582546285,1532.771931,55.18772242,77.22899989,25.76758566
2023/5/17 8:00,76.50213483,26.09030304,4.554902986,1517.664208,54.8336537,77.80754702,25.24668688
2023/5/17 9:00,76.30327698,26.02152268,4.545724491,1515.001379,54.8168039,77.96053573,25.09911633
2023/5/17 10:00,76.57923633,26.11938438,4.55999894,1518.838302,54.88263004,77.84505938,25.22280629
2023/5/17 11:00,75.87050471,25.88511843,4.568819861,1506.913285,54.638537,78.46229986,24.73305173
2023/5/17 12:00,75.76256898,25.84621696,4.56997615,1505.004543,54.61550028,78.59127765,24.62459657
2023/5/17 13:00,76.73759923,26.17580514,4.567712119,1520.982283,54.9217809,77.79925772,25.30018544
2023/5/17 14:00,76.45072348,26.06879307,4.547938964,1517.179389,54.8085655,77.88173104,25.20938398
2023/5/17 15:00,76.76228848,26.16702339,4.532983969,1523.336053,54.98579126,77.63932205,25.38423662
2023/5/17 16:00,76.16275988,25.98101061,4.55274587,1512.160584,54.76549957,78.22102431,24.92125854
2023/5/17 17:00,75.74583233,25.82892797,4.546217258,1506.513313,54.6276137,78.53024467,24.66807109
2023/5/17 18:00,76.15263282,25.96008087,4.505211701,1513.312893,54.79001294,77.92399637,25.10538348
2023/5/17 19:00,76.29741095,26.04210432,4.602910937,1512.526478,54.73910531,78.46312785,24.83969165
2023/5/17 20:00,75.96364153,25.89019556,4.486731545,1510.811996,54.73833899,77.95667466,25.04390576
2023/5/17 21:00,76.54521343,26.10651246,4.557220321,1518.106487,54.86815586,77.98949055,25.15575924
2023/5/17 22:00,75.94394051,25.90140574,4.534072804,1508.364916,54.65577266,78.27747398,24.8930741
2023/5/17 23:00,76.93515869,26.2462908,4.596641275,1523.852518,54.93820981,77.95349826,25.29014032
2023/5/18 0:00,75.92731194,25.87879676,4.495901545,1510.305933,54.70932833,78.11058247,24.95687621
2023/5/18 1:00,75.62217025,25.78466429,4.525515094,1503.857452,54.55068773,78.52899637,24.67916502
2023/5/18 2:00,76.08175411,25.94537415,4.53916897,1510.827117,54.70221385,78.26981203,24.92520134
2023/5/18 3:00,76.09289917,25.95855623,4.570996585,1509.832279,54.70649368,78.55323772,24.75002361
2023/5/18 4:00,76.33167329,26.01831292,4.529152175,1516.028234,54.78398086,78.04697789,25.10466497
2023/5/18 5:00,75.99595727,25.92494823,4.566592836,1509.026722,54.64309959,78.55694888,24.74699288
2023/5/18 6:00,76.35379128,26.03200193,4.530682672,1515.746584,54.80394188,78.08724804,25.08175451
2023/5/18 7:00,76.18500614,25.98691431,4.561224972,1512.797292,54.73733408,78.43814858,24.84705498
2023/5/18 8:00,76.38011643,26.06231091,4.602834814,1513.292271,54.74519386,78.57585942,24.8214291
2023/5/18 9:00,76.48878114,26.06189784,4.488010928,1519.968804,54.93686566,77.80593213,25.23582087
2023/5/18 10:00,75.49885495,25.73314578,4.487091312,1503.234389,54.57551781,78.54329325,24.62920524
2023/5/18 11:00,75.97060461,25.92865939,4.606758885,1506.856021,54.59593517,78.93582042,24.53911848
2023/5/18 12:00,76.34021171,26.02461912,4.521702094,1516.160897,54.82167103,78.18042356,25.01765509
2023/5/18 13:00,75.99646574,25.93480297,4.588845924,1509.114376,54.62091982,78.82999381,24.60213428
2023/5/18 14:00,76.69142417,26.14055412,4.511293885,1521.246258,54.93021483,77.79710446,25.33138156
2023/5/18 15:00,76.5481785,26.10029348,4.55072464,1518.75336,54.87438887,78.21537844,25.06318814
2023/5/18 16:00,76.25810951,25.99725212,4.51437663,1514.72739,54.79179096,78.1782002,25.01932485
2023/5/18 17:00,76.738628,26.17521602,4.568906927,1521.040357,54.8844013,78.22216872,25.11298622
2023/5/18 18:00,77.14208354,26.29008941,4.527869099,1528.75259,55.06765169,77.60589458,25.54703151
2023/5/18 19:00,76.79649644,26.18431441,4.529228459,1523.591171,54.95083598,77.87969347,25.3123976
2023/5/18 20:00,75.6262181,25.79372859,4.53932438,1503.091295,54.52030756,78.85509892,24.53191104
2023/5/18 21:00,76.06366397,25.92681466,4.505091136,1512.599653,54.74323571,78.37544045,24.86303826
2023/5/18 22:00,76.12339666,25.94297651,4.487290773,1513.253137,54.78666546,78.23048869,24.95193462
2023/5/18 23:00,76.68579905,26.16346359,4.599367862,1518.467108,54.82416805,78.51175032,24.96031393
2023/5/19 0:00,76.39711446,26.05649757,4.565162483,1514.905506,54.74643765,78.47241384,24.92816131
2023/5/19 1:00,76.44242424,26.047794,4.486326331,1517.798099,54.88235627,78.00363454,25.16132318
2023/5/19 2:00,75.90381986,25.8556572,4.457270209,1511.012842,54.72563737,78.25844559,24.89344956
2023/5/19 3:00,76.56656977,26.10131105,4.537765952,1519.402612,54.87739351,78.30103286,25.02586875
2023/5/19 4:00,76.05846954,25.91485798,4.483326292,1513.177048,54.75776745,78.34692343,24.88322855
2023/5/19 5:00,76.22206827,25.99776417,4.561921952,1512.692969,54.71686684,78.71168191,24.74102279
2023/5/19 6:00,76.55280124,26.09029673,4.496643115,1520.26114,54.88704189,78.02223579,25.19225475
2023/5/19 7:00,76.35064263,26.05019963,4.580481218,1513.895775,54.70252734,78.72063659,24.79075014
2023/5/19 8:00,77.06358814,26.27490751,4.541722071,1527.141444,54.99534935,77.94984866,25.3575418
2023/5/19 9:00,76.66991972,26.13647399,4.537152411,1520.523508,54.89667976,78.25682179,25.09769165
2023/5/19 10:00,76.80541912,26.19809498,4.578157464,1521.202075,54.88059833,78.42481199,25.04326249
2023/5/19 11:00,76.35205587,26.01324383,4.486930381,1517.277355,54.82579493,78.19791197,25.06172502
2023/5/19 12:00,77.06511224,26.28390133,4.579177501,1525.696826,54.9618687,78.23611101,25.20924213
2023/5/19 13:00,76.28549823,25.99799197,4.501286261,1516.215863,54.7787989,78.33280702,24.97515948
2023/5/19 14:00,76.14714814,25.97884737,4.568506451,1511.645225,54.6627872,78.89863395,24.63915549
2023/5/19 15:00,76.27000682,26.00582355,4.530699983,1514.86244,54.76411703,78.60417116,24.81127076
2023/5/19 16:00,76.65858365,26.141725,4.540699083,1520.079634,54.82754444,78.32461878,25.08606177
2023/5/19 17:00,77.18637858,26.30125943,4.504107432,1529.734844,55.07912677,77.72337439,25.51550269
2023/5/19 18:00,76.8196563,26.1798916,4.505499881,1524.198457,54.9617969,78.01288736,25.27368481
2023/5/19 19:00,75.71819899,25.8088161,4.505763346,1506.574063,54.59870355,78.90316253,24.53664183
2023/5/19 20:00,75.90368449,25.88408721,4.525320308,1508.58754,54.60800195,78.86979006,24.61379809
2023/5/19 21:00,77.54692292,26.44786145,4.578802744,1533.267399,55.09780268,77.97063085,25.48323697
2023/5/19 22:00,76.44843542,26.05366819,4.505374441,1517.967007,54.84474728,78.39300548,24.98366565
2023/5/19 23:00,76.04704851,25.93908843,4.542954767,1509.846248,54.61803073,78.87737491,24.64982855
2023/5/20 0:00,75.48070934,25.72833018,4.484641067,1502.785892,54.50840854,78.98702704,24.4530033
2023/5/20 1:00,76.6663088,26.13406726,4.519731437,1520.654291,54.85792768,78.29516887,25.117839
2023/5/20 2:00,77.07323426,26.28299426,4.560614499,1525.805925,54.95037617,78.294091,25.210978
2023/5/20 3:00,76.63852235,26.14170522,4.57899146,1519.191013,54.81390113,78.78043047,24.8356292
2023/5/20 4:00,76.34448799,26.02773916,4.518832238,1515.31421,54.73650898,78.56425327,24.89666599
2023/5/20 5:00,76.01386496,25.91090552,4.513011645,1511.124343,54.64789164,78.80043694,24.6952329
2023/5/20 6:00,76.23729811,25.98019143,4.481752699,1515.860839,54.75112298,78.45127285,24.92428457
2023/5/20 7:00,77.04292608,26.26213239,4.525790136,1527.661292,55.00748804,78.17152484,25.24807461
2023/5/20 8:00,76.6798647,26.15536653,4.572156262,1519.376725,54.79460531,78.70085982,24.90400766
2023/5/20 9:00,75.63272451,25.77583413,4.479199313,1505.382709,54.56866237,78.93494678,24.52021762
2023/5/20 10:00,75.93055586,25.90238546,4.559208073,1508.272843,54.57179919,79.2421264,24.43004751
2023/5/20 11:00,76.61814004,26.11573523,4.504628274,1520.781724,54.87694973,78.3810329,25.04850429
2023/5/20 12:00,75.75247657,25.82644272,4.52303165,1506.052184,54.55115301,79.18518001,24.41942503
2023/5/20 13:00,75.69192799,25.80727883,4.534453729,1504.81097,54.50890699,79.31083028,24.34486474
2023/5/20 14:00,76.48922705,26.08147836,4.550846707,1517.139896,54.76306045,78.82473899,24.79434373
2023/5/20 15:00,76.23426274,25.99055367,4.518115177,1514.621821,54.73349506,78.84590134,24.71085587
2023/5/20 16:00,76.25023724,25.99713158,4.518105802,1513.876652,54.72420261,78.80682735,24.74662208
2023/5/20 17:00,76.52137611,26.08896962,4.560758236,1518.436154,54.76012368,78.90089631,24.76813754
2023/5/20 18:00,76.14519109,25.95522271,4.513150175,1512.393026,54.6874057,78.89379129,24.67900898
2023/5/20 19:00,76.34946018,26.03230787,4.533397734,1515.622978,54.74329316,78.89276954,24.72232329
2023/5/20 20:00,76.03972864,25.90295027,4.460220739,1513.347441,54.70916531,78.65295667,24.78068085
2023/5/20 21:00,75.94459967,25.90648362,4.540046022,1507.881898,54.57978686,79.21953942,24.46478112
2023/5/20 22:00,76.60871859,26.15475886,4.629427045,1515.476385,54.69054107,79.28099948,24.60302561
2023/5/20 23:00,76.26865579,25.9829024,4.464056277,1516.199614,54.77906523,78.52990633,24.90244667
2023/5/21 0:00,75.74139132,25.83333388,4.536181315,1504.404065,54.50288939,79.36399733,24.3508719
2023/5/21 1:00,76.0974552,25.94113427,4.51183254,1512.1529,54.66671422,78.98832791,24.62235037
2023/5/21 2:00,76.46833831,26.05488255,4.478474324,1518.985271,54.83391454,78.48047941,24.97765167
2023/5/21 3:00,76.36638543,26.04021869,4.541511915,1515.719643,54.72707057,78.99257756,24.68643548
2023/5/21 4:00,75.73699068,25.84034895,4.566812887,1504.443851,54.45278173,79.60312882,24.23561046
2023/5/21 5:00,75.81367809,25.84908416,4.523868995,1507.217715,54.55273085,79.32779246,24.3850948
2023/5/21 6:00,76.44787096,26.07045059,4.542150742,1516.324802,54.72897189,78.93597966,24.74960242
2023/5/21 7:00,76.41086849,26.02364764,4.443525832,1519.661657,54.86703525,78.41068996,24.9991183
2023/5/21 8:00,75.73542657,25.81585174,4.496710793,1506.246375,54.57624655,79.29176352,24.37525843
2023/5/21 9:00,75.19174124,25.64896144,4.539737349,1496.950923,54.32439195,79.97273976,23.89627149
2023/5/21 10:00,76.13309455,25.95215122,4.517611637,1513.011642,54.66465436,79.09915775,24.58634565
2023/5/21 11:00,76.00610866,25.92665353,4.571436251,1508.830332,54.51994599,79.50247607,24.3792705
2023/5/21 12:00,75.97005649,25.89172118,4.479002226,1511.251423,54.68420402,79.04792566,24.55856492
2023/5/21 13:00,76.5670595,26.10647819,4.543129576,1518.980268,54.78745173,78.99664327,24.74250958
2023/5/21 14:00,75.86945511,25.87123317,4.546123707,1508.022362,54.55898376,79.54954078,24.28201987
2023/5/21 15:00,76.19786301,25.98258644,4.529713785,1512.277434,54.6698239,79.19319006,24.55673374
2023/5/21 16:00,76.18372609,25.95185401,4.458115393,1515.370634,54.76746485,78.76127109,24.76823188
2023/5/21 17:00,76.94258046,26.22116138,4.511003774,1525.647041,54.94121237,78.54079603,25.07857508
2023/5/21 18:00,77.15108106,26.31729771,4.579269956,1526.110005,54.91768236,78.77732288,25.01465524
2023/5/21 19:00,76.00478435,25.90521581,4.493979583,1511.763985,54.66187193,79.17175532,24.50842749
2023/5/21 20:00,75.74906204,25.83915933,4.54842162,1505.267354,54.51638797,79.72820455,24.15423722
2023/5/21 21:00,75.43514712,25.71904715,4.502671781,1501.527964,54.45625232,79.67676767,24.11170369
2023/5/21 22:00,75.49399317,25.73786799,4.497406782,1502.875614,54.45608886,79.58888798,24.19344218
2023/5/21 23:00,75.78268849,25.8246631,4.48114658,1508.542417,54.58407786,79.28174716,24.41523773
2023/5/22 0:00,76.63203493,26.10969265,4.489532139,1520.501018,54.84698232,78.69721544,24.94221607
2023/5/22 1:00,76.09696854,25.94318055,4.52612546,1512.139766,54.63587182,79.36132118,24.45722834
2023/5/22 2:00,75.72010503,25.79273715,4.458923861,1507.738568,54.58048217,79.22846589,24.44023945
2023/5/22 3:00,76.14606854,25.96563103,4.535300829,1511.929196,54.66061831,79.45024702,24.39738416
2023/5/22 4:00,76.25526993,25.98737277,4.471119926,1514.703202,54.71163316,78.83081066,24.80069491
2023/5/22 5:00,76.8309106,26.18001114,4.480428269,1524.074222,54.89988671,78.50233864,25.09496695
2023/5/22 6:00,75.98795743,25.89425531,4.462095047,1511.384691,54.65048317,79.05068603,24.5929647
2023/5/22 7:00,76.76893518,26.19783182,4.602047444,1519.202234,54.73184249,79.34404511,24.65303528
2023/5/22 8:00,76.19951713,25.98648844,4.548906204,1512.49895,54.61791636,79.45810365,24.45552746
2023/5/22 9:00,76.59815597,26.11306484,4.538456827,1519.473374,54.77743808,79.14858875,24.69431628
2023/5/22 10:00,75.94565185,25.87383273,4.489288724,1510.435464,54.62129314,79.34182787,24.43241408
2023/5/22 11:00,76.85382692,26.20630886,4.563952348,1523.077233,54.84872656,79.14015815,24.75696778
2023/5/22 12:00,76.87944499,26.20539003,4.517680043,1524.635687,54.89647069,78.81556953,24.93371682
2023/5/22 13:00,75.90094523,25.86266835,4.4679117,1510.539155,54.62128851,79.23391755,24.48307996
2023/5/22 14:00,76.23850066,26.00982809,4.563398108,1512.388049,54.63815561,79.64564808,24.34316572
2023/5/22 15:00,76.11908834,25.96266233,4.568069769,1510.260288,54.56438987,79.72534873,24.29469546
2023/5/22 16:00,75.63535171,25.77422116,4.47522679,1506.155929,54.52448435,79.55377276,24.253655
2023/5/22 17:00,76.20810745,25.98839046,4.533545009,1512.418809,54.62655967,79.4396058,24.45998507
2023/5/22 18:00,75.99478857,25.91484757,4.535771158,1509.05649,54.56002533,79.64609368,24.29980067
2023/5/22 19:00,75.86951053,25.88022265,4.558608829,1506.635769,54.48491097,79.87741937,24.15727844
2023/5/22 20:00,75.92972121,25.88306628,4.502720672,1509.944392,54.58936703,79.5447506,24.33401924
2023/5/22 21:00,76.70628446,26.13074756,4.494574821,1522.589347,54.82648673,78.84758969,24.9124987
2023/5/22 22:00,75.78156507,25.83180401,4.513460767,1507.236534,54.50942884,79.69839949,24.23517608
2023/5/22 23:00,76.26085012,25.99292868,4.502923971,1514.895216,54.69187475,79.30155067,24.54676875
2023/5/23 0:00,75.79682017,25.84675492,4.523589758,1506.675223,54.50001816,79.7695178,24.19069828
2023/5/23 1:00,76.0359323,25.92075331,4.50595984,1511.338153,54.61953382,79.511481,24.37465401
2023/5/23 2:00,75.75177567,25.82310498,4.511007257,1506.190354,54.50533542,79.7736476,24.18796474
2023/5/23 3:00,75.54159772,25.74618947,4.489451459,1502.648965,54.42893095,79.74939398,24.16422299
2023/5/23 4:00,75.94873078,25.90452372,4.546741847,1508.029261,54.52241532,79.83243428,24.21228618
2023/5/23 5:00,76.3241332,25.99025261,4.430643117,1518.849167,54.78348332,78.85678545,24.79668369
2023/5/23 6:00,76.04437561,25.95177616,4.603678316,1508.148403,54.48325333,80.16081166,24.06951201
2023/5/23 7:00,75.65621238,25.7715946,4.463120901,1506.543343,54.50638285,79.60665737,24.250204
2023/5/23 8:00,76.20183933,25.98267324,4.531632123,1513.986563,54.65006864,79.63471902,24.34463254
2023/5/23 9:00,76.69754201,26.14062479,4.496254043,1522.31878,54.83561485,79.03441441,24.80376273
2023/5/23 10:00,76.74344032,26.1588513,4.529516028,1520.746589,54.78835706,79.16288034,24.76224582
2023/5/23 11:00,77.0996139,26.28995722,4.551072617,1526.463259,54.8742501,79.01897714,24.93800029
2023/5/23 12:00,76.02439379,25.9098164,4.489847745,1510.807807,54.63250495,79.53519313,24.37208314
2023/5/23 13:00,76.86252737,26.21167817,4.564099031,1522.486477,54.76448626,79.28898161,24.751395
2023/5/23 14:00,76.23761562,25.97748507,4.481667404,1515.668346,54.69841679,79.32493216,24.53183141
2023/5/23 15:00,75.66333693,25.77689745,4.477476385,1506.228895,54.49799936,79.77131075,24.17259061
2023/5/23 16:00,76.57711899,26.10430187,4.522003191,1519.97605,54.75355867,79.30944151,24.64729852
2023/5/23 17:00,75.85350123,25.85787694,4.501610055,1508.903826,54.53201144,79.74098728,24.24167154
2023/5/23 18:00,76.1470828,25.95955951,4.487718309,1512.652592,54.63811204,79.45552906,24.45401256
2023/5/23 19:00,76.58124197,26.10527995,4.508894358,1519.3216,54.76376453,79.25232017,24.68785023
2023/5/23 20:00,75.6421283,25.76992763,4.446214809,1505.835919,54.52983776,79.59561818,24.26659056
2023/5/23 21:00,76.04100063,25.90850138,4.486218633,1512.134459,54.65955283,79.62923286,24.3185127
2023/5/23 22:00,75.88954223,25.84670165,4.427923351,1510.653734,54.59245328,79.26568721,24.52087024
2023/5/23 23:00,76.27705129,25.99763731,4.507859147,1514.521509,54.63220803,79.48963739,24.50681472
2023/5/24 0:00,76.91155921,26.21247375,4.515021142,1524.489538,54.84463261,79.08722006,24.85980661
2023/5/24 1:00,75.2384251,25.64131389,4.471865507,1499.41003,54.35034503,80.12628464,23.89657437
2023/5/24 2:00,75.35170004,25.67755853,4.478584086,1500.968037,54.39893313,80.12418507,23.92183023
2023/5/24 3:00,76.39767041,26.04580713,4.523477911,1516.702017,54.69438858,79.61980442,24.43751956
2023/5/24 4:00,75.8480998,25.83429802,4.470581505,1509.958508,54.56408253,79.68569394,24.27614438
2023/5/24 5:00,76.26391637,25.99759894,4.517437992,1513.622932,54.61607641,79.61570505,24.43896103
2023/5/24 6:00,76.13225386,25.9423173,4.464557145,1514.021167,54.62292085,79.36785303,24.53841489
2023/5/24 7:00,76.87636969,26.19242388,4.498854574,1525.407181,54.86767235,79.10011739,24.84215996
2023/5/24 8:00,76.46661727,26.0601075,4.50258141,1517.987528,54.71587952,79.41012257,24.5870639
2023/5/24 9:00,76.12371876,25.93404161,4.470391001,1513.39835,54.64376761,79.52559719,24.43041622
2023/5/24 10:00,76.6249346,26.10573602,4.485589366,1521.109884,54.77132535,79.21632518,24.73981566
2023/5/24 11:00,75.92101049,25.89286527,4.548332555,1507.631568,54.47386128,80.16125348,24.05541992
2023/5/24 12:00,76.20522537,25.96685363,4.463412096,1515.376088,54.66515257,79.41003891,24.52451388
2023/5/24 13:00,76.27044552,26.00766665,4.539391536,1513.365745,54.59779955,79.85600864,24.3023183
2023/5/24 14:00,76.27973286,26.00046145,4.509703776,1515.262295,54.6541177,79.69502055,24.37836505
2023/5/24 15:00,76.24181963,25.99137293,4.527919078,1513.531075,54.61214146,79.81840965,24.32642344
2023/5/24 16:00,76.93093233,26.22865327,4.534666389,1523.754631,54.8584844,79.38251403,24.69661593
2023/5/24 17:00,76.24249956,25.98020237,4.491751546,1514.555929,54.66527505,79.62668585,24.40133096
2023/5/24 18:00,76.52059654,26.07217742,4.48206408,1520.144123,54.7390176,79.31887919,24.6600068
2023/5/24 19:00,76.3091096,26.01402339,4.513831669,1514.479683,54.62594459,79.6922098,24.41780869
2023/5/24 20:00,75.6049288,25.7714145,4.507701468,1503.856777,54.41842695,80.26383621,23.92973671
2023/5/24 21:00,75.99957753,25.89569469,4.47587977,1510.902149,54.56485216,79.71840428,24.32344667
2023/5/24 22:00,76.23602027,25.98851188,4.518382581,1512.892502,54.60064874,79.78960897,24.34283748
2023/5/24 23:00,76.68496436,26.15605979,4.54746108,1519.284234,54.73416588,79.68516716,24.50063549
2023/5/25 0:00,75.64611021,25.78243682,4.487851484,1504.881905,54.42962208,80.07694761,24.05463323
2023/5/25 1:00,76.41450443,26.05290105,4.529191591,1515.693663,54.65888945,79.79739373,24.37492
2023/5/25 2:00,77.27761959,26.35669597,4.558721135,1528.623195,54.90535619,79.29806526,24.86339135
2023/5/25 3:00,75.49487506,25.73349941,4.483413734,1502.790397,54.40685357,80.20404268,23.9410681
2023/5/25 4:00,76.57408991,26.09962282,4.51565069,1519.272197,54.7395322,79.61163264,24.52126458
2023/5/25 5:00,76.0483293,25.94022317,4.553792607,1510.104048,54.52536564,80.29491619,24.01935002
2023/5/25 6:00,76.35844722,26.01031669,4.45253636,1518.512154,54.70819832,79.35445383,24.61508401
2023/5/25 7:00,76.42857759,26.0548505,4.512143506,1516.519624,54.67758557,79.72351812,24.4258332
2023/5/25 8:00,77.17625373,26.30429953,4.515869633,1529.053284,54.918438,79.17134911,24.91387161
2023/5/25 9:00,75.73332137,25.82369178,4.533517564,1505.455769,54.43177659,80.42894207,23.8900382
2023/5/25 10:00,76.20401244,25.98472735,4.536768295,1513.332194,54.59189694,80.10259855,24.15946755
2023/5/25 11:00,76.81870981,26.18771825,4.538958611,1521.778823,54.76708986,79.6508273,24.56917669
2023/5/25 12:00,75.38702203,25.68885404,4.471333204,1501.96982,54.38494067,80.32542333,23.85045394
2023/5/25 13:00,75.84657802,25.84581708,4.477776834,1508.9809,54.51662233,80.00697245,24.14728256
2023/5/25 14:00,77.00174157,26.25612017,4.537549586,1524.345514,54.81509741,79.46157633,24.7226974
2023/5/25 15:00,75.75445358,25.81775161,4.48337955,1506.723345,54.45336039,80.08319817,24.10112245
2023/5/25 16:00,76.37700705,26.03295913,4.502468037,1516.30541,54.66785209,79.79008479,24.38407327
2023/5/25 17:00,74.72839731,25.48962457,4.524698786,1489.496487,54.08638466,81.1820952,23.25504285
2023/5/25 18:00,75.5976027,25.78027917,4.544005306,1503.34441,54.34789308,80.66447397,23.74598621
2023/5/25 19:00,75.78723139,25.83360786,4.507461221,1505.628085,54.42220769,80.23630915,24.0372823
2023/5/25 20:00,76.28227632,25.99720348,4.514412071,1515.146668,54.63200397,80.0084669,24.24219213
2023/5/25 21:00,75.92036289,25.88028262,4.528779788,1508.902384,54.48424948,80.34031456,23.99839015
2023/5/25 22:00,76.38395894,26.04675527,4.53657304,1515.406759,54.60076979,80.0199592,24.2878045
2023/5/25 23:00,76.05904531,25.92095781,4.500214659,1510.973132,54.53356834,80.03946486,24.20978914
2023/5/26 0:00,76.01604997,25.92245368,4.52410282,1509.108838,54.47776794,80.22452052,24.09721459
2023/5/26 1:00,75.84015809,25.85189254,4.491856456,1508.645613,54.48011226,80.18476234,24.05297819
2023/5/26 2:00,75.10563303,25.60509821,4.509224034,1496.410033,54.20420888,80.8529519,23.5496143
2023/5/26 3:00,76.22161153,25.95897614,4.452356807,1514.966931,54.62994202,79.65133911,24.45327578
2023/5/26 4:00,75.11514585,25.60257154,4.490932608,1497.119915,54.26861741,80.82245189,23.52535809
2023/5/26 5:00,75.55670426,25.76840073,4.538327087,1502.700463,54.31961658,80.70416602,23.73298087
2023/5/26 6:00,76.39037889,26.02522335,4.478084165,1517.419427,54.68462675,79.72823604,24.43569007
2023/5/26 7:00,76.10711901,25.9527768,4.545411979,1511.243026,54.49873354,80.36204507,24.04834971
2023/5/26 8:00,76.15016935,25.95552166,4.483308053,1513.272211,54.58610779,79.92990337,24.27996145
2023/5/26 9:00,75.29022246,25.67623905,4.531813534,1498.519347,54.26314694,80.97120386,23.50200603
2023/5/26 10:00,77.2543074,26.32503927,4.508473682,1530.196593,54.92968053,79.27686721,24.89373994
2023/5/26 11:00,76.09614939,25.94202284,4.537264983,1510.55174,54.52060152,80.36199408,24.04732726
2023/5/26 12:00,77.38034454,26.37797871,4.546101168,1530.266437,54.93383055,79.44458963,24.83719921
2023/5/26 13:00,75.50865652,25.73585041,4.466651257,1503.105318,54.40220068,80.37261585,23.8837308
2023/5/26 14:00,76.03569628,25.91985464,4.515977429,1510.742383,54.53097805,80.33245953,24.0285423
2023/5/26 15:00,76.13335872,25.95241386,4.520957412,1511.729994,54.54737387,80.28010972,24.0860131
2023/5/26 16:00,76.5020688,26.08756109,4.535915674,1517.158367,54.63261331,80.05447834,24.31261759
2023/5/26 17:00,76.39441926,26.05177742,4.55812109,1514.339647,54.57671701,80.32387095,24.13631905
2023/5/26 18:00,76.83113602,26.18048372,4.500077816,1523.613376,54.79950888,79.61174934,24.61232671
2023/5/26 19:00,76.25959876,26.01494624,4.571008729,1511.612189,54.50453479,80.50159394,24.01439896
2023/5/26 20:00,76.00107608,25.89931511,4.478342914,1511.552401,54.54232396,80.14669573,24.12966011
2023/5/26 21:00,75.69087355,25.80150178,4.506070806,1504.71755,54.43019531,80.57698519,23.81248547
2023/5/26 22:00,76.62291334,26.12258993,4.52811689,1518.786908,54.68117771,79.96076765,24.38066095
2023/5/26 23:00,74.8311714,25.50708093,4.483872745,1491.754558,54.13050737,81.09683368,23.35231473
2023/5/27 0:00,75.88520363,25.88250175,4.548722868,1507.156384,54.41883832,80.71565332,23.80566139
2023/5/27 1:00,76.19440786,25.95560484,4.468971117,1514.701436,54.60197759,79.93893861,24.305976
2023/5/27 2:00,76.27984029,26.01403796,4.548147397,1512.116802,54.51635245,80.37534345,24.1031983
2023/5/27 3:00,76.07302098,25.94338798,4.52150533,1510.456148,54.49289159,80.38307322,24.03659121
2023/5/27 4:00,76.61497535,26.13403181,4.577790054,1517.511724,54.62516824,80.3326849,24.19424663
2023/5/27 5:00,76.36420435,26.0391462,4.550528879,1515.182337,54.55505524,80.36936744,24.13140547
2023/5/27 6:00,76.34472918,26.02475889,4.518966664,1515.601851,54.61048715,80.21268739,24.18450583
2023/5/27 7:00,76.63026964,26.13524957,4.574064941,1518.256557,54.63437594,80.35315815,24.1912068
2023/5/27 8:00,76.03560392,25.92693701,4.53010278,1509.17058,54.48176469,80.51574482,23.95912288
2023/5/27 9:00,76.36017876,26.03606036,4.522113592,1514.925113,54.5905475,80.21676575,24.19426967
2023/5/27 10:00,76.11050287,25.94459585,4.496450101,1511.964913,54.54744583,80.27016344,24.10633172
2023/5/27 11:00,76.98742255,26.25652745,4.573799783,1523.538391,54.74195276,80.08670919,24.41539265
2023/5/27 12:00,76.47471267,26.07406958,4.530542495,1516.993529,54.65872522,80.26730834,24.18387556
2023/5/27 13:00,76.79657411,26.16344234,4.484364377,1524.223664,54.79597856,79.70382544,24.56945846
2023/5/27 14:00,76.52922723,26.10209691,4.564989558,1516.058429,54.59966459,80.39962305,24.13980158
2023/5/27 15:00,75.7052543,25.81562784,4.525422531,1504.687074,54.36866733,80.7777548,23.74820443
2023/5/27 16:00,76.9768976,26.23371089,4.508137946,1525.761978,54.81504594,79.70321698,24.61795677
2023/5/27 17:00,76.7927185,26.17721729,4.516926848,1523.240957,54.75147756,79.91164179,24.46614171
2023/5/27 18:00,76.28674707,26.01701214,4.550863183,1513.783051,54.53350423,80.49829302,24.04094734
2023/5/27 19:00,76.47182499,26.07428042,4.540182261,1516.988859,54.61105023,80.31596586,24.18154423
2023/5/27 20:00,75.33093108,25.67715665,4.494944555,1501.067091,54.27846419,80.94584748,23.56796637
2023/5/27 21:00,76.43088777,26.06281431,4.552230813,1516.05892,54.57797222,80.45423969,24.09762868
2023/5/27 22:00,76.00886217,25.89544227,4.473022724,1511.75497,54.53267055,80.27802599,24.09010153
2023/5/27 23:00,75.85331155,25.84348497,4.46378107,1508.980642,54.50613444,80.37356165,23.98463452
2023/5/28 0:00,77.02482255,26.2681635,4.56214845,1524.794403,54.78598823,80.10429831,24.4095835
2023/5/28 1:00,76.54381038,26.09746079,4.537515468,1517.285072,54.62906729,80.29564778,24.20990528
2023/5/28 2:00,75.56314071,25.74716556,4.470457714,1504.23327,54.38458849,80.61718614,23.80886143
2023/5/28 3:00,76.59092293,26.10225356,4.506587863,1519.010602,54.69361652,80.10156288,24.31276218
2023/5/28 4:00,76.85175474,26.21152334,4.578161345,1520.891318,54.67229144,80.35326951,24.26125808
2023/5/28 5:00,75.89783647,25.87294259,4.526504207,1507.385156,54.43895598,80.76819583,23.80183912
2023/5/28 6:00,76.06767547,25.91630624,4.468315427,1512.857274,54.52058042,80.23359505,24.14194517
2023/5/28 7:00,75.99044286,25.90123958,4.492636881,1509.97571,54.50134208,80.47328169,23.98091455
2023/5/28 8:00,76.5883163,26.10958268,4.526059513,1518.458371,54.68235721,80.26071448,24.23524905
2023/5/28 9:00,75.49964916,25.72502388,4.470381732,1502.976454,54.35841867,80.76152051,23.71031608
2023/5/28 10:00,76.63840595,26.1157283,4.49674033,1520.813971,54.70249022,80.01666205,24.37857166
2023/5/28 11:00,76.42537716,26.03602144,4.465844371,1517.72576,54.66769174,79.97467922,24.36259043
2023/5/28 12:00,76.84272984,26.19180636,4.523554189,1522.844227,54.73251949,80.04584151,24.43191144
2023/5/28 13:00,76.396737,26.03927176,4.512008199,1516.549744,54.61904664,80.33087203,24.16181131
2023/5/28 14:00,75.96892695,25.89243777,4.515303574,1509.851005,54.45334201,80.70492754,23.85731816
2023/5/28 15:00,76.69414482,26.14049723,4.521541524,1520.710615,54.70728469,80.1758318,24.32145027
2023/5/28 16:00,76.28533626,26.00512916,4.518948116,1514.110777,54.58281584,80.51169889,24.02269189
2023/5/28 17:00,75.76688982,25.84041889,4.539576345,1504.641252,54.3684041,81.02281645,23.63600861
2023/5/28 18:00,76.20191279,25.97743799,4.511424693,1512.812911,54.53737825,80.50838581,24.018134
2023/5/28 19:00,76.29549955,26.02064115,4.534539915,1514.115564,54.55549045,80.61530259,23.98014753
2023/5/28 20:00,76.55191073,26.10488357,4.548552124,1518.208672,54.58627023,80.44717086,24.16399763
2023/5/28 21:00,76.57496102,26.09161208,4.485916833,1519.260426,54.67388885,80.04444987,24.37472212
2023/5/28 22:00,76.03860248,25.94219147,4.575446723,1508.646093,54.43499838,81.08785476,23.67402942
2023/5/28 23:00,76.51467108,26.09044087,4.551808348,1516.156308,54.59076791,80.55689832,24.08097247
2023/5/29 0:00,76.28895361,25.99804461,4.494374788,1516.207483,54.60682595,80.41939453,24.08112748
2023/5/29 1:00,75.76666627,25.82483841,4.500375805,1506.888408,54.4136722,80.83272222,23.75279127
2023/5/29 2:00,76.10826483,25.94117986,4.495090847,1512.579854,54.53323211,80.53770954,23.99044821
2023/5/29 3:00,76.18482102,25.98586855,4.550294269,1511.691502,54.46463103,80.78078281,23.89753375
2023/5/29 4:00,76.74981355,26.17425131,4.565690196,1520.46259,54.65113096,80.5071527,24.16683816
2023/5/29 5:00,76.44843562,26.07269681,4.570140882,1515.491779,54.57476411,80.81723498,23.91574838
2023/5/29 6:00,76.3939151,26.0534631,4.546457398,1514.302894,54.53761791,80.61650775,24.04076257
2023/5/29 7:00,75.89599666,25.87593555,4.508819639,1507.682517,54.4041228,80.77397262,23.83170168
2023/5/29 8:00,76.7323866,26.13741369,4.485943257,1522.882778,54.72965635,80.01745522,24.4342896
2023/5/29 9:00,76.66726789,26.11825614,4.459355383,1522.404033,54.75590885,79.90684797,24.46795854
2023/5/29 10:00,76.31783998,26.02582017,4.542625364,1513.488011,54.5237831,80.70421786,23.97254776
2023/5/29 11:00,76.27096844,25.99351093,4.497788142,1514.776071,54.57871387,80.49401282,24.05874434
2023/5/29 12:00,76.35173067,26.0189496,4.504791216,1516.324008,54.57057997,80.48462882,24.09165985
2023/5/29 13:00,76.53653735,26.113314,4.575338301,1515.534075,54.57626824,80.77135048,23.98311368
2023/5/29 14:00,76.85936206,26.19430958,4.501085581,1523.274195,54.73560874,80.02528673,24.47192239
2023/5/29 15:00,75.57656004,25.7668016,4.514163249,1503.08965,54.3365761,81.21159007,23.50121825
2023/5/29 16:00,74.87947807,25.51902639,4.46738947,1493.576097,54.13805814,81.39623234,23.25190285
2023/5/29 17:00,76.04139806,25.90662574,4.489479532,1511.368876,54.51071071,80.65424045,23.9191271
2023/5/29 18:00,75.44136567,25.73228491,4.548343407,1499.998215,54.22435659,81.48632535,23.34506117
2023/5/29 19:00,76.43761582,26.03614362,4.470492051,1518.765206,54.66870287,80.24999017,24.22998541
2023/5/29 20:00,75.81125787,25.84361213,4.495480505,1506.427246,54.40433995,80.86595551,23.76392947
2023/5/29 21:00,76.07511312,25.93337773,4.515515196,1510.948941,54.46047693,80.82143197,23.84930726
2023/5/29 22:00,76.06670347,25.92139583,4.491340312,1511.631696,54.51714979,80.68771541,23.91291064
2023/5/29 23:00,75.92063266,25.87658309,4.488596489,1508.587378,54.43145265,80.7410206,23.87222623
2023/5/30 0:00,77.52019514,26.4314789,4.571204387,1531.930614,54.86612134,80.02220292,24.64174096
2023/5/30 1:00,76.26835747,25.99402488,4.510640084,1513.932516,54.51608538,80.64012804,24.00059997
2023/5/30 2:00,75.21494819,25.63698594,4.48774492,1499.068974,54.23969064,81.365204,23.33749047
2023/5/30 3:00,76.58238603,26.11438575,4.539971956,1517.759314,54.59574973,80.58572812,24.10686958
2023/5/30 4:00,77.35926245,26.36506588,4.542118096,1531.275922,54.90858678,80.06323687,24.54489324
2023/5/30 5:00,76.15316958,25.97307665,4.547799482,1511.205742,54.46478708,80.99820638,23.77988102
2023/5/30 6:00,76.435078,26.06878026,4.56683641,1514.94223,54.52027375,80.89750802,23.90587656
2023/5/30 7:00,76.58071581,26.1120734,4.541845772,1517.603816,54.61074078,80.62835461,24.07932401
2023/5/30 8:00,76.19777545,25.97742875,4.514348301,1511.905469,54.48669637,80.72151962,23.95188492
2023/5/30 9:00,75.24820805,25.65538555,4.508585698,1497.67295,54.20964897,81.49251428,23.29065873
2023/5/30 10:00,76.96191076,26.2388723,4.544963837,1524.083541,54.72404795,80.38113072,24.30561354
2023/5/30 11:00,76.25575333,26.00284385,4.526721225,1513.510974,54.50355839,80.80695558,23.90996927
2023/5/30 12:00,76.34380902,26.01310795,4.490515105,1516.79324,54.60623782,80.5859138,24.03597685
2023/5/30 13:00,76.81040686,26.16864458,4.494035648,1523.252139,54.74065638,80.20785014,24.36158775
2023/5/30 14:00,75.95388198,25.91090414,4.567909813,1507.41537,54.38384829,81.37863292,23.53169059
2023/5/30 15:00,76.4625238,26.06945757,4.541461033,1516.281698,54.5779876,80.78553118,23.96480457
2023/5/30 16:00,76.0634646,25.91719294,4.468485173,1511.754382,54.52309814,80.65775564,23.93673792
2023/5/30 17:00,75.57913616,25.77188852,4.522147162,1502.944988,54.2865593,81.3505184,23.46364924
2023/5/30 18:00,76.02214535,25.92195466,4.523266184,1509.196697,54.41583653,80.99535804,23.7708507
2023/5/30 19:00,76.46445304,26.09117971,4.571804202,1514.787143,54.51932378,80.95865572,23.88152062
2023/5/30 20:00,76.6220545,26.14132639,4.579747916,1517.363355,54.54227359,80.8592105,24.00264421
2023/5/30 21:00,76.62529235,26.11185114,4.504173151,1520.254475,54.66063536,80.47079932,24.17395478
2023/5/30 22:00,75.33931535,25.67333699,4.473928641,1499.883684,54.24778895,81.24252845,23.46756503
2023/5/30 23:00,76.57264385,26.10761409,4.531863967,1518.457074,54.60905654,80.64994503,24.08267803
2023/5/31 0:00,76.10164293,25.94589383,4.520757131,1511.43985,54.43577749,80.95630977,23.8169303
2023/5/31 1:00,75.34162644,25.68309288,4.500128829,1499.961059,54.22467693,81.42519748,23.37356435
2023/5/31 2:00,76.82592149,26.20867885,4.573582106,1520.869549,54.62688366,80.71327758,24.12410413
2023/5/31 3:00,76.34998568,26.01579958,4.484245091,1516.251572,54.56045261,80.5405376,24.1005233
2023/5/31 4:00,75.78562214,25.82277362,4.456998125,1506.868754,54.41413373,80.78266233,23.83115404
2023/5/31 5:00,75.87125037,25.86179254,4.489503491,1508.729735,54.46269641,81.04846431,23.67183607
2023/5/31 6:00,76.2804363,25.98038383,4.427599964,1517.306856,54.59483121,80.25290015,24.23411468
2023/5/31 7:00,75.48315858,25.74128388,4.527928224,1499.588606,54.22261099,81.50400002,23.37964305
2023/5/31 8:00,75.74992673,25.82042864,4.502242176,1506.029427,54.34084106,81.14662816,23.63861835
2023/5/31 9:00,76.20025325,25.98033506,4.53363033,1511.949757,54.48158497,81.01097755,23.79535583
2023/5/31 10:00,76.48821812,26.06319106,4.478314752,1518.276469,54.62264682,80.44571973,24.16846489
2023/5/31 11:00,75.53796916,25.75700591,4.5089547,1501.596421,54.26858252,81.3433894,23.48064701
2023/5/31 12:00,76.83062394,26.19722138,4.541678186,1522.329466,54.68279109,80.64775371,24.14235024
2023/5/31 13:00,75.90134446,25.88353683,4.536948469,1507.181239,54.3473313,81.27884118,23.60240963
2023/5/31 14:00,76.77406674,26.16743639,4.498481649,1522.311553,54.70436503,80.38314474,24.26785339
2023/5/31 15:00,75.60150209,25.77415298,4.493225551,1504.008156,54.32437466,81.2601722,23.52249097
2023/5/31 16:00,76.29219336,26.01846656,4.540635788,1513.297983,54.52604707,81.10174713,23.7595311
2023/5/31 17:00,76.38848042,26.0115306,4.437199524,1518.454807,54.61653265,80.27140165,24.26103627
2023/5/31 18:00,76.87832341,26.21196761,4.536229695,1522.531582,54.69017834,80.5639906,24.21415693
2023/5/31 19:00,76.73888597,26.1786565,4.560281031,1519.44341,54.61663412,80.81651119,24.04153212
2023/5/31 20:00,77.20789873,26.34289137,4.589944583,1526.699506,54.75231229,80.62963973,24.25753552
2023/5/31 21:00,77.10358784,26.27409983,4.516193704,1527.16672,54.79326793,80.30864738,24.39827522
2023/5/31 22:00,75.65928896,25.78286748,4.491181988,1504.949587,54.33299058,81.25768829,23.55350479
2023/5/31 23:00,76.0038928,25.91265145,4.513857794,1509.511617,54.41590601,81.10016974,23.72819279
2023/6/1 0:00,76.46871168,26.06858137,4.515931438,1516.337228,54.56896853,80.77132469,24.00517954
2023/6/1 1:00,76.60576972,26.12845384,4.558008624,1517.670598,54.59049019,80.98094904,23.92143862
2023/6/1 2:00,75.69734222,25.78659614,4.453768473,1505.851714,54.38906679,81.00227728,23.69093465
2023/6/1 3:00,76.43201367,26.0418249,4.477107718,1517.009366,54.58342782,80.55032066,24.13561711
2023/6/1 4:00,76.53397152,26.08548815,4.505800591,1518.734328,54.62515057,80.70893235,24.04819339
2023/6/1 5:00,76.19108565,25.96975252,4.502568137,1512.45681,54.49881779,80.94771406,23.84327296
2023/6/1 6:00,76.30534878,25.97800156,4.423802165,1517.668337,54.6303521,80.37760161,24.17107661
2023/6/1 7:00,76.32228873,26.02074418,4.5143305,1515.162863,54.52156011,80.92511028,23.88366756
2023/6/1 8:00,75.90017147,25.875678,4.514175906,1508.355101,54.3860413,81.25949728,23.60393527
2023/6/1 9:00,76.41462271,26.03563149,4.472396474,1516.400505,54.58879353,80.56563685,24.1055469
2023/6/1 10:00,76.40086816,26.05568226,4.555345549,1514.989717,54.48415548,81.1424627,23.80291056
2023/6/1 11:00,76.08932833,25.93448939,4.505639778,1511.416044,54.43968939,81.06676698,23.77261228
2023/6/1 12:00,76.66312852,26.12541401,4.494372347,1520.6812,54.62417245,80.52105995,24.21069667
2023/6/1 13:00,76.38810152,26.05527572,4.492258271,1516.789322,54.56727079,80.68506503,24.06434877
2023/6/1 14:00,75.81234072,25.83855424,4.50324536,1507.497604,54.36217077,81.2894974,23.58709784
2023/6/1 15:00,76.40159745,26.04576659,4.523735746,1515.691077,54.51443161,80.94518748,23.92467548
2023/6/1 16:00,76.79733171,26.2082446,4.610713617,1519.809836,54.56728241,81.22484316,23.85634516
2023/6/1 17:00,75.21936209,25.64331752,4.489927193,1497.840433,54.20831291,81.69991681,23.20455026
2023/6/1 18:00,75.96203128,25.8871587,4.493597088,1509.796151,54.43392358,81.14560765,23.68493699
2023/6/1 19:00,75.7283314,25.80212434,4.467870852,1507.273327,54.3650054,81.16157266,23.63043039
2023/6/1 20:00,75.47399809,25.72954264,4.481597714,1501.797846,54.26675669,81.4300786,23.421449
2023/6/1 21:00,76.07972851,25.91505211,4.465155244,1512.810318,54.4829956,80.88504525,23.85795385
2023/6/1 22:00,76.50361595,26.08402456,4.535487067,1516.859432,54.57018751,81.03643912,23.86954755
2023/6/1 23:00,76.26934952,25.99324967,4.503803325,1514.201175,54.53003748,81.03804196,23.80152019
2023/6/2 0:00,76.68405423,26.11869305,4.47095092,1521.699292,54.67755279,80.44101113,24.24873309
2023/6/2 1:00,77.2466239,26.3268743,4.519900749,1529.091628,54.82014601,80.34237487,24.42633727
2023/6/2 2:00,76.37609107,26.05020623,4.561506545,1513.866097,54.50295206,81.29349781,23.70940188
2023/6/2 3:00,75.66985449,25.77904793,4.461402377,1506.908456,54.34827243,81.1999056,23.59663899
2023/6/2 4:00,76.53685241,26.10355593,4.558611341,1516.444217,54.51691194,81.10254884,23.87642811
2023/6/2 5:00,76.06603725,25.9263537,4.499386496,1510.618609,54.46118698,81.18993294,23.67813749
2023/6/2 6:00,75.22497592,25.62627741,4.441434036,1500.514025,54.23990995,81.43283424,23.36123509
2023/6/2 7:00,76.25156709,25.97599654,4.473309779,1515.223737,54.55614806,80.88022243,23.89772164
2023/6/2 8:00,75.24545848,25.65170779,4.498266126,1497.75347,54.15501702,81.77179244,23.21122595
2023/6/2 9:00,75.88261269,25.87073055,4.506917329,1507.464334,54.35501927,81.31855011,23.59989836
2023/6/2 10:00,76.51398975,26.07731217,4.499088522,1518.050791,54.57118815,80.8136614,24.01980558
2023/6/2 11:00,76.56529965,26.10488057,4.527999265,1518.563246,54.5789467,80.97103645,23.937741
2023/6/2 12:00,77.20534751,26.30882302,4.508027284,1529.620196,54.80486254,80.33865973,24.43676774
2023/6/2 13:00,76.43854658,26.05903282,4.523106528,1515.760323,54.53518221,81.02320581,23.89184041
2023/6/2 14:00,75.2837225,25.64903695,4.448477106,1500.345985,54.23648422,81.46912349,23.36300799
2023/6/2 15:00,75.98607377,25.89664084,4.470875332,1510.55377,54.40940814,81.01053794,23.80437327
2023/6/2 16:00,75.61079905,25.78431832,4.5321061,1503.139925,54.25634826,81.76324385,23.28897228
2023/6/2 17:00,75.8089025,25.85248976,4.541512548,1506.013304,54.32008121,81.68757683,23.37583152
2023/6/2 18:00,75.46833651,25.73225585,4.513566923,1500.89497,54.22088463,81.7708499,23.25904406
2023/6/2 19:00,75.80824372,25.83908387,4.495607927,1507.402917,54.35935947,81.39115672,23.54296552
2023/6/2 20:00,76.26126694,26.00607259,4.536831309,1513.195505,54.46978317,81.31913864,23.68445872
2023/6/2 21:00,76.06926591,25.90145719,4.430372923,1514.364238,54.52342493,80.80840551,23.90182596
2023/6/2 22:00,77.05835371,26.27271554,4.53953173,1525.374997,54.73425528,80.71877031,24.18620572
2023/6/2 23:00,75.86291984,25.86985715,4.537739729,1506.588769,54.31036414,81.62826211,23.42584015
2023/6/3 0:00,75.91305713,25.87130281,4.492852714,1509.145605,54.3774413,81.29497013,23.63439893
2023/6/3 1:00,76.64772402,26.12587358,4.510020117,1519.629834,54.62957743,80.86699299,24.00912875
2023/6/3 2:00,76.07001387,25.9350317,4.519877569,1510.373963,54.41664283,81.37792906,23.60707268
2023/6/3 3:00,75.52081631,25.75111575,4.519576577,1501.792149,54.23668561,81.7974992,23.25411393
2023/6/3 4:00,76.11643392,25.95720242,4.519027139,1510.444868,54.4054276,81.29232141,23.67870905
2023/6/3 5:00,76.61107341,26.1139217,4.531256731,1519.044147,54.55179557,81.01335768,23.9632088
2023/6/3 6:00,76.63208615,26.09873193,4.466207043,1521.515995,54.67875564,80.66817526,24.10096059
2023/6/3 7:00,75.91491787,25.85558368,4.434182539,1510.877541,54.46044665,80.95563924,23.79935789
2023/6/3 8:00,76.61960334,26.10409607,4.48100567,1521.212168,54.64234573,80.73862025,24.08944674
2023/6/3 9:00,76.46418795,26.05347149,4.502001123,1516.729063,54.5577163,80.9668045,23.93177139
2023/6/3 10:00,76.68340182,26.13986066,4.517605077,1520.511594,54.58783545,80.85873613,24.05404207
2023/6/3 11:00,75.99691638,25.89319137,4.474393968,1510.342593,54.43394935,81.17847811,23.69921839
2023/6/3 12:00,76.40250039,26.0526178,4.54354973,1514.165869,54.48557366,81.29413289,23.74997035
2023/6/3 13:00,75.29564062,25.67293505,4.514337881,1497.952311,54.13910793,81.97026089,23.13794222
2023/6/3 14:00,76.55510684,26.09152047,4.517977662,1517.970933,54.56162521,81.00425237,23.95187162
2023/6/3 15:00,76.59795084,26.10603512,4.505577677,1519.397276,54.61033933,80.97046526,23.9528763
2023/6/3 16:00,75.63272339,25.78311195,4.505184818,1504.295094,54.26503617,81.67479494,23.37197165
2023/6/3 17:00,75.78601712,25.82639326,4.490164187,1506.51937,54.34579332,81.49421567,23.49281294
2023/6/3 18:00,76.24390722,25.99247973,4.522798603,1512.867286,54.43941063,81.29999183,23.71204688
2023/6/3 19:00,76.4966215,26.0841754,4.536285469,1516.729552,54.47455779,81.15690899,23.87830921
2023/6/3 20:00,75.07488618,25.6009423,4.511044271,1494.593348,54.05511596,82.1226823,23.00352509
2023/6/3 21:00,76.9181276,26.22576182,4.554088665,1522.529233,54.67865827,81.07018299,23.97620017
2023/6/3 22:00,76.39920342,26.03245581,4.496204857,1516.798492,54.5408992,81.05691249,23.87522862
2023/6/3 23:00,76.79237371,26.18361076,4.540540941,1521.033845,54.65323273,81.09136544,23.92104408
2023/6/4 0:00,76.92897225,26.23302615,4.560950627,1522.705485,54.66046053,81.09852301,23.97419909
2023/6/4 1:00,75.90389535,25.86020041,4.474416744,1509.480402,54.41119724,81.33866319,23.5979507
2023/6/4 2:00,75.93546379,25.89116806,4.506488815,1508.718721,54.35537565,81.47293847,23.54791168
2023/6/4 3:00,76.68267727,26.15215611,4.554241595,1519.64493,54.56736781,81.25896565,23.82272185
2023/6/4 4:00,76.06332775,25.92167424,4.472954152,1510.804118,54.43873516,81.1390736,23.75116237
2023/6/4 5:00,76.89242742,26.20539968,4.50797875,1524.063647,54.67779193,80.79187878,24.14083748
2023/6/4 6:00,75.97558412,25.89637932,4.492825869,1509.370181,54.40306903,81.42163406,23.56956592
2023/6/4 7:00,75.91213844,25.85743615,4.44036422,1510.753001,54.46025322,81.14905905,23.68940378
2023/6/4 8:00,76.35090881,26.02188094,4.507032704,1514.735289,54.48344751,81.19207948,23.79601295
2023/6/4 9:00,75.63772501,25.78170707,4.508797368,1504.195732,54.26176553,81.77442084,23.31719533
2023/6/4 10:00,76.43047882,26.04778942,4.493495768,1516.399988,54.53929228,81.05063082,23.89152517
2023/6/4 11:00,77.02323199,26.2566523,4.528806559,1524.872357,54.70022672,80.81161345,24.16275377
2023/6/4 12:00,76.42133444,26.06496793,4.566733617,1514.589985,54.45822461,81.52945708,23.64638619
2023/6/4 13:00,75.99033332,25.89812769,4.486582582,1509.944463,54.35879027,81.30950378,23.68767391
2023/6/4 14:00,75.93293915,25.88910051,4.524429704,1508.277891,54.33293134,81.63699521,23.47610451
2023/6/4 15:00,76.19680915,25.95916679,4.466353399,1514.263867,54.50104277,81.06846144,23.833291
2023/6/4 16:00,75.96421774,25.88738531,4.475195309,1510.569428,54.40332404,81.33466457,23.63067894
2023/6/4 17:00,77.12441003,26.30363734,4.563283035,1526.063608,54.67713289,80.94253638,24.13621107
2023/6/4 18:00,75.89768912,25.85260757,4.459890398,1509.813389,54.38280287,81.27155296,23.66308129
2023/6/4 19:00,75.90194189,25.87142376,4.491509827,1508.059711,54.35632491,81.50925008,23.52610149
2023/6/4 20:00,76.17181297,25.95034123,4.467562549,1513.175842,54.44389537,81.09275815,23.83306624
2023/6/4 21:00,76.12846995,25.95407151,4.516791845,1511.486462,54.4172347,81.48443851,23.59439984
2023/6/4 22:00,75.86553177,25.85786911,4.514981072,1508.099962,54.32595591,81.71518827,23.40312988
2023/6/4 23:00,76.03831319,25.90594935,4.465546983,1511.142557,54.44338428,81.25480927,23.69378457
2023/6/5 0:00,76.20961805,25.9752124,4.506156793,1513.757974,54.45365937,81.37364318,23.66950423
2023/6/5 1:00,76.88919366,26.22458826,4.557096176,1522.509328,54.60466299,81.16900116,23.9476944
2023/6/5 2:00,75.90855048,25.84463568,4.414663546,1510.980884,54.46610346,81.03868948,23.77691743
2023/6/5 3:00,75.60618403,25.76348592,4.471204067,1504.753967,54.28930339,81.63766791,23.38891225
2023/6/5 4:00,75.53070643,25.744212,4.481587242,1502.781483,54.26249129,81.79037246,23.27441164
2023/6/5 5:00,76.30618574,26.00121421,4.489028188,1515.043436,54.49510067,81.20453508,23.79487397
2023/6/5 6:00,76.00953723,25.91271626,4.508517116,1509.341485,54.38719713,81.59553834,23.51147161
2023/6/5 7:00,76.00777248,25.91153276,4.506577849,1509.864484,54.3623824,81.54648214,23.54977145
2023/6/5 8:00,76.48042865,26.07962059,4.53655254,1515.402456,54.48068335,81.36300417,23.7615513
2023/6/5 9:00,75.8916196,25.87644859,4.540823267,1507.176338,54.29403799,81.89908836,23.32669928
2023/6/5 10:00,77.17769506,26.29952076,4.516941451,1528.454302,54.76613555,80.78108377,24.21677034
2023/6/5 11:00,76.15777859,25.92550202,4.423076412,1515.036928,54.51327784,80.92828815,23.90860639
2023/6/5 12:00,76.04170209,25.91179186,4.507271049,1510.132124,54.39931354,81.58211638,23.52161033
2023/6/5 13:00,76.56489894,26.09054453,4.487640077,1519.441188,54.5719674,81.01388683,23.97053969
2023/6/5 14:00,76.16669974,25.95343914,4.474352631,1513.752356,54.47958058,81.26908358,23.71828377
2023/6/5 15:00,76.15537041,25.96151062,4.494245857,1512.072344,54.43635502,81.41645394,23.6464939
2023/6/5 16:00,76.42795948,26.05234182,4.518562273,1515.903994,54.51896741,81.39551874,23.71407321
2023/6/5 17:00,76.16293851,25.94825987,4.468110843,1514.049866,54.47133967,81.25600626,23.73411369
2023/6/5 18:00,76.51982816,26.0522989,4.436757149,1520.37183,54.62226982,80.80224129,24.06404877
2023/6/5 19:00,76.25667818,25.97716407,4.462904449,1514.603841,54.47623654,81.1153585,23.85043765
2023/6/5 20:00,75.76470157,25.79731725,4.408535493,1509.404907,54.40309736,81.18733402,23.67469606
2023/6/5 21:00,76.15177487,25.95999429,4.505561853,1511.662607,54.42447961,81.49995633,23.6026241
2023/6/5 22:00,76.16584413,25.95380088,4.498335333,1513.107853,54.45587151,81.50028698,23.60104166
2023/6/5 23:00,75.86633972,25.83957899,4.444147711,1509.700511,54.43676694,81.40029538,23.55770203
2023/6/6 0:00,76.04825393,25.91564339,4.49097928,1509.983582,54.38830981,81.47177859,23.60925646
2023/6/6 1:00,75.69065071,25.80944963,4.515268278,1504.936752,54.29135766,82.00461192,23.19860914
2023/6/6 2:00,76.78992078,26.17415725,4.517055576,1521.880423,54.62091939,81.1195039,23.95507573
2023/6/6 3:00,75.77870423,25.80731978,4.423514951,1509.364932,54.39768982,81.30196257,23.6131614
2023/6/6 4:00,75.73477703,25.80743179,4.474790987,1506.990782,54.32440073,81.70183697,23.39381779
2023/6/6 5:00,76.92058493,26.21045808,4.495574244,1524.297767,54.6803519,80.86679311,24.13600701
2023/6/6 6:00,76.60222034,26.10089645,4.491408466,1520.100606,54.56359284,81.0713835,23.96099085
2023/6/6 7:00,76.29932931,26.01247374,4.519406295,1513.683161,54.45662591,81.52008295,23.63566061
2023/6/6 8:00,76.2691829,25.98109543,4.446949861,1516.035468,54.53066364,81.07495132,23.86469894
2023/6/6 9:00,76.74883386,26.14959563,4.469321866,1522.519967,54.65654132,80.87236167,24.08270058
2023/6/6 10:00,76.04822744,25.92948745,4.520295144,1510.219733,54.35895787,81.71770732,23.47191539
2023/6/6 11:00,76.4340566,26.05675749,4.517173761,1515.364025,54.48625017,81.41024217,23.72662993
2023/6/6 12:00,76.71260793,26.14507039,4.512639395,1521.298539,54.59923485,81.22256062,23.88892548
2023/6/6 13:00,76.44317655,26.04300923,4.474850925,1517.095401,54.52250576,81.13531497,23.89005257
2023/6/6 14:00,76.97680694,26.23196372,4.484370668,1525.688973,54.678772,80.73764692,24.2346001
2023/6/6 15:00,76.91324223,26.20877861,4.50113291,1523.570495,54.62740713,80.89860827,24.15077381
2023/6/6 16:00,76.83109301,26.18777959,4.516971871,1522.861655,54.62238557,81.11754168,23.98639996
2023/6/6 17:00,76.48792308,26.06353479,4.491195782,1517.984678,54.54242603,81.25980653,23.81447376
2023/6/6 18:00,75.89438232,25.85719343,4.457694525,1509.862457,54.37622848,81.48582363,23.56401322
2023/6/6 19:00,76.09599811,25.91143282,4.44710731,1513.642586,54.48168819,81.30779394,23.69268534
2023/6/6 20:00,76.47946859,26.07023259,4.513973133,1516.616822,54.51187937,81.36422309,23.76580918
2023/6/6 21:00,75.60746794,25.76205046,4.455564407,1505.211804,54.28309092,81.71136832,23.3779652
2023/6/6 22:00,75.84301668,25.83726073,4.454289487,1509.10761,54.36322358,81.54052199,23.51626537
2023/6/6 23:00,76.11667856,25.93831056,4.489639855,1512.267929,54.40433543,81.5276011,23.60109428
2023/6/7 0:00,75.90478924,25.86388707,4.493177425,1507.988602,54.34126209,81.74790322,23.42313225
2023/6/7 1:00,76.45964455,26.04718463,4.460547055,1518.111689,54.53842463,81.06310206,23.93722436
2023/6/7 2:00,76.14656512,25.96883318,4.535696912,1510.146771,54.37490526,81.82499967,23.44539007
2023/6/7 3:00,75.73773016,25.78625155,4.432232969,1508.05698,54.36460259,81.5152032,23.50673893
2023/6/7 4:00,75.62859859,25.75326104,4.423275335,1506.059855,54.30272268,81.4829489,23.51854503
2023/6/7 5:00,75.54298146,25.72461599,4.423007759,1505.318824,54.31259812,81.59537748,23.41165537
2023/6/7 6:00,75.80281226,25.82056346,4.459597222,1507.596087,54.33613914,81.63375168,23.47255286
2023/6/7 7:00,76.15166817,25.95850124,4.512259445,1511.270454,54.38803805,81.68673071,23.52041876
2023/6/7 8:00,76.42182874,26.05226969,4.535593454,1515.045539,54.45615153,81.64894905,23.62102031
2023/6/7 9:00,75.90905629,25.87064338,4.49823766,1508.582825,54.31892935,81.79447842,23.41369806
2023/6/7 10:00,75.80633997,25.82790555,4.457027009,1508.224513,54.33889735,81.60383598,23.47628901
2023/6/7 11:00,77.05471217,26.24591293,4.489156588,1526.791791,54.7025718,80.85158601,24.1961827
2023/6/7 12:00,76.36110985,26.01492405,4.447331761,1516.943878,54.54121896,81.11593792,23.87141681
2023/6/7 13:00,76.49955537,26.06730441,4.494224819,1517.383281,54.51648242,81.28196607,23.83335118
2023/6/7 14:00,76.34237983,26.02222099,4.52151626,1514.024631,54.40392008,81.58714248,23.66037936
2023/6/7 15:00,75.48632647,25.69889054,4.402456402,1504.873768,54.27538487,81.52033105,23.46343516
2023/6/7 16:00,75.83934383,25.82136297,4.41558466,1510.152068,54.39567867,81.34669818,23.63501241
2023/6/7 17:00,75.48992953,25.71065539,4.434189953,1504.426966,54.26030519,81.75054666,23.32550284
2023/6/7 18:00,76.10415655,25.92766675,4.47041207,1511.679286,54.42218512,81.50029329,23.61916361
2023/6/7 19:00,75.47743033,25.72381478,4.486913975,1501.936428,54.21061984,82.15713275,23.10577993
2023/6/7 20:00,75.62868567,25.75761939,4.432222913,1506.18134,54.32565254,81.67266347,23.38532976
2023/6/7 21:00,76.23525035,25.9644446,4.444185833,1515.809806,54.50278346,81.29000688,23.75554365
2023/6/7 22:00,76.41651306,26.03727305,4.502617045,1516.060764,54.47640524,81.46119093,23.73321284
2023/6/7 23:00,76.73452885,26.14053039,4.487370904,1521.883796,54.61086049,81.15611576,23.94759197
2023/6/8 0:00,76.42785324,26.04088538,4.485098613,1516.539413,54.50525605,81.3780696,23.76806292
2023/6/8 1:00,77.02610212,26.23892451,4.490145289,1525.976549,54.70542595,80.92325493,24.15791322
2023/6/8 2:00,76.09826139,25.934743,4.485940185,1511.596652,54.37584431,81.60405406,23.57989036
2023/6/8 3:00,75.55906053,25.73521016,4.434579755,1505.030334,54.25036981,81.69255127,23.40199977
2023/6/8 4:00,74.86178205,25.51467733,4.465532008,1492.142708,54.03647662,82.47806699,22.79381066
2023/6/8 5:00,76.03816872,25.90033255,4.446577087,1511.873547,54.43450386,81.44312213,23.6190544
2023/6/8 6:00,76.14452441,25.94594641,4.475213167,1512.246655,54.42857196,81.53929346,23.60503297
2023/6/8 7:00,76.49271963,26.06888177,4.508213504,1518.488759,54.49224825,81.50415093,23.71657984
2023/6/8 8:00,75.44463978,25.70087091,4.448793273,1502.57553,54.2088401,81.91151329,23.24558595
2023/6/8 9:00,76.866038,26.19337952,4.495497455,1523.647998,54.66040774,81.16945258,23.97006279
2023/6/8 10:00,75.6982196,25.78199986,4.44015855,1507.240855,54.32250121,81.70857594,23.41831913
2023/6/8 11:00,75.68419351,25.7752286,4.444287247,1507.319067,54.33136256,81.77126889,23.35760797
2023/6/8 12:00,75.92734497,25.87834614,4.497884903,1508.837444,54.33950435,81.9162053,23.34591269
2023/6/8 13:00,75.9994584,25.88290484,4.433029214,1512.404206,54.40666067,81.40088521,23.6628683
2023/6/8 14:00,75.17940487,25.61862036,4.463304023,1497.475664,54.11036568,82.26418388,22.99537914
2023/6/8 15:00,76.54161095,26.09208605,4.516610893,1517.501119,54.53478088,81.58218012,23.66962961
2023/6/8 16:00,76.396186,26.02708774,4.469106776,1517.287752,54.53748642,81.39348054,23.73609698
2023/6/8 17:00,75.55616747,25.74220546,4.452477074,1503.99592,54.24743123,81.8972378,23.28289584
2023/6/8 18:00,75.90478719,25.8523994,4.437858115,1510.075125,54.38882149,81.5509554,23.54800108
2023/6/8 19:00,76.57405467,26.10711913,4.522160559,1517.60349,54.52419483,81.60783568,23.66700477
2023/6/8 20:00,76.53572019,26.0847063,4.502211763,1518.127143,54.54437108,81.51541314,23.71058193
2023/6/8 21:00,75.85853379,25.84861488,4.482377798,1508.008603,54.3287089,81.91926827,23.34012784
2023/6/8 22:00,76.49484565,26.07051333,4.501932164,1517.956643,54.53197026,81.55847354,23.67599503
2023/6/8 23:00,76.74448408,26.14016949,4.457334194,1522.941467,54.62730064,81.07342494,24.00901748
2023/6/9 0:00,74.93391673,25.5335611,4.448617584,1494.483994,54.05781103,82.40197931,22.85664273
2023/6/9 1:00,75.74599955,25.80948792,4.481435986,1506.809516,54.29016445,82.0109753,23.26573623
2023/6/9 2:00,75.90866552,25.83989511,4.402864185,1510.764445,54.41205613,81.34435055,23.67172097
2023/6/9 3:00,75.74398868,25.78491258,4.400397308,1509.232099,54.37882121,81.49755532,23.53295391
2023/6/9 4:00,76.20291106,25.97692681,4.507575358,1512.67866,54.41213965,81.83282602,23.47231192
2023/6/9 5:00,76.52558679,26.05443485,4.429376325,1521.45221,54.60535687,81.0726221,23.94837641
2023/6/9 6:00,75.97299085,25.86753552,4.428478886,1511.873922,54.4133669,81.51269942,23.59375201
2023/6/9 7:00,76.94204563,26.20953914,4.460133265,1525.909229,54.70146482,80.95676674,24.11483238
2023/6/9 8:00,77.24461537,26.31291938,4.481791283,1530.361733,54.78415217,80.86778047,24.23544054
2023/6/9 9:00,76.26772905,25.97570669,4.456546851,1515.174128,54.48893857,81.48503167,23.6837233
2023/6/9 10:00,75.14879281,25.57472018,4.39115334,1499.812441,54.2028858,81.95916425,23.14042544
2023/6/9 11:00,76.30659856,25.97777141,4.418355157,1516.320433,54.50940285,81.16808397,23.86666394
2023/6/9 12:00,76.04685548,25.90238577,4.447327772,1511.464967,54.41252978,81.60031644,23.56261258
2023/6/9 13:00,76.16618228,25.95105836,4.482333046,1512.89002,54.40617902,81.71592576,23.54027038
2023/6/9 14:00,76.08627918,25.90326655,4.401578085,1514.875287,54.48221584,81.26010958,23.7530023
2023/6/9 15:00,76.94748029,26.2077349,4.461085947,1525.292267,54.72302019,81.02056488,24.07461844
2023/6/9 16:00,75.93590896,25.86536465,4.445240961,1510.666402,54.37486432,81.67768686,23.50231928
2023/6/9 17:00,75.64026415,25.74277609,4.371955333,1508.53475,54.38481082,81.46131946,23.52686331
2023/6/9 18:00,76.4693686,26.03954947,4.449204826,1519.430985,54.55589116,81.32949749,23.81170853
2023/6/9 19:00,76.17298347,25.94927434,4.443551864,1513.070419,54.42568176,81.41783725,23.71549271
2023/6/9 20:00,75.81044127,25.81611449,4.410781184,1509.20996,54.37564292,81.56735857,23.51835549
2023/6/9 21:00,75.96814371,25.87332673,4.436344037,1511.55907,54.41151894,81.64406385,23.51428364
2023/6/9 22:00,75.71530098,25.77383961,4.397452685,1509.057492,54.35516398,81.5717829,23.50842602
2023/6/9 23:00,75.69193088,25.76042969,4.380325871,1508.968539,54.38525731,81.49694329,23.52373477
2023/6/10 0:00,76.87489925,26.18812852,4.470044544,1525.003419,54.64843626,81.14036663,24.0131015
2023/6/10 1:00,75.73684728,25.77982978,4.386252668,1509.602038,54.36125538,81.4607031,23.58164284
2023/6/10 2:00,77.76892969,26.4887344,4.470755817,1538.875922,54.94525394,80.46421624,24.58774292
2023/6/10 3:00,76.35865451,26.00134272,4.439346185,1518.730137,54.53037861,81.36874891,23.76446658
2023/6/10 4:00,76.47595142,26.0490695,4.453593259,1518.802401,54.52627728,81.33286057,23.82718412
2023/6/10 5:00,76.68613372,26.13980069,4.505872012,1521.320674,54.57878438,81.56159647,23.73442248
2023/6/10 6:00,76.17956529,25.94292167,4.447936007,1515.018593,54.48552201,81.65357464,23.54617272
2023/6/10 7:00,76.28011356,25.98814044,4.469073461,1514.532034,54.47118344,81.65202238,23.59670782
2023/6/10 8:00,76.01535849,25.90696668,4.473770642,1510.905373,54.37643133,81.89631993,23.39844846
2023/6/10 9:00,76.24844233,25.96612346,4.441791683,1515.447848,54.49211902,81.5133436,23.6641135
2023/6/10 10:00,77.14801361,26.2692068,4.458180343,1530.585242,54.74497727,80.89951871,24.21285531
2023/6/10 11:00,76.23922566,25.97694687,4.477619797,1513.924801,54.41233805,81.70716777,23.57303002
2023/6/10 12:00,75.60218258,25.76431131,4.46669413,1504.361259,54.24365334,82.17756309,23.15715566
2023/6/10 13:00,75.76664337,25.81351644,4.447642957,1506.850672,54.3008844,81.86353976,23.37725057
2023/6/10 14:00,76.36171774,26.00574477,4.454115732,1517.660348,54.50799865,81.53962668,23.67774558
2023/6/10 15:00,75.87539336,25.86138306,4.481340396,1507.51651,54.29535398,82.03574583,23.31679982
2023/6/10 16:00,76.45046512,26.02087178,4.412786905,1519.103502,54.57146699,81.18388152,23.89361119
2023/6/10 17:00,75.79630359,25.81624667,4.442717028,1509.137549,54.33903517,81.90005814,23.34808868
2023/6/10 18:00,75.73380964,25.78134305,4.413647358,1508.792738,54.32887135,81.76340425,23.42411746
2023/6/10 19:00,75.47995791,25.69732003,4.398041407,1503.631204,54.25571396,81.81208265,23.34092926
2023/6/10 20:00,76.24392894,25.9735917,4.458952614,1514.359974,54.43644964,81.61037218,23.63072525
2023/6/10 21:00,76.59816192,26.08861312,4.460839142,1520.99979,54.56253591,81.39797073,23.81633523
2023/6/10 22:00,77.19617314,26.29765037,4.472698687,1529.954517,54.7503852,81.00276033,24.18575399
2023/6/10 23:00,75.6149436,25.73959659,4.37962883,1507.240649,54.33015667,81.63186933,23.45432728
2023/6/11 0:00,76.57979455,26.07314863,4.431868215,1521.154217,54.58230654,81.20386178,23.93677662
2023/6/11 1:00,76.11896262,25.92563412,4.451174609,1513.062836,54.3862961,81.71157458,23.55938333
2023/6/11 2:00,75.61816335,25.75745085,4.42075764,1505.837607,54.28225778,81.89524598,23.33413129
2023/6/11 3:00,76.30494784,25.99110463,4.458222801,1515.897373,54.47271351,81.62343566,23.64209828
2023/6/11 4:00,76.07104759,25.89530581,4.389781888,1514.852721,54.46491769,81.35568518,23.72701278
2023/6/11 5:00,76.31216009,25.98139322,4.413925193,1516.68643,54.47956108,81.30937012,23.82571421
2023/6/11 6:00,76.17734392,25.94456396,4.451155583,1514.512008,54.46241902,81.75132542,23.52066771
2023/6/11 7:00,75.69619463,25.77882639,4.429502881,1507.961473,54.32070143,81.9568259,23.31031009
2023/6/11 8:00,76.64492678,26.10348089,4.45033483,1521.454947,54.57391323,81.32717962,23.88881797
2023/6/11 9:00,76.63825412,26.10586415,4.466811123,1520.490095,54.55971969,81.44457641,23.82485755
2023/6/11 10:00,75.90034431,25.84699896,4.431103267,1510.797817,54.36228193,81.79695058,23.45126383
2023/6/11 11:00,76.24942238,25.97362427,4.430513923,1515.587301,54.48386153,81.52244569,23.67832694
2023/6/11 12:00,76.40388855,26.02028866,4.439954266,1518.214819,54.52198363,81.49863294,23.72640149
2023/6/11 13:00,75.38614551,25.66596468,4.425083374,1502.299393,54.20741655,82.19845874,23.1052236
2023/6/11 14:00,76.67113643,26.10923035,4.439352814,1522.486419,54.58741247,81.24274205,23.94048085
2023/6/11 15:00,76.15375256,25.919508,4.400735762,1515.711936,54.49576398,81.45377303,23.67999754
2023/6/11 16:00,75.96458854,25.86913953,4.434585054,1511.453248,54.3707519,81.785569,23.4801265
2023/6/11 17:00,75.91138921,25.84405651,4.436527786,1511.913257,54.38330754,81.92141371,23.37433987
2023/6/11 18:00,75.36327244,25.66450339,4.410686543,1501.506808,54.18716842,82.11120699,23.17333519
2023/6/11 19:00,75.95642698,25.85999843,4.41288648,1511.639272,54.40760279,81.70737761,23.50433213
2023/6/11 20:00,76.56119967,26.05846079,4.39910443,1522.42828,54.60317149,81.11880644,23.98052583
2023/6/11 21:00,76.24243887,25.9225784,4.326914693,1519.49751,54.59115937,80.91018604,24.0151981
2023/6/11 22:00,75.68235189,25.74878274,4.368308384,1509.394285,54.37729307,81.67286913,23.45737951
2023/6/11 23:00,75.64283576,25.74207486,4.37766267,1508.494396,54.34645924,81.76749249,23.39723557
2023/6/12 0:00,76.31898927,25.9666213,4.383707319,1519.364508,54.56093954,81.28496416,23.80939301
2023/6/12 1:00,75.67098397,25.75749915,4.394292998,1508.470039,54.32290248,81.81174715,23.39057349
2023/6/12 2:00,75.49546478,25.72200987,4.456639363,1502.889465,54.17361682,82.32659703,23.10043297
2023/6/12 3:00,77.11173035,26.23270891,4.374310866,1531.489847,54.82272178,80.59565173,24.38505897
2023/6/12 4:00,75.30011081,25.64269723,4.415449762,1501.941259,54.1591606,82.23467528,23.09343408
2023/6/12 5:00,76.39562912,25.99968884,4.376776544,1520.619432,54.57482766,81.16405336,23.91074166
2023/6/12 6:00,75.66706371,25.75118589,4.384847438,1507.348549,54.31130255,81.76047493,23.43085706
2023/6/12 7:00,75.58833238,25.7274155,4.380857733,1506.722515,54.32972477,81.83390725,23.34777935
2023/6/12 8:00,76.21567907,25.95072501,4.39882208,1515.755761,54.46715566,81.41232979,23.7582408
2023/6/12 9:00,75.24958919,25.62409367,4.404202222,1500.652548,54.16575892,82.23545364,23.06588473
2023/6/12 10:00,75.79121655,25.80942946,4.431501704,1509.53245,54.33241339,82.02337199,23.30846389
2023/6/12 11:00,75.52813454,25.68593083,4.321389907,1507.650881,54.32773372,81.45984198,23.56680715
2023/6/12 12:00,76.14220629,25.92591541,4.424357758,1514.515427,54.42346382,81.68705851,23.58659458
2023/6/12 13:00,76.366172,26.00045726,4.407981037,1518.680289,54.53883513,81.43844614,23.75810227
2023/6/12 14:00,75.52753137,25.68820692,4.331264919,1507.590731,54.36211635,81.61255343,23.45954652
2023/6/12 15:00,76.10702793,25.90900168,4.383543408,1514.346272,54.47193876,81.4509405,23.69257998
2023/6/12 16:00,75.98269649,25.86830561,4.422201019,1511.945931,54.37690351,81.82317475,23.4790241
2023/6/12 17:00,75.7764562,25.78554255,4.358309949,1511.120488,54.38137342,81.55909048,23.55633524
2023/6/12 18:00,76.10536315,25.89518566,4.377483667,1515.187513,54.47360669,81.46610781,23.68235161
2023/6/12 19:00,74.99352711,25.52398668,4.378543547,1497.4769,54.14511398,82.37010888,22.92376545
2023/6/12 20:00,75.58383608,25.72146936,4.374782845,1507.048598,54.27398166,81.79690789,23.41011871
2023/6/12 21:00,76.44429574,26.01112953,4.358418582,1521.772979,54.59109121,81.05830931,23.98968557
2023/6/12 22:00,76.67215965,26.09231106,4.386488424,1524.172409,54.64458165,81.09662042,24.02167345
2023/6/12 23:00,74.90861793,25.47986314,4.335161142,1498.474987,54.1274766,82.1560772,23.03543057
2023/6/13 0:00,75.42993259,25.67224971,4.370505246,1504.252183,54.265343,81.99122357,23.24191098
2023/6/13 1:00,76.28206819,25.97409042,4.425121307,1515.987216,54.48243489,81.64144971,23.65542051
2023/6/13 2:00,75.94476735,25.84641339,4.375036818,1513.452604,54.44771234,81.65079484,23.53776455
2023/6/13 3:00,76.44014546,26.00743791,4.36938618,1520.502483,54.57415065,81.15178701,23.95549545
2023/6/13 4:00,75.70585883,25.74689611,4.322297931,1510.209402,54.36451222,81.41037233,23.63973238
2023/6/13 5:00,75.74010032,25.77367903,4.368519749,1509.218555,54.34475016,81.71344241,23.4856156
2023/6/13 6:00,75.98329838,25.87477401,4.429713263,1512.186875,54.37042077,81.96563024,23.40038293
2023/6/13 7:00,75.73987875,25.77932165,4.387910807,1509.920986,54.34739819,81.88961404,23.37893841
2023/6/13 8:00,76.40487852,26.00536594,4.384522833,1519.237624,54.54405816,81.31381344,23.85417537
2023/6/13 9:00,75.5915324,25.71622612,4.340210406,1507.65722,54.31803855,81.64541739,23.49093886
2023/6/13 10:00,76.15912572,25.89946499,4.31957634,1517.697728,54.58145902,81.15200946,23.86040584
2023/6/13 11:00,75.61452908,25.73016853,4.367731014,1507.965189,54.32470183,81.86914545,23.35903172
2023/6/13 12:00,75.82537077,25.810584,4.396821482,1510.198127,54.33496635,81.87174042,23.42664102
2023/6/13 13:00,76.24003721,25.93034956,4.34212022,1518.216363,54.5454822,81.22695144,23.85925014
2023/6/13 14:00,76.05986065,25.87389037,4.365128734,1515.410271,54.46182898,81.51879752,23.66475427
2023/6/13 15:00,76.12661792,25.90835763,4.388324926,1515.305707,54.46482545,81.62836411,23.61475856
2023/6/13 16:00,76.13365953,25.93682436,4.455657568,1512.162733,54.35311662,82.00454559,23.44617918
2023/6/13 17:00,76.32657745,25.99178329,4.429542868,1517.697382,54.47935517,81.75226831,23.60189447
2023/6/13 18:00,76.23314641,25.91050898,4.315834229,1519.973325,54.56469954,81.11996724,23.91249021
2023/6/13 19:00,75.74631223,25.77904839,4.376652112,1509.132868,54.37519991,81.91996317,23.35188765
2023/6/13 20:00,75.21104687,25.58572645,4.331782735,1503.478954,54.22610047,82.01907476,23.18453989
2023/6/13 21:00,75.44753037,25.67829018,4.38326333,1504.110199,54.23207729,82.1430025,23.19254333
2023/6/13 22:00,76.69658783,26.08527092,4.362149003,1525.744173,54.65574072,81.0287618,24.08615166
2023/6/13 23:00,75.57772118,25.69528568,4.31519266,1509.574192,54.38241128,81.68000087,23.43684038
2023/6/14 0:00,76.73779826,26.10985463,4.372197208,1525.760792,54.64869677,81.07160767,24.07555486
2023/6/14 1:00,75.82092468,25.78855215,4.333801872,1512.602055,54.43116022,81.5914904,23.56379626
2023/6/14 2:00,75.86713467,25.82579892,4.391479448,1511.205797,54.36138472,81.85767847,23.44630193
2023/6/14 3:00,75.65226628,25.75912685,4.42579889,1506.349375,54.27492872,82.34799394,23.11517486
2023/6/14 4:00,75.89598657,25.8093696,4.326553338,1513.312344,54.45687251,81.46491662,23.65344103
2023/6/14 5:00,75.475653,25.67223607,4.339635469,1506.459398,54.30816158,81.90798339,23.30852904
2023/6/14 6:00,76.5096444,26.03359467,4.392487614,1521.282241,54.56540973,81.43774179,23.8253884
2023/6/14 7:00,74.86259966,25.45586018,4.31688389,1498.116437,54.13038016,82.24993907,22.98059975
2023/6/14 8:00,75.54114645,25.71613582,4.381814637,1505.270188,54.24994937,82.09947499,23.2463136
2023/6/14 9:00,75.43365294,25.65765213,4.333366702,1506.377433,54.27537564,81.9055108,23.3136141
2023/6/14 10:00,75.52271702,25.70177495,4.372057673,1504.77069,54.25908249,82.06590082,23.25665866
2023/6/14 11:00,76.04078374,25.86862653,4.355434402,1514.792717,54.46569925,81.58946183,23.62112474
2023/6/14 12:00,75.64410191,25.75005443,4.384166165,1507.994303,54.30932304,82.113936,23.24454973
2023/6/14 13:00,75.09219621,25.54314438,4.324956699,1501.18643,54.17649711,82.13429049,23.11645097
2023/6/14 14:00,76.35963657,25.9675921,4.324539333,1521.443706,54.61965887,81.2012546,23.89245183
2023/6/14 15:00,75.7520702,25.75711114,4.30185884,1512.188867,54.44205654,81.5215186,23.5730662
2023/6/14 16:00,75.91158294,25.82108186,4.331530206,1513.610627,54.44440864,81.57601883,23.60729477
2023/6/14 17:00,76.64887426,26.08124295,4.37794027,1524.03682,54.65372053,81.31937912,23.90442872
2023/6/14 18:00,76.31718834,25.97199386,4.388206542,1518.003661,54.51130515,81.6117121,23.69613659
2023/6/14 19:00,75.88184134,25.81937985,4.370422906,1512.141354,54.37635405,81.84224953,23.46810397
2023/6/14 20:00,75.75106793,25.76860017,4.338979708,1510.484268,54.39038515,81.78247991,23.44265838
2023/6/14 21:00,75.16667943,25.56177628,4.29772422,1502.535253,54.25275017,81.98153635,23.19510425
2023/6/14 22:00,76.08900818,25.88001044,4.327237131,1516.767879,54.50365123,81.41948519,23.73405125
2023/6/14 23:00,75.40163345,25.63698249,4.299602988,1507.44424,54.33733124,81.84327504,23.32197924
2023/6/15 0:00,75.5161343,25.68157191,4.303982546,1508.456471,54.34165545,81.74302804,23.41992962
2023/6/15 1:00,75.69851013,25.73773869,4.298782416,1511.4673,54.41210337,81.5877914,23.54246657
2023/6/15 2:00,75.3510458,25.63175951,4.324822159,1505.003359,54.24763163,81.96295974,23.28114005
2023/6/15 3:00,75.54924186,25.69496644,4.330129914,1508.639297,54.31598766,81.91238479,23.34869218
2023/6/15 4:00,76.14800441,25.89355497,4.32800507,1518.137563,54.53434388,81.45030219,23.72672474
2023/6/15 5:00,75.94332987,25.81663291,4.296859852,1515.470048,54.46223896,81.33909933,23.76135484
2023/6/15 6:00,75.14356354,25.56001767,4.321314782,1501.979385,54.18752591,82.1619581,23.12497769
2023/6/15 7:00,76.03893492,25.85587031,4.328437728,1516.933775,54.44782742,81.47505086,23.71576823
2023/6/15 8:00,76.17965569,25.90590446,4.321163682,1517.779848,54.51873971,81.34624285,23.81210299
2023/6/15 9:00,76.40779229,25.98142363,4.335405912,1521.351535,54.61556936,81.32634159,23.85336321
2023/6/15 10:00,75.81637188,25.77754891,4.304785242,1512.937816,54.43363788,81.55601804,23.60897619
2023/6/15 11:00,76.31075945,25.95559132,4.330645752,1520.558181,54.56442574,81.34792221,23.83769474
2023/6/15 12:00,76.18503377,25.90446014,4.330482899,1517.626595,54.52953737,81.49101338,23.72060485
2023/6/15 13:00,76.59800608,26.06344117,4.371215597,1522.634241,54.61777128,81.39721641,23.88146668
2023/6/15 14:00,76.2150384,25.91988312,4.330230001,1518.7653,54.52098591,81.42200321,23.78720918
2023/6/15 15:00,75.77196807,25.76491244,4.315567663,1512.395285,54.41695349,81.71514321,23.50938417
2023/6/15 16:00,76.80539223,26.12291369,4.344443067,1527.162555,54.6984177,81.06172086,24.11794437
2023/6/15 17:00,75.90600426,25.80965457,4.30961283,1515.569811,54.45231745,81.56561802,23.61615185
2023/6/15 18:00,75.99454855,25.8211663,4.262019462,1517.720236,54.56625906,81.2384983,23.7969772
2023/6/15 19:00,75.77838373,25.7647332,4.314999368,1512.29732,54.39578014,81.74088989,23.49944439
2023/6/15 20:00,75.51063137,25.68520153,4.344022539,1506.086758,54.28352451,82.13263977,23.23008159
2023/6/15 21:00,75.85792582,25.78677407,4.282228778,1515.066518,54.50683672,81.54477356,23.59538684
2023/6/15 22:00,75.6990482,25.74801489,4.350526836,1510.020145,54.33627767,82.03053124,23.33761401
2023/6/15 23:00,75.74232605,25.75136491,4.30351761,1511.520648,54.40917291,81.71436616,23.50297631
2023/6/16 0:00,75.36752029,25.63003936,4.311816018,1505.346987,54.27052058,82.05132186,23.24813154
2023/6/16 1:00,76.39934046,25.96672112,4.290940082,1522.682957,54.63923565,81.14024222,23.96668314
2023/6/16 2:00,74.89572222,25.46420073,4.263482106,1499.550766,54.13436014,82.04898388,23.14785304
2023/6/16 3:00,75.15470679,25.55407659,4.28964747,1501.902135,54.22125577,82.10554319,23.16094252
2023/6/16 4:00,75.68568466,25.7061609,4.216347262,1513.245192,54.46947225,81.20082231,23.77825121
2023/6/16 5:00,74.78462049,25.4134556,4.25021848,1498.554078,54.14854054,82.16717878,23.03019199
2023/6/16 6:00,76.03233776,25.85290785,4.309229457,1516.159228,54.45289654,81.49595141,23.72021675
2023/6/16 7:00,76.40235148,25.97579433,4.305828936,1521.514253,54.61366539,81.25079469,23.92408973
2023/6/16 8:00,75.83253039,25.75976795,4.236392805,1515.575891,54.521568,81.30831044,23.7349978
2023/6/16 9:00,76.65802994,26.06797501,4.322009567,1526.008354,54.67033355,81.18663126,24.01555844
2023/6/16 10:00,75.83422562,25.79158624,4.32393619,1512.009775,54.39329246,81.8271519,23.48284769
2023/6/16 11:00,76.09866294,25.88212722,4.33852599,1515.654121,54.46217475,81.69828422,23.62397677
2023/6/16 12:00,76.44770617,25.98390269,4.293841183,1523.874022,54.63668354,81.16641544,23.97810484
2023/6/16 13:00,75.06747278,25.52689622,4.292303012,1501.561041,54.17305813,82.2055652,23.10366058
2023/6/16 14:00,76.17792728,25.89271452,4.29116957,1518.875314,54.53236733,81.35336893,23.82950308
2023/6/16 15:00,76.12192492,25.87348984,4.303483527,1518.063334,54.51653,81.53526408,23.70802989
2023/6/16 16:00,75.50134914,25.67917387,4.311982371,1508.380137,54.30090717,82.04671016,23.283114
2023/6/16 17:00,75.44788268,25.63801644,4.251198162,1508.872319,54.32726821,81.65851695,23.49970256
2023/6/16 18:00,74.77650863,25.41138775,4.254121728,1498.355625,54.13660427,82.26029306,22.99882578
2023/6/16 19:00,75.66059493,25.71522018,4.277865129,1511.584593,54.39422075,81.7507972,23.47183739
2023/6/16 20:00,75.51909682,25.67844122,4.311989894,1507.504283,54.30158494,82.05507369,23.29310352
2023/6/16 21:00,75.93459651,25.80371615,4.259569771,1516.323017,54.48570699,81.36949682,23.7671037
2023/6/16 22:00,75.18929624,25.54817842,4.249091232,1504.838429,54.25922768,81.9127696,23.29408096
2023/6/16 23:00,75.9585673,25.81214775,4.255275641,1516.837217,54.50657025,81.37562813,23.75967413
2023/6/17 0:00,75.90989453,25.79118441,4.256832441,1516.736722,54.46666377,81.40424831,23.76001157
2023/6/17 1:00,76.1270116,25.86551954,4.240354457,1519.734505,54.5904771,81.14905907,23.91425635
2023/6/17 2:00,76.19646996,25.90947168,4.308789023,1518.046596,54.53052156,81.57944986,23.7090418
2023/6/17 3:00,75.71359935,25.72595829,4.266110092,1513.138832,54.42175512,81.6978325,23.52494546
2023/6/17 4:00,76.34011168,25.97294009,4.360534677,1519.800592,54.52354817,81.77369541,23.64312978
2023/6/17 5:00,75.9913517,25.819566,4.27016239,1517.697955,54.49892438,81.50033065,23.70736393
2023/6/17 6:00,75.04300516,25.49763076,4.240600677,1502.19621,54.23197821,82.0627737,23.16674356
2023/6/17 7:00,75.06593567,25.51214789,4.263544121,1503.324549,54.20851595,82.19917775,23.09978949
2023/6/17 8:00,74.92074487,25.46267094,4.260767692,1500.212947,54.14081023,82.25752335,23.05475836
2023/6/17 9:00,76.30629261,25.94393463,4.310864875,1520.542302,54.54601449,81.52729029,23.77368537
2023/6/17 10:00,75.4578445,25.61623079,4.185510005,1511.331112,54.40436369,81.38142223,23.65042391
2023/6/17 11:00,75.66290202,25.70916583,4.259940485,1512.494631,54.42838536,81.76108012,23.47374522
2023/6/17 12:00,75.44804175,25.65593729,4.305350374,1507.04392,54.31535863,82.2217129,23.16998213
2023/6/17 13:00,75.72399021,25.72804018,4.239998067,1513.560404,54.42670029,81.53482453,23.63447838
2023/6/17 14:00,75.97345087,25.80011054,4.214976839,1519.132455,54.55716413,81.23866885,23.84085536
2023/6/17 15:00,76.19030589,25.88945447,4.272590805,1519.980546,54.57849319,81.41685924,23.79407699
2023/6/17 16:00,76.5661579,26.01932541,4.276254015,1525.836739,54.69009892,81.17968816,24.01132185
2023/6/17 17:00,75.44111729,25.63610591,4.269541513,1508.652854,54.31323543,81.97618182,23.33481408
2023/6/17 18:00,75.60981128,25.71210596,4.305275927,1509.781888,54.32356025,82.09857889,23.31116797
2023/6/17 19:00,76.10546299,25.8582337,4.247204139,1519.044607,54.57912458,81.39698315,23.77733769
2023/6/17 20:00,75.7659716,25.74715101,4.259162843,1512.926762,54.43346999,81.70991633,23.54813276
2023/6/17 21:00,76.13112698,25.86355067,4.24380246,1520.521283,54.5630302,81.32526282,23.8455647
2023/6/17 22:00,75.44292883,25.62539221,4.217853931,1510.428937,54.34990763,81.65851153,23.50751498
2023/6/17 23:00,75.46020878,25.63411579,4.231302083,1509.581047,54.38787034,81.79210548,23.41909369
2023/6/18 0:00,75.3575454,25.6039407,4.234689612,1508.0825,54.32808741,81.91168708,23.33315755
2023/6/18 1:00,75.16069775,25.50804072,4.173731942,1507.732927,54.37308893,81.73264398,23.35729223
2023/6/18 2:00,75.35019792,25.59336236,4.203962835,1508.671967,54.34422906,81.69578167,23.46525477
2023/6/18 3:00,74.63638876,25.33203823,4.143804461,1498.476926,54.19872208,81.90307444,23.16358004
2023/6/18 4:00,75.80665302,25.75796014,4.256789386,1514.375989,54.45037828,81.707517,23.56618427
2023/6/18 5:00,75.74818046,25.73370197,4.25308311,1514.174498,54.41484643,81.71272844,23.55971454
2023/6/18 6:00,75.51676506,25.67521726,4.300507517,1508.295394,54.29043422,82.25091803,23.20249339
2023/6/18 7:00,75.70780455,25.71561219,4.228106091,1514.259795,54.42747921,81.59253884,23.61021428
2023/6/18 8:00,76.66728368,26.04260895,4.254850624,1528.42729,54.74316322,81.11214471,24.07001255
2023/6/18 9:00,75.84511343,25.76826541,4.248087122,1515.436621,54.46016599,81.67937456,23.5913902
2023/6/18 10:00,75.78237135,25.748881,4.232104204,1515.003999,54.45769106,81.6041078,23.608418
2023/6/18 11:00,75.71725834,25.71379864,4.218125136,1513.587576,54.44939219,81.57783661,23.61508336
2023/6/18 12:00,75.98843965,25.801283,4.193690528,1518.994419,54.55196482,81.23187418,23.8696417
2023/6/18 13:00,74.41397994,25.25367473,4.129869253,1496.266956,54.11428479,82.02265008,23.06830976
2023/6/18 14:00,74.94506421,25.45077594,4.20438866,1502.088557,54.22439994,82.17049089,23.10464429
2023/6/18 15:00,75.16379897,25.52801329,4.191623809,1506.478325,54.30535272,81.8506955,23.33394357
2023/6/18 16:00,74.690678,25.37239934,4.209974083,1497.634655,54.122006,82.36017602,22.9566912
2023/6/18 17:00,75.3291124,25.56282061,4.153488683,1509.621891,54.36678256,81.50132105,23.57864814
2023/6/18 18:00,75.41846756,25.62846919,4.234205987,1508.670236,54.30157152,81.9472401,23.36119971
2023/6/18 19:00,76.34141725,25.94470966,4.270121929,1522.911404,54.58722604,81.4758429,23.83897871
2023/6/18 20:00,76.08633183,25.83372291,4.223733095,1521.243202,54.59465974,81.48823672,23.74339177
2023/6/18 21:00,75.61095617,25.67461476,4.197017473,1512.823142,54.40509536,81.56738514,23.6203061
2023/6/18 22:00,76.63312404,26.02127303,4.225774375,1528.446431,54.73041529,81.01788575,24.14250289
2023/6/18 23:00,75.345455,25.58207354,4.204860165,1509.135431,54.3429548,81.90816079,23.35970447
2023/6/19 0:00,75.61553114,25.67605794,4.20065362,1513.474261,54.43552013,81.65411027,23.55093651
2023/6/19 1:00,75.3905927,25.59811439,4.18090225,1510.119822,54.38290046,81.74338497,23.45498467
2023/6/19 2:00,76.54782205,25.99090124,4.216976365,1527.967304,54.72298493,81.06649998,24.08619048
2023/6/19 3:00,76.30440778,25.90963071,4.209271739,1523.243894,54.6186646,81.12997321,24.02909088
2023/6/19 4:00,76.47890569,25.97248215,4.229902005,1526.399668,54.67346696,81.20089333,24.00969121
2023/6/19 5:00,75.51536552,25.64990647,4.233155099,1511.06629,54.37126898,82.00642333,23.33559765
2023/6/19 6:00,76.68479987,26.05728157,4.262002296,1527.097896,54.68933164,81.22518188,24.06547708
2023/6/19 7:00,75.18337535,25.52448606,4.177195812,1506.930923,54.28787582,81.85350652,23.36848522
2023/6/19 8:00,75.86186151,25.75073044,4.18057178,1518.35818,54.56912491,81.43374987,23.72154674
2023/6/19 9:00,75.89655755,25.76040543,4.193596884,1518.508339,54.54796807,81.51795069,23.69107563
2023/6/19 10:00,75.41370011,25.59942001,4.183324411,1510.912537,54.37332536,81.79773499,23.43223982
2023/6/19 11:00,74.74746652,25.36136236,4.132208942,1501.096827,54.21153259,81.98177447,23.18086508
2023/6/19 12:00,75.93034147,25.77071863,4.167095757,1519.586782,54.55149673,81.29798536,23.8256667
2023/6/19 13:00,75.83019358,25.74461216,4.206386931,1517.353825,54.48606142,81.64934969,23.62227788
2023/6/19 14:00,75.94120721,25.76832416,4.143511718,1520.632311,54.61206976,81.17167847,23.87889377
2023/6/19 15:00,75.43322173,25.61423866,4.198753467,1510.52924,54.36960817,81.91779451,23.3792528
2023/6/19 16:00,75.66427445,25.68282145,4.177487218,1514.972065,54.48483259,81.63268933,23.58415512
2023/6/19 17:00,75.47719452,25.61791163,4.172409883,1512.068283,54.3904557,81.69590635,23.52420309
2023/6/19 18:00,75.99143435,25.79595637,4.185436774,1519.156127,54.54572779,81.42818814,23.7790771
2023/6/19 19:00,75.57143053,25.67477691,4.236595932,1510.757078,54.35721649,82.06221394,23.34425872
2023/6/19 20:00,75.31509625,25.56067478,4.15336376,1509.536901,54.38218436,81.77225702,23.43140519
2023/6/19 21:00,76.26633673,25.89099545,4.188669257,1523.337493,54.64296696,81.25407612,23.94512929
2023/6/19 22:00,75.06127932,25.48204889,4.175693741,1504.774842,54.26003001,82.09322175,23.20704212
2023/6/19 23:00,75.19139847,25.51821306,4.143251148,1507.739276,54.32341036,81.73389309,23.44280305
2023/6/20 0:00,76.13074213,25.85637558,4.233022014,1520.706146,54.5356721,81.64807288,23.71683755
2023/6/20 1:00,76.0030024,25.81647888,4.234667836,1518.187902,54.51001952,81.78164823,23.60095417
2023/6/20 2:00,74.92397791,25.41370461,4.110156413,1505.114766,54.27080027,81.82478552,23.32868485
2023/6/20 3:00,74.76315185,25.36863324,4.118135698,1501.70521,54.22017821,82.01894262,23.17235839
2023/6/20 4:00,75.07720587,25.48673395,4.16598231,1505.249071,54.2832742,82.09464815,23.20169525
2023/6/20 5:00,75.73015835,25.69712235,4.128888247,1516.725324,54.51430103,81.2978744,23.81209922
2023/6/20 6:00,74.79284935,25.37893234,4.146361147,1501.533293,54.18579097,82.19944015,23.10384066
2023/6/20 7:00,75.02020369,25.46400208,4.148064187,1505.133338,54.24576216,81.9760085,23.28572451
2023/6/20 8:00,75.69398938,25.68658861,4.153201181,1516.240001,54.48685005,81.59010539,23.62951694
2023/6/20 9:00,75.25487789,25.51818834,4.091811435,1510.765297,54.43855244,81.53694879,23.54154072
2023/6/20 10:00,75.12918601,25.50407779,4.153885694,1507.052546,54.29209091,81.9980168,23.28754947
2023/6/20 11:00,76.50865975,25.95071721,4.142274814,1530.017022,54.74898894,80.86062091,24.22899555
2023/6/20 12:00,75.54447441,25.62702412,4.127078275,1514.592071,54.47778705,81.5590621,23.61409329
2023/6/20 13:00,75.36421846,25.57898605,4.137027183,1511.711537,54.40574234,81.75944104,23.45945511
2023/6/20 14:00,75.12815903,25.51313042,4.195563243,1506.305492,54.23277378,82.28592202,23.14360302
2023/6/20 15:00,75.44809494,25.59923249,4.135773471,1511.937283,54.43021385,81.70989469,23.50874751
2023/6/20 16:00,75.23628228,25.52056477,4.111011536,1509.795553,54.39186255,81.71712516,23.45680204
2023/6/20 17:00,75.46605669,25.60445098,4.156074672,1512.819815,54.4078838,81.83767951,23.4559526
2023/6/20 18:00,75.90515241,25.75335974,4.135688749,1519.504012,54.53600253,81.3333482,23.85394196
2023/6/20 19:00,75.80931321,25.72549655,4.167543426,1517.281548,54.49666877,81.64698428,23.6459411
2023/6/20 20:00,76.22438188,25.86252163,4.161569454,1524.406872,54.63949699,81.28535006,23.93783046
2023/6/20 21:00,75.12528855,25.47966737,4.108859378,1508.770199,54.31159193,81.80577906,23.40581385
2023/6/20 22:00,74.69706312,25.35401445,4.152912802,1500.270001,54.12580486,82.41043308,22.98532996
2023/6/20 23:00,74.87537949,25.41032325,4.14224832,1503.234576,54.19873611,82.20894171,23.13951729
2023/6/21 0:00,75.81069215,25.73700656,4.185776085,1515.402901,54.44604809,81.78347459,23.59486858
2023/6/21 1:00,75.48248161,25.60324863,4.113505893,1513.881392,54.42564132,81.57616729,23.61469949
2023/6/21 2:00,75.54103649,25.61611196,4.109378646,1514.856432,54.45082823,81.52509914,23.65992423
2023/6/21 3:00,75.38855689,25.56922259,4.096565182,1513.951995,54.45409157,81.61181978,23.55638642
2023/6/21 4:00,74.7245286,25.32684628,4.049936722,1504.061322,54.26148559,81.82402099,23.297629
2023/6/21 5:00,74.87090451,25.37442787,4.020963395,1507.404665,54.35371908,81.52258049,23.47571423
2023/6/21 6:00,75.29648268,25.54769418,4.126026479,1510.71973,54.38615515,81.91290082,23.36747284
2023/6/21 7:00,74.60560196,25.30854023,4.11495489,1499.806115,54.15777713,82.38297811,22.9721354
2023/6/21 8:00,75.47855265,25.60740787,4.139303753,1513.708415,54.4372727,81.89584791,23.43310868
2023/6/21 9:00,75.32553573,25.53364519,4.040521475,1513.721603,54.46275714,81.28067953,23.73265168
2023/6/21 10:00,75.30442811,25.5315365,4.082151531,1512.255423,54.41640269,81.63595191,23.53569697
2023/6/21 11:00,75.75259688,25.67469525,4.074456162,1520.001092,54.5714757,81.22614858,23.87828965
2023/6/21 12:00,76.11433036,25.83788181,4.180193687,1522.096735,54.55208481,81.63112482,23.75770239
2023/6/21 13:00,76.31180079,25.88465858,4.108628041,1527.685778,54.70532123,81.02435293,24.12341742
2023/6/21 14:00,74.82200079,25.37318336,4.087062309,1503.279628,54.23450742,82.05390391,23.22263997
2023/6/21 15:00,75.64234457,25.65883966,4.120300622,1516.306748,54.49920562,81.68192668,23.59665763
2023/6/21 16:00,75.09602058,25.46744855,4.091804406,1507.772779,54.29855268,81.86505503,23.39836784
2023/6/21 17:00,75.15584854,25.48325521,4.081819982,1509.546139,54.34378383,81.7945981,23.44730694
2023/6/21 18:00,75.27111161,25.55311061,4.167576509,1508.897051,54.2988482,82.2781355,23.2027467
2023/6/21 19:00,75.53353268,25.61169486,4.084894056,1516.054258,54.48526521,81.54634854,23.64972022
2023/6/21 20:00,75.39272043,25.55240156,4.027993314,1514.733411,54.4850141,81.28123479,23.76329339
2023/6/21 21:00,74.55278017,25.28094972,4.0768178,1499.762169,54.1349356,82.22849454,23.07820979
2023/6/21 22:00,75.75479091,25.69410505,4.109831737,1517.959936,54.52549841,81.55007737,23.71033453
2023/6/21 23:00,75.31979399,25.53529192,4.067205643,1511.977489,54.39886822,81.58128875,23.60333642
2023/6/22 0:00,75.66696749,25.66582516,4.108943205,1516.931229,54.50407582,81.6498077,23.63032225
2023/6/22 1:00,74.94949169,25.42416455,4.112259868,1505.91094,54.24447649,82.21933051,23.1682118
2023/6/22 2:00,74.9943708,25.40282226,4.012935446,1509.537832,54.37850733,81.55041416,23.52473266
2023/6/22 3:00,75.45457007,25.57872464,4.071543957,1515.302345,54.45698661,81.5905335,23.62139321
2023/6/22 4:00,75.77358489,25.67979517,4.058411868,1520.871757,54.59648565,81.32191055,23.82451806
2023/6/22 5:00,75.99066355,25.75188145,4.042701508,1524.854055,54.66473644,81.00659613,24.06352021
2023/6/22 6:00,76.32679154,25.86576271,4.051311288,1530.170803,54.79671913,80.88117268,24.18848343
2023/6/22 7:00,75.36877352,25.57175914,4.130952387,1510.502982,54.36302899,82.10951159,23.31566846
2023/6/22 8:00,74.76452044,25.34228843,4.055089684,1504.564974,54.24096852,82.06443701,23.21426209
2023/6/22 9:00,74.2200699,25.15396218,4.031098651,1495.849054,54.08175177,82.33651671,22.93654975
2023/6/22 10:00,75.64292125,25.6253988,4.018594566,1519.505216,54.57291979,81.16807681,23.90126357
2023/6/22 11:00,74.87084533,25.35736797,3.992122304,1509.110187,54.38389133,81.65478858,23.42498057
2023/6/22 12:00,75.79602975,25.69988448,4.082574917,1520.020391,54.51849317,81.44493328,23.79920261
2023/6/22 13:00,75.61002315,25.6016853,3.993308242,1519.672089,54.59551797,81.07561113,23.93551504
2023/6/22 14:00,75.59031676,25.63074827,4.093785687,1516.097201,54.44216885,81.69661882,23.63871921
2023/6/22 15:00,75.04745742,25.45446241,4.114622115,1507.218153,54.28572767,82.36649348,23.10558655
2023/6/22 16:00,75.67543978,25.6409019,4.038799083,1519.77893,54.54374986,81.30611088,23.85187316
2023/6/22 17:00,75.75394378,25.68408893,4.083294138,1519.881805,54.51536189,81.5673856,23.72860553
2023/6/22 18:00,75.24300213,25.51200939,4.076703582,1511.038817,54.36570463,81.95275183,23.39191081
2023/6/22 19:00,75.47645298,25.57402752,4.028633795,1516.81948,54.47251031,81.39209071,23.76571368
2023/6/22 20:00,74.76096054,25.36188168,4.120533841,1502.426732,54.16522966,82.63019771,22.90378042
2023/6/22 21:00,75.93131143,25.7305686,4.069948301,1523.003022,54.62481978,81.42334895,23.82960608
2023/6/22 22:00,74.57618163,25.27081615,4.021048292,1501.397289,54.17322118,82.10316559,23.17214438
2023/6/22 23:00,74.98117836,25.42547242,4.063580719,1507.511758,54.26056114,82.05756348,23.30042207
2023/6/23 0:00,74.10463585,25.10653494,4.011719361,1495.331908,54.06483349,82.49208403,22.82772476
2023/6/23 1:00,74.94961851,25.39261823,4.025250162,1507.906238,54.32192503,81.93707487,23.32954041
2023/6/23 2:00,75.23284064,25.50075234,4.0495986,1511.519465,54.34774252,81.7960882,23.50084189
2023/6/23 3:00,75.61646829,25.61369871,4.020178122,1519.584634,54.54195265,81.36920727,23.80510906
2023/6/23 4:00,74.92515852,25.38894922,4.035013254,1507.440006,54.29566754,82.02452701,23.29591315
2023/6/23 5:00,75.49101378,25.57086593,4.013544218,1516.968088,54.4924692,81.43362035,23.74338117
2023/6/23 6:00,75.08992494,25.42343904,3.971419049,1512.21782,54.42725725,81.51874309,23.58669271
2023/6/23 7:00,74.48045838,25.21895049,3.960948085,1503.178824,54.22513215,81.91751359,23.2331865
2023/6/23 8:00,75.80790877,25.69371569,4.062110553,1520.195821,54.55896201,81.56931981,23.74263355
2023/6/23 9:00,75.48042901,25.57752337,4.034178991,1515.857086,54.49151771,81.65568677,23.60943202
2023/6/23 10:00,75.16861395,25.45403224,3.986572413,1512.440503,54.43753047,81.58991661,23.58377878
2023/6/23 11:00,75.34419274,25.52020231,4.008315328,1514.71859,54.46175979,81.60595787,23.61846167
2023/6/23 12:00,75.58835817,25.60280944,4.011504579,1518.802696,54.53149377,81.447312,23.76022658
2023/6/23 13:00,75.38493635,25.52554413,3.973724761,1516.787326,54.54185584,81.41511067,23.69830489
2023/6/23 14:00,75.13775676,25.45204479,4.003694961,1511.298902,54.38515843,81.74018047,23.51118294
2023/6/23 15:00,75.64439397,25.63149542,4.026865924,1518.702386,54.5344356,81.49997963,23.7563007
2023/6/23 16:00,75.5274083,25.5936142,4.044490049,1516.164811,54.50485531,81.78570831,23.55184198
2023/6/23 17:00,75.24578117,25.47700068,3.957484947,1515.498552,54.47200508,81.38969512,23.72457923
2023/6/23 18:00,74.4337401,25.18556528,3.928376464,1503.786422,54.25464292,81.89064013,23.24911578
2023/6/23 19:00,74.19038894,25.12655311,3.980714744,1497.312344,54.08804532,82.38127477,22.95071997
2023/6/23 20:00,74.53723293,25.22241465,3.922195421,1504.338542,54.27856879,81.79177731,23.32361905
2023/6/23 21:00,75.039625,25.40726257,3.962008325,1511.816914,54.37578475,81.60445107,23.57923454
2023/6/23 22:00,75.75518139,25.67880198,4.067048061,1519.619815,54.55512624,81.83839975,23.57377484
2023/6/23 23:00,75.18619085,25.46866969,3.997025501,1513.005947,54.40547994,81.76425592,23.50822488
2023/6/24 0:00,75.65318403,25.63957552,4.063616699,1518.679209,54.50570078,81.89402402,23.53673729
2023/6/24 1:00,75.19149035,25.4470509,3.931947978,1514.363165,54.44413258,81.33450226,23.76159467
2023/6/24 2:00,74.3132367,25.15609077,3.942653582,1500.091523,54.16754807,82.12610539,23.10972479
2023/6/24 3:00,75.07553815,25.42117444,3.978369011,1511.111946,54.38812859,81.78655034,23.47041484
2023/6/24 4:00,74.6234614,25.26810138,3.968659289,1504.679743,54.229207,82.03822586,23.24742894
2023/6/24 5:00,75.3370066,25.49852183,3.952689497,1516.55621,54.51871928,81.44270001,23.7139346
2023/6/24 6:00,76.39832709,25.8585198,3.953888047,1532.910256,54.85203703,80.64503427,24.39729119
2023/6/24 7:00,74.16998142,25.11431612,3.954593206,1497.307715,54.10669571,82.33211482,22.98196048
2023/6/24 8:00,75.19729867,25.45190601,3.958201449,1514.101816,54.4507723,81.6435937,23.57183725
2023/6/24 9:00,74.7775026,25.31449796,3.951782208,1507.346588,54.31634867,81.92714179,23.32380717
2023/6/24 10:00,75.52184309,25.57112066,3.970129275,1518.454784,54.49955049,81.42642383,23.79884025
2023/6/24 11:00,75.47718812,25.53656368,3.917860695,1520.230977,54.59245753,81.17561347,23.89956576
2023/6/24 12:00,75.11749717,25.43698961,3.994122463,1512.565684,54.40437932,82.02085234,23.35486608
2023/6/24 13:00,75.28476421,25.48758724,3.95590772,1515.25009,54.47943751,81.61060301,23.61819869
2023/6/24 14:00,75.75870157,25.63332352,3.92800224,1523.832598,54.63910861,81.0122102,24.08331692
2023/6/24 15:00,74.90762916,25.36891014,3.975400031,1508.222817,54.29808619,81.97260549,23.36903967
2023/6/24 16:00,75.34271233,25.51337357,3.99233341,1515.172433,54.46478157,81.83033696,23.520779
2023/6/24 17:00,74.88139099,25.36577693,4.008887128,1507.776982,54.25188576,82.28810229,23.1812622
2023/6/24 18:00,75.01810079,25.39529668,3.947227097,1511.01288,54.39068004,81.76267652,23.48446489
2023/6/24 19:00,75.10436082,25.41991789,3.936015911,1514.092494,54.40775538,81.61470673,23.61347358
2023/6/24 20:00,76.00177434,25.73034873,3.973134329,1526.565032,54.68360362,81.22430949,24.0146852
2023/6/24 21:00,75.53381698,25.55095637,3.908439976,1522.036664,54.60994933,81.20254595,23.90341938
2023/6/24 22:00,76.30269166,25.81153758,3.918582785,1532.839056,54.84045947,80.65690218,24.39773982
2023/6/24 23:00,74.26346708,25.13061659,3.910400479,1501.29408,54.19031131,82.21026328,23.05938097
2023/6/25 0:00,75.5424363,25.56592041,3.935326853,1520.358218,54.55474342,81.3479618,23.86161213
2023/6/25 1:00,74.09112529,25.06855436,3.894115643,1498.415167,54.13091762,82.22399296,23.03066042
2023/6/25 2:00,74.70098007,25.25947596,3.867893264,1508.852432,54.37128783,81.62619586,23.48970324
2023/6/25 3:00,75.06065559,25.40416044,3.93853847,1512.657478,54.38174094,81.7816424,23.526227
2023/6/25 4:00,75.88288489,25.66583458,3.910135538,1526.640878,54.72272567,81.00819705,24.10987464
2023/6/25 5:00,75.01918854,25.36570934,3.863856663,1514.273086,54.4748539,81.40091783,23.68267226
2023/6/25 6:00,74.36200804,25.14528545,3.850719108,1504.383476,54.26671745,81.81344971,23.31063518
2023/6/25 7:00,75.05662269,25.3879103,3.911315463,1514.047631,54.43620551,81.75617524,23.50422221
2023/6/25 8:00,74.85652524,25.32898677,3.918023785,1510.003621,54.34709777,81.89331718,23.4044157
2023/6/25 9:00,75.53164504,25.55746487,3.926892526,1519.942757,54.57724279,81.44653861,23.8000004
2023/6/25 10:00,75.26651216,25.43568344,3.841767005,1519.030307,54.57693816,81.14055438,23.89136436
2023/6/25 11:00,75.12641665,25.42054617,3.930851809,1514.073506,54.41421302,81.81028199,23.51008667
2023/6/25 12:00,76.99024832,26.06181998,3.961706721,1542.225694,54.99807691,80.54337582,24.63421921
2023/6/25 13:00,74.6263355,25.25366646,3.926572891,1505.803611,54.26019503,82.21293198,23.18144444
2023/6/25 14:00,75.30718254,25.4779583,3.92962064,1516.69005,54.46889468,81.67328461,23.64669862
2023/6/25 15:00,74.27117334,25.13639992,3.919893759,1500.469862,54.15929973,82.44312543,22.96678751
2023/6/25 16:00,74.96363367,25.34631644,3.857882463,1514.220921,54.43596717,81.50967882,23.64553859
2023/6/25 17:00,75.0000757,25.37284996,3.899373962,1513.470792,54.43976211,81.81814349,23.4646559
2023/6/25 18:00,74.96877392,25.36318899,3.908375361,1512.267258,54.40093378,81.87739164,23.44359238
2023/6/25 19:00,74.31647397,25.15012814,3.928325866,1500.543143,54.1254624,82.47425538,22.98779188
2023/6/25 20:00,74.67706592,25.2577806,3.895755665,1507.794903,54.29413489,82.03027747,23.30533134
2023/6/25 21:00,74.67661565,25.26558452,3.900252514,1507.9848,54.31107397,82.09002389,23.26424591
2023/6/25 22:00,74.90545403,25.34399876,3.907366197,1511.406183,54.37201023,81.95808946,23.38951394
2023/6/25 23:00,74.71766277,25.27021136,3.870133479,1509.496203,54.34148358,81.84078671,23.41147827
2023/6/26 0:00,75.51896168,25.54074725,3.854688826,1522.630365,54.61179566,81.07602704,24.03511944
2023/6/26 1:00,74.88190994,25.32364817,3.870176352,1511.477976,54.39002213,81.76466766,23.48866842
2023/6/26 2:00,74.91797927,25.35800502,3.922196705,1510.85576,54.3388312,82.03677184,23.36711242
2023/6/26 3:00,74.29111618,25.12281551,3.870850707,1502.28151,54.1991413,82.2659166,23.0834681
2023/6/26 4:00,73.91277718,25.00130328,3.863297982,1495.139867,54.08692316,82.51385105,22.86055743
2023/6/26 5:00,75.16378874,25.43039609,3.893317171,1514.724122,54.44826314,81.73186796,23.58537283
2023/6/26 6:00,75.31590817,25.47859363,3.890835269,1517.431569,54.50004953,81.60535423,23.69173891
2023/6/26 7:00,75.40378636,25.50835871,3.927804496,1518.121195,54.4620427,81.76822338,23.65447253
2023/6/26 8:00,75.13791959,25.39815008,3.846770896,1517.129731,54.51536257,81.51619504,23.6859782
2023/6/26 9:00,75.71431691,25.60045625,3.87399908,1525.765241,54.66272674,81.26099466,23.96291167
2023/6/26 10:00,75.02003454,25.38169592,3.912568105,1512.547492,54.37214667,82.05749538,23.39357473
2023/6/26 11:00,75.13674031,25.39319847,3.827928914,1517.159302,54.49916684,81.40563669,23.76779602
2023/6/26 12:00,75.4039902,25.4880456,3.849738665,1520.430465,54.58088578,81.37426808,23.84307475
2023/6/26 13:00,74.92255633,25.30464958,3.77453582,1516.47137,54.51807953,81.29055282,23.76579343
2023/6/26 14:00,75.35721423,25.46915366,3.830000287,1520.259774,54.59210938,81.29189033,23.87446436
2023/6/26 15:00,74.87523974,25.31621542,3.867798649,1512.043512,54.37867992,81.94374393,23.41828042
2023/6/26 16:00,75.08504303,25.37996222,3.842756469,1516.376298,54.46374172,81.6093261,23.65259036
2023/6/26 17:00,74.42967845,25.15126791,3.816390582,1506.871919,54.30195731,82.00296592,23.26901327
2023/6/26 18:00,74.63563892,25.22158527,3.828596098,1509.875353,54.3516478,81.91316393,23.37327995
2023/6/26 19:00,74.98048232,25.34012094,3.825615442,1514.486343,54.43964646,81.61979284,23.62817595
2023/6/26 20:00,74.27647986,25.08450765,3.769156034,1505.046606,54.23123575,81.74052739,23.42238842
2023/6/26 21:00,74.60019128,25.21669537,3.828129786,1508.766005,54.31066107,81.9449888,23.36418986
2023/6/26 22:00,74.80418503,25.28381881,3.833242894,1512.318149,54.40619727,81.87933273,23.43528625
2023/6/26 23:00,75.07398367,25.36644738,3.809604819,1516.961737,54.53445346,81.56062769,23.6567945
2023/6/27 0:00,74.91297623,25.31650895,3.830861156,1513.966444,54.42673462,81.80440303,23.51099253
2023/6/27 1:00,74.54547127,25.17544389,3.765344667,1509.860771,54.32339412,81.6113454,23.55142659
2023/6/27 2:00,75.11437382,25.37170279,3.796249375,1518.324762,54.54905319,81.45363625,23.74337235
2023/6/27 3:00,75.25780243,25.41849251,3.804324809,1521.150194,54.58564541,81.42316752,23.78517941
2023/6/27 4:00,75.22061802,25.42059249,3.833783022,1518.973235,54.51313363,81.63719777,23.6781934
2023/6/27 5:00,75.48712493,25.52633907,3.869428401,1521.111389,54.58482596,81.70759172,23.69242281
2023/6/27 6:00,75.45821721,25.49058602,3.805182017,1523.567208,54.62898651,81.27675646,23.92236997
2023/6/27 7:00,75.02724136,25.34652076,3.791213902,1517.033312,54.52039051,81.58775646,23.64251687
2023/6/27 8:00,74.86715197,25.30507398,3.822769139,1513.105412,54.3908882,81.82503865,23.51983201
2023/6/27 9:00,74.95689803,25.33129106,3.820780689,1514.844936,54.4326317,81.82414923,23.5186127
2023/6/27 10:00,74.8827395,25.3032932,3.812387697,1513.920642,54.41322537,81.81596025,23.50712509
2023/6/27 11:00,73.97987286,24.97397585,3.721147503,1502.893804,54.2192393,81.93197484,23.23363101
2023/6/27 12:00,74.55905574,25.19152333,3.808091387,1508.667528,54.31856463,82.05875169,23.30651225
2023/6/27 13:00,74.92246395,25.312248,3.803324959,1515.340419,54.43225988,81.75914827,23.56287462
2023/6/27 14:00,74.79204405,25.25717936,3.781972691,1514.416812,54.4068369,81.74740033,23.54045162
2023/6/27 15:00,74.33542396,25.10230021,3.758286898,1507.14742,54.31835609,82.00106186,23.26357629
2023/6/27 16:00,75.76653026,25.6067217,3.836184729,1526.961497,54.66017424,81.33474064,23.99923983
2023/6/27 17:00,74.4452903,25.15503667,3.809421267,1506.78852,54.2494253,82.24573221,23.18988226
2023/6/27 18:00,75.11410488,25.36046596,3.759860282,1519.32348,54.54006805,81.42989357,23.77925288
2023/6/27 19:00,75.05651085,25.3476659,3.777713693,1517.385091,54.48992833,81.57907943,23.69803641
2023/6/27 20:00,73.99117408,24.98627629,3.740682956,1502.134721,54.17688187,82.17438582,23.1174952
2023/6/27 21:00,74.40214291,25.13381921,3.777430655,1506.880832,54.26461378,82.09583048,23.27193216
2023/6/27 22:00,74.2941286,25.09015266,3.778072159,1505.303334,54.23922377,82.23333895,23.16524592
2023/6/27 23:00,73.65780983,24.86322392,3.724158464,1497.835335,54.1205801,82.4400443,22.87840272
2023/6/28 0:00,73.79209752,24.92457501,3.769560857,1497.703174,54.06650133,82.53720965,22.89741126
2023/6/28 1:00,74.77652986,25.24446634,3.755845387,1514.170827,54.41763962,81.75519258,23.54368916
2023/6/28 2:00,75.24481566,25.42588564,3.812496501,1519.563007,54.49444939,81.74308465,23.66890694
2023/6/28 3:00,74.69361481,25.22136237,3.770957516,1511.942988,54.37239406,81.92177068,23.44751088
2023/6/28 4:00,74.66325976,25.21045516,3.748711643,1512.791842,54.39405671,81.82729789,23.48009763
2023/6/28 5:00,74.54374996,25.17732999,3.772426129,1509.175523,54.31782146,82.06744991,23.32695668
2023/6/28 6:00,74.55166105,25.15941492,3.712160119,1511.863998,54.37643734,81.65251589,23.56072797
2023/6/28 7:00,73.54685938,24.82342755,3.695659927,1495.784092,54.07537103,82.39570424,22.90440688
2023/6/28 8:00,75.02187173,25.32228445,3.739179984,1518.13121,54.50664502,81.5275279,23.72546304
2023/6/28 9:00,74.80085823,25.25906494,3.757307954,1513.949217,54.42237368,81.84926273,23.49680948
2023/6/28 10:00,73.96114357,24.96686249,3.718650209,1502.31184,54.17781832,82.20943136,23.12309029
2023/6/28 11:00,74.40954266,25.09650241,3.672651756,1511.086708,54.37057624,81.60522923,23.54512814
2023/6/28 12:00,74.77555655,25.23400243,3.723635907,1514.455675,54.44515518,81.73522169,23.55773933
2023/6/28 13:00,74.84576277,25.26174485,3.723386912,1515.981607,54.49551615,81.68740746,23.58944226
2023/6/28 14:00,75.70780495,25.55580905,3.744956721,1528.792948,54.73642629,81.14193199,24.09907623
2023/6/28 15:00,74.46585972,25.14585138,3.747123644,1509.26551,54.31444578,82.10909365,23.29309986
2023/6/28 16:00,74.94962791,25.29316275,3.71033,1518.366908,54.51696869,81.52274878,23.73119589
2023/6/28 17:00,74.66796017,25.20674752,3.724098445,1512.172777,54.37380834,81.78480987,23.54666125
2023/6/28 18:00,75.22268326,25.3962912,3.754585255,1520.945411,54.55698067,81.64903839,23.71537982
2023/6/28 19:00,75.93248202,25.61776198,3.714909646,1533.536404,54.82198244,80.84619467,24.33479104
2023/6/28 20:00,74.34994501,25.09539086,3.714824557,1508.658892,54.3239049,82.09917782,23.26940601
2023/6/28 21:00,74.9563574,25.28912674,3.691797946,1518.479767,54.53894599,81.47031091,23.75119022
2023/6/28 22:00,74.63314346,25.17104763,3.691084335,1514.823794,54.44642946,81.78581534,23.49988732
2023/6/28 23:00,74.48673805,25.1096118,3.644651541,1513.640544,54.44128627,81.60749166,23.5628366
2023/6/29 0:00,74.42335778,25.12087893,3.726361743,1510.225413,54.32481095,82.18130056,23.2584418
2023/6/29 1:00,75.25471585,25.3862173,3.700725559,1522.736715,54.59609255,81.35248937,23.90929511
2023/6/29 2:00,74.42037493,25.10771694,3.694556973,1510.330755,54.33635666,81.98828069,23.3652593
2023/6/29 3:00,74.55572074,25.15389624,3.690443642,1513.060149,54.43641556,81.91692749,23.4089777
2023/6/29 4:00,74.06016313,24.99034195,3.699036659,1504.637483,54.25013932,82.37304276,23.04422148
2023/6/29 5:00,74.4216948,25.10922549,3.674900197,1510.359455,54.33311779,81.84652303,23.4632451
2023/6/29 6:00,74.87456554,25.26761291,3.710011881,1516.934287,54.47410498,81.78939998,23.57333125
2023/6/29 7:00,74.81692956,25.24260285,3.679164913,1516.875441,54.48929046,81.63137768,23.65161691
2023/6/29 8:00,74.51073986,25.13107664,3.676640152,1511.824149,54.37781185,81.86258687,23.46259291
2023/6/29 9:00,74.60422247,25.17144524,3.692621674,1513.889295,54.40778665,81.9624041,23.43024544
2023/6/29 10:00,74.31041994,25.07135004,3.688356847,1508.466361,54.30563762,82.14859007,23.25742595
2023/6/29 11:00,74.92055413,25.26450626,3.648558869,1518.952912,54.53131259,81.38209987,23.8305181
2023/6/29 12:00,74.08013365,24.98022249,3.645920665,1506.070056,54.26989918,82.05161294,23.26647872
2023/6/29 13:00,73.98785689,24.94637182,3.640897111,1505.062519,54.24081804,82.11637951,23.21028346
2023/6/29 14:00,73.82250572,24.89726737,3.649051811,1502.331577,54.19486368,82.3548973,23.02854395
2023/6/29 15:00,74.59178075,25.1721046,3.714170825,1512.078425,54.35163975,82.16010338,23.34065104
2023/6/29 16:00,73.84434539,24.90351708,3.649596681,1502.61195,54.21544716,82.39070152,23.01311266
2023/6/29 17:00,74.26801998,25.03344228,3.629313789,1510.215127,54.32410112,81.89279147,23.41187264
2023/6/29 18:00,73.74485411,24.86093673,3.634155796,1502.064078,54.16906048,82.35383304,23.02472426
2023/6/29 19:00,74.5126682,25.11593081,3.633933202,1513.889903,54.42852493,81.79846411,23.50199766
2023/6/29 20:00,74.30738223,25.05093198,3.638647083,1510.915775,54.36357583,82.01563766,23.33648122
2023/6/29 21:00,75.27051869,25.37639739,3.659419182,1525.474842,54.65500399,81.42151593,23.88950634
2023/6/29 22:00,74.71493721,25.19806868,3.668243853,1515.855529,54.43882573,81.87846198,23.53173948
2023/6/29 23:00,74.26217853,25.04505166,3.66486487,1508.885192,54.26867663,82.18990255,23.27075654
2023/6/30 0:00,74.41157066,25.07856847,3.610039462,1512.421098,54.41691022,81.78703183,23.49553479
2023/6/30 1:00,74.11790994,24.96491871,3.567951666,1509.590125,54.34468823,81.74637382,23.44963159
2023/6/30 2:00,74.60325183,25.16068594,3.664872696,1514.382198,54.43315593,82.05660549,23.39331727
2023/6/30 3:00,74.05282023,24.9551143,3.606098608,1506.771667,54.30779757,82.10366551,23.23240865
2023/6/30 4:00,74.32486458,25.04138072,3.58932267,1512.804814,54.40074966,81.7459055,23.50601795
2023/6/30 5:00,74.26329216,25.04796274,3.668861536,1508.611048,54.29482061,82.36135131,23.16257669
2023/6/30 6:00,74.93405473,25.26018729,3.624419365,1520.098908,54.56879684,81.56337248,23.74344817
2023/6/30 7:00,74.48992851,25.122261,3.662886567,1511.869,54.33328738,82.13743231,23.3569992
2023/6/30 8:00,74.3274907,25.04209378,3.594067713,1512.259711,54.38775401,81.87642888,23.43660532
2023/6/30 9:00,75.12192928,25.33273853,3.658302844,1522.563191,54.55961453,81.64959692,23.76779041
2023/6/30 10:00,74.52104232,25.11435532,3.607352076,1515.317413,54.44299542,81.85481762,23.49479035
2023/6/30 11:00,73.91512342,24.91064831,3.61928471,1505.300728,54.20330944,82.4011104,23.07981249
2023/6/30 12:00,74.53544736,25.09902016,3.529624377,1517.488067,54.51924027,81.34474023,23.77297095
2023/6/30 13:00,74.23685486,25.01801918,3.591586414,1510.433184,54.34761193,81.98913454,23.37358313
2023/6/30 14:00,73.38455641,24.72325066,3.554691778,1497.795701,54.09111661,82.39631519,22.9585284
2023/6/30 15:00,73.85051251,24.87172408,3.560504782,1505.228161,54.26461172,82.15184666,23.18191008
2023/6/30 16:00,74.61179125,25.1512072,3.62482011,1515.330977,54.41236865,81.93121165,23.51240163
2023/6/30 17:00,74.24970893,25.00606305,3.568698463,1511.935953,54.40577693,81.93802601,23.39007248
2023/6/30 18:00,73.4470005,24.73535031,3.545533692,1499.772115,54.13178987,82.39892445,22.97603316
2023/6/30 19:00,74.00506882,24.92515509,3.568558578,1507.417579,54.28900858,82.10429774,23.27116651
2023/6/30 20:00,74.16525603,24.97639812,3.554853069,1510.824167,54.34473933,81.90047249,23.42055828
2023/6/30 21:00,74.53950345,25.12266238,3.612835408,1514.623128,54.43132927,82.02962547,23.42566996
2023/6/30 22:00,74.24370422,25.00530772,3.562936969,1511.401568,54.3561577,81.92619767,23.4315648
2023/6/30 23:00,74.63300654,25.13775904,3.568410121,1517.20903,54.4842376,81.65292969,23.6736609
2023/7/1 0:00,73.97905533,24.93208815,3.591600556,1505.865203,54.23447438,82.34058747,23.15466329
2023/7/1 1:00,73.73546727,24.83633377,3.561268074,1502.796954,54.20899254,82.39904091,23.04856707
2023/7/1 2:00,75.36499741,25.41294675,3.654192494,1527.295614,54.64092378,81.72801039,23.80938855
2023/7/1 3:00,74.04192876,24.92997706,3.536643676,1510.069145,54.30732408,82.01734722,23.34114393
2023/7/1 4:00,74.39245957,25.05697702,3.570791787,1513.995465,54.40796763,81.9915265,23.42089458
2023/7/1 5:00,74.54527141,25.11594962,3.595780846,1515.493129,54.39600343,81.99139168,23.49460973
2023/7/1 6:00,74.95968519,25.25730134,3.595150532,1521.61499,54.57227928,81.76047346,23.68558048
2023/7/1 7:00,74.60743571,25.12972983,3.560315005,1516.834955,54.47815809,81.82279779,23.58534147
2023/7/1 8:00,73.92266428,24.89150492,3.542233655,1507.827745,54.28563693,82.28106576,23.15999003
2023/7/1 9:00,74.45456351,25.09571849,3.619075959,1513.023952,54.33415384,82.27963589,23.32184297
2023/7/1 10:00,74.66851266,25.1367166,3.53146419,1519.305717,54.51541414,81.56127788,23.7459706
2023/7/1 11:00,74.55179494,25.10687411,3.546509979,1515.561751,54.47666553,81.81922743,23.5668797
2023/7/1 12:00,74.12007363,24.93872784,3.494568029,1512.326729,54.39251086,81.84167982,23.45734828
2023/7/1 13:00,74.24244386,25.00031547,3.53127148,1512.189098,54.39884706,82.01740798,23.37983643
2023/7/1 14:00,74.59135064,25.10936345,3.531714097,1517.629248,54.48495831,81.73846291,23.64228808
2023/7/1 15:00,73.54648439,24.75636212,3.513133034,1502.448688,54.18789294,82.46074519,22.9883074
2023/7/1 16:00,73.99578178,24.90455923,3.503089853,1509.577903,54.32733314,82.05265919,23.32114615
2023/7/1 17:00,74.62237381,25.1391566,3.585684272,1517.157533,54.46319758,82.10736588,23.43780837
2023/7/1 18:00,74.10842916,24.97062886,3.578028097,1509.01466,54.27657575,82.45450287,23.14405683
2023/7/1 19:00,73.59972121,24.76246926,3.473989979,1504.288049,54.21212182,82.19506592,23.17021535
2023/7/1 20:00,74.53531341,25.10520769,3.552149426,1515.198309,54.42921961,81.97018762,23.50813803
2023/7/1 21:00,74.26571591,25.01774775,3.546698066,1511.240021,54.33386514,82.16412692,23.34869823
2023/7/1 22:00,73.97071752,24.88336865,3.476192596,1510.679372,54.37968622,82.04930097,23.30393818
2023/7/1 23:00,74.59640761,25.08971472,3.465964835,1521.223396,54.57049708,81.47198828,23.78016249
2023/7/2 0:00,73.88072945,24.87047819,3.513113137,1506.468931,54.26905722,82.36631475,23.12741595
2023/7/2 1:00,74.47489,25.07364936,3.534301595,1515.561361,54.45352671,82.04640131,23.44963575
2023/7/2 2:00,74.44205284,25.05260796,3.492495051,1516.650639,54.45954513,81.78909274,23.59114204
2023/7/2 3:00,73.54504133,24.72549155,3.410041574,1504.647654,54.27999128,82.00004641,23.24383318
2023/7/2 4:00,74.21969359,24.96992108,3.47858302,1514.162715,54.38381776,81.88970748,23.49491071
2023/7/2 5:00,73.9167518,24.86166329,3.465547258,1510.203309,54.34603342,82.09583113,23.30069516
2023/7/2 6:00,73.96443934,24.90251696,3.531323572,1508.237936,54.24236905,82.47803611,23.12863183
2023/7/2 7:00,73.96929662,24.90663853,3.535990542,1507.114011,54.24853136,82.52638168,23.09308197
2023/7/2 8:00,74.23334322,24.98041911,3.497891145,1514.060295,54.38077895,82.10765614,23.37489069
2023/7/2 9:00,74.38804871,25.02212996,3.469578865,1517.267965,54.46556284,81.8183366,23.57428665
2023/7/2 10:00,74.89114586,25.19283279,3.479253292,1524.500286,54.64959012,81.55493977,23.81014178
2023/7/2 11:00,73.53831149,24.74527037,3.491276897,1502.941835,54.15911248,82.6518832,22.93467423
2023/7/2 12:00,74.10292374,24.93009498,3.477625302,1511.771633,54.34763326,82.13007337,23.34611041
2023/7/2 13:00,73.90731501,24.84524949,3.424748787,1510.342738,54.33947971,81.95038961,23.40627213
2023/7/2 14:00,74.22839965,24.96063551,3.451852252,1514.610678,54.41686563,81.89344683,23.50466174
2023/7/2 15:00,75.01199791,25.2289154,3.475694791,1526.449721,54.66829893,81.48158595,23.91171776
2023/7/2 16:00,73.86406151,24.82875377,3.4118592,1510.585693,54.35226946,81.9978835,23.35463339
2023/7/2 17:00,73.14280332,24.60230328,3.468431188,1496.446971,54.03464677,82.91538908,22.71198109
2023/7/2 18:00,74.07678305,24.93171629,3.507794662,1510.519342,54.34068188,82.48771119,23.13573249
2023/7/2 19:00,73.9937957,24.88220562,3.464285802,1511.412284,54.34707017,82.29177079,23.23740808
2023/7/2 20:00,74.3388052,25.00501552,3.470236434,1515.952838,54.41306211,82.00718929,23.49203995
2023/7/2 21:00,73.91432926,24.8497321,3.435123562,1509.783724,54.31317035,82.160481,23.31337188
2023/7/2 22:00,74.0182477,24.87945463,3.414176517,1513.259756,54.40050635,81.98984645,23.40388688
2023/7/2 23:00,73.64095493,24.74797698,3.395996662,1507.149936,54.2699231,82.13656547,23.24462396
2023/7/3 0:00,73.75431314,24.80201419,3.432694552,1507.929477,54.30940419,82.37664916,23.12792486
2023/7/3 1:00,74.05818095,24.90012648,3.421997978,1512.751261,54.36968918,82.01575326,23.42044496
2023/7/3 2:00,74.4522405,25.04333441,3.455490072,1517.609429,54.46769622,81.97873465,23.52810756
2023/7/3 3:00,74.47860198,25.03574241,3.410346368,1520.264436,54.55019116,81.70358966,23.66676011
2023/7/3 4:00,73.81794126,24.83169958,3.461390481,1507.932535,54.27689683,82.55425418,23.06040511
2023/7/3 5:00,73.47394563,24.68970664,3.380086602,1504.693528,54.22914919,82.29671814,23.13080201
2023/7/3 6:00,73.31984282,24.64367403,3.402582297,1501.38183,54.12477341,82.49108539,23.02672541
2023/7/3 7:00,74.21244048,24.93642742,3.383992817,1516.619524,54.49336869,81.7838721,23.56686823
2023/7/3 8:00,74.0745314,24.89336757,3.395483465,1514.683973,54.42042557,82.00995467,23.42886598
2023/7/3 9:00,73.71113126,24.75777423,3.338784568,1510.024126,54.34763215,81.89674923,23.40137566
2023/7/3 10:00,74.27948507,24.9662169,3.40785159,1517.107735,54.46756578,81.95353793,23.50739509
2023/7/3 11:00,73.6326383,24.73309189,3.36738137,1507.812197,54.27659007,82.18274853,23.25461264
2023/7/3 12:00,74.46414948,25.01147442,3.370329713,1521.643848,54.5640618,81.61920028,23.74346903
2023/7/3 13:00,73.95665935,24.83245697,3.332632283,1514.261137,54.42591361,81.73234098,23.56782461
2023/7/3 14:00,73.98626544,24.86711003,3.396169539,1511.406483,54.3556816,82.13186671,23.37120984
2023/7/3 15:00,74.06414942,24.88649428,3.402940008,1514.120925,54.3969854,82.20634335,23.32750036
2023/7/3 16:00,73.40402349,24.68448616,3.422522105,1501.879173,54.12603393,82.79155887,22.8803
2023/7/3 17:00,73.61106549,24.74629867,3.415984508,1505.451476,54.2085971,82.62698122,23.02080429
2023/7/3 18:00,73.85481968,24.79667434,3.30421824,1513.960059,54.40609155,81.70412293,23.57687971
2023/7/3 19:00,73.27681906,24.6302974,3.39404363,1501.700314,54.13157771,82.77222715,22.85525366
2023/7/3 20:00,73.31171343,24.63799521,3.375877338,1502.163185,54.14233763,82.65879214,22.92859674
2023/7/3 21:00,73.60754945,24.74360351,3.399343429,1505.739637,54.22907663,82.57871411,23.0547304
2023/7/3 22:00,74.34468571,24.98032856,3.377330866,1519.413876,54.4810813,81.88317322,23.59972355
2023/7/3 23:00,74.15464111,24.90882172,3.336419813,1516.594982,54.44951809,81.74686733,23.63071977
2023/7/4 0:00,73.8403242,24.80214647,3.346147177,1511.588118,54.34910372,82.10764013,23.36060041
2023/7/4 1:00,73.19262491,24.57116971,3.32935292,1501.901504,54.17809537,82.59360986,22.93421029
2023/7/4 2:00,73.63183362,24.74448248,3.373944874,1506.824815,54.24749433,82.4856087,23.11753242
2023/7/4 3:00,73.93409892,24.8289062,3.344431578,1513.671487,54.39662526,82.11730676,23.3716549
2023/7/4 4:00,74.46528364,25.02459735,3.383824135,1521.454352,54.54072925,81.98816291,23.56503425
2023/7/4 5:00,73.93725044,24.84962494,3.390453004,1511.43424,54.35589348,82.46347349,23.18313912
2023/7/4 6:00,73.46346789,24.65495012,3.307249353,1507.473841,54.25073865,82.26949302,23.19350558
2023/7/4 7:00,74.38514376,24.99129182,3.359902058,1519.390023,54.49306441,81.8921124,23.62589244
2023/7/4 8:00,74.35740909,24.97336302,3.326020403,1520.429286,54.55997266,81.7128494,23.69460456
2023/7/4 9:00,73.93323347,24.8164758,3.300602439,1514.655942,54.40816676,81.89556929,23.52396743
2023/7/4 10:00,72.94573738,24.47953459,3.280056673,1499.926236,54.14212364,82.6213264,22.87273108
2023/7/4 11:00,73.36199446,24.62403931,3.307289564,1505.354982,54.22239835,82.45909022,23.07170131
2023/7/4 12:00,73.85004052,24.78188122,3.29004929,1513.649735,54.41786736,82.02236486,23.41219772
2023/7/4 13:00,73.58776624,24.70133608,3.307464322,1509.008224,54.30365826,82.33758934,23.19169684
2023/7/4 14:00,73.6936067,24.74762098,3.321174421,1509.571181,54.32121988,82.35853524,23.2057172
2023/7/4 15:00,74.74882075,25.10886346,3.365088901,1526.935615,54.61123834,81.81789858,23.7512273
2023/7/4 16:00,74.11098337,24.89665337,3.362487842,1515.646534,54.40888367,82.3153427,23.34002428
2023/7/4 17:00,73.79958475,24.77001548,3.307087207,1513.406742,54.37989722,82.25444671,23.28379362
2023/7/4 18:00,73.99246308,24.82970791,3.297982311,1515.921632,54.43835982,82.03925748,23.46944407
2023/7/4 19:00,73.23864593,24.58199036,3.275573279,1504.016811,54.19326338,82.45690987,23.07695382
2023/7/4 20:00,74.05303801,24.88064511,3.369716057,1514.667686,54.36068186,82.46432665,23.25778915
2023/7/4 21:00,74.44630281,25.01362181,3.390990296,1520.144426,54.4641702,82.32755212,23.43608468
2023/7/4 22:00,73.92193856,24.82807152,3.34077846,1513.380971,54.35740072,82.4400206,23.24198826
2023/7/4 23:00,73.97327944,24.83042862,3.307378621,1515.300097,54.39303652,82.18693694,23.39352973
2023/7/5 0:00,72.620685,24.3647108,3.251767828,1495.856485,54.00192787,82.86836623,22.71911393
2023/7/5 1:00,73.24219522,24.58844872,3.31586437,1503.586217,54.15764352,82.88701397,22.83470125
2023/7/5 2:00,73.63966814,24.72322696,3.30545958,1509.740278,54.29401741,82.49250883,23.15095288
2023/7/5 3:00,73.95910348,24.80807483,3.252236417,1516.754093,54.46484464,81.92053486,23.54380164
2023/7/5 4:00,74.58729836,25.02440444,3.280714087,1526.576059,54.6297659,81.64389634,23.83173242
2023/7/5 5:00,73.38560512,24.63774279,3.315742046,1504.953677,54.17575728,82.79574791,22.94513338
2023/7/5 6:00,73.9390144,24.81946378,3.310645925,1513.955227,54.39770667,82.424073,23.25404148
2023/7/5 7:00,73.45343917,24.61923783,3.215092307,1509.987477,54.33248855,82.2006306,23.26137751
2023/7/5 8:00,74.5952525,25.03981794,3.31448256,1525.235694,54.56587777,81.91445691,23.71702953
2023/7/5 9:00,74.30489022,24.94519402,3.326497247,1520.521086,54.49494768,82.27466676,23.43874881
2023/7/5 10:00,73.79414945,24.77486063,3.314995331,1511.868695,54.2940848,82.55176385,23.19925727
2023/7/5 11:00,73.69390662,24.71673515,3.246904472,1512.238669,54.39023562,82.29282341,23.26827825
2023/7/5 12:00,73.75801473,24.72730897,3.235183364,1515.58071,54.38562497,82.17264127,23.37617129
2023/7/5 13:00,73.53942812,24.67985849,3.276373873,1509.029372,54.29103238,82.59760062,23.07505285
2023/7/5 14:00,74.06414183,24.85030456,3.280131433,1517.873447,54.44409296,82.23926113,23.40746147
2023/7/5 15:00,74.48245473,24.99488056,3.268493409,1523.841071,54.56770064,81.82692242,23.74673099
2023/7/5 16:00,73.94700684,24.79923555,3.231059711,1518.031927,54.44988703,82.04038626,23.49065449
2023/7/5 17:00,73.61822372,24.69853324,3.255778904,1511.608913,54.31726104,82.50683818,23.16286986
2023/7/5 18:00,72.62484451,24.34548062,3.208703803,1496.647278,54.02363135,82.96196727,22.70186274
2023/7/5 19:00,73.92788147,24.81312261,3.312088245,1513.891439,54.36156687,82.65789912,23.16498749
2023/7/5 20:00,74.74050918,25.06857559,3.241972251,1529.007379,54.70357433,81.57848399,23.93043958
2023/7/5 21:00,73.75340157,24.73018301,3.222233531,1514.19494,54.37181597,82.19825396,23.38142042
2023/7/5 22:00,72.95114448,24.45559164,3.197177368,1502.417118,54.14500668,82.71580295,22.9130044
2023/7/5 23:00,73.59710482,24.67656836,3.224353195,1512.017426,54.32533972,82.4123476,23.22969292
2023/7/6 0:00,73.45852236,24.62837723,3.199042329,1510.496718,54.32635544,82.39801608,23.18952016
2023/7/6 1:00,74.13779948,24.85598102,3.218113015,1520.973033,54.51723326,82.00098301,23.57333879
2023/7/6 2:00,72.85536935,24.42205083,3.192470875,1500.552818,54.10477218,82.81329153,22.84979689
2023/7/6 3:00,73.09552246,24.49991892,3.189215176,1504.846131,54.21114648,82.70141725,22.94046905
2023/7/6 4:00,73.93030719,24.77368567,3.174502436,1519.466076,54.48074855,81.93871034,23.56589008
2023/7/6 5:00,73.31526418,24.56463925,3.174884729,1509.141722,54.27449354,82.45220396,23.14989425
2023/7/6 6:00,74.57418644,25.0157246,3.248834477,1526.861005,54.61977154,81.97373702,23.69374353
2023/7/6 7:00,74.68999026,25.06270123,3.284809391,1527.222982,54.61687524,82.13833172,23.64703729
2023/7/6 8:00,74.13699614,24.85010901,3.19777916,1520.937871,54.49836536,81.96651845,23.63090335
2023/7/6 9:00,73.62231995,24.65280879,3.133985942,1514.687165,54.3992078,81.98273241,23.49220038
2023/7/6 10:00,72.92401562,24.44087061,3.181312438,1502.326014,54.14491688,82.90278825,22.81740587
2023/7/6 11:00,73.47902819,24.66722584,3.293789394,1507.037718,54.16239794,83.16363845,22.83306032
2023/7/6 12:00,73.75933488,24.72735963,3.196059923,1514.458514,54.37744148,82.33195397,23.34043228
2023/7/6 13:00,74.09782148,24.82616137,3.165611612,1521.904124,54.55119112,81.94958379,23.60730204
2023/7/6 14:00,73.67020544,24.69532612,3.202689223,1513.279237,54.36842755,82.52325638,23.20470115
2023/7/6 15:00,73.42817899,24.59529055,3.145907962,1511.966404,54.33560082,82.4056599,23.21044694
2023/7/6 16:00,74.01511886,24.79910308,3.163755528,1519.663907,54.50352003,82.06774994,23.53401638
2023/7/6 17:00,74.1277388,24.83581392,3.156540719,1521.804393,54.5558262,81.91943866,23.64234096
2023/7/6 18:00,73.40687606,24.61039091,3.19082083,1508.822151,54.26879515,82.70165813,23.06589747
2023/7/6 19:00,73.56303563,24.64413341,3.165807972,1513.503412,54.35501911,82.48531128,23.21795453
2023/7/6 20:00,73.45219745,24.58223801,3.081762431,1514.008856,54.40691618,82.03079956,23.42887258
2023/7/6 21:00,73.6999858,24.6993991,3.176843054,1514.051724,54.37534492,82.46033136,23.28059077
2023/7/6 22:00,72.70145839,24.3729348,3.196491852,1497.937741,54.03164297,83.38219922,22.52750896
2023/7/6 23:00,72.99593485,24.44875806,3.137589366,1505.065971,54.1909246,82.82683862,22.9075183
2023/7/7 0:00,73.11232184,24.4798119,3.134827943,1506.855204,54.24267831,82.7385193,22.96684785
2023/7/7 1:00,73.05402144,24.45458869,3.101052665,1506.733939,54.22341796,82.55478455,23.0752797
2023/7/7 2:00,72.86669293,24.41196173,3.154017948,1502.740669,54.12759025,83.09377405,22.73750724
2023/7/7 3:00,73.25730666,24.53098625,3.143120796,1508.396671,54.24533009,82.69382,23.07076783
2023/7/7 4:00,73.57032913,24.65502223,3.188779668,1511.53624,54.28659324,82.74818997,23.11486669
2023/7/7 5:00,74.59655676,25.00720109,3.190384614,1528.273428,54.62057634,81.97649149,23.76247013
2023/7/7 6:00,72.2715466,24.18884899,3.09066787,1494.953802,53.98814697,83.20433818,22.54693157
2023/7/7 7:00,73.727724,24.686993,3.139834792,1517.309858,54.42681698,82.46665607,23.2852607
2023/7/7 8:00,73.50138253,24.62025161,3.144531716,1512.706487,54.31990429,82.62419459,23.17161131
2023/7/7 9:00,73.19775255,24.51418215,3.138782435,1508.758144,54.26853403,82.92792047,22.90666666
2023/7/7 10:00,74.08426453,24.79400754,3.082069584,1524.284783,54.60003373,81.85950415,23.68998447
2023/7/7 11:00,73.70416451,24.67971128,3.11505425,1516.847093,54.41165496,82.31723994,23.37297449
2023/7/7 12:00,73.64506588,24.67237221,3.150595057,1514.506315,54.35127071,82.65706979,23.1904897
2023/7/7 13:00,72.64369811,24.31674778,3.092297974,1500.650464,54.09406854,83.06741717,22.72939668
2023/7/7 14:00,73.92482522,24.7507074,3.127653724,1520.60976,54.48185695,82.34974276,23.40646949
2023/7/7 15:00,73.73261868,24.66886304,3.071578646,1519.380374,54.48458292,82.17332214,23.4516014
2023/7/7 16:00,73.52323714,24.60469938,3.065717247,1515.829454,54.4087212,82.25659634,23.37512125
2023/7/7 17:00,73.47140992,24.61689523,3.167511727,1511.104013,54.25899046,82.98921746,22.98323944
2023/7/7 18:00,73.50591828,24.59104036,3.068016625,1515.862696,54.38308251,82.33169972,23.34379824
2023/7/7 19:00,74.26015527,24.85575286,3.089411096,1526.319266,54.60733553,81.89721505,23.75495591
2023/7/7 20:00,74.15938911,24.83037517,3.102966966,1524.209932,54.54868812,82.05538072,23.66181114
2023/7/7 21:00,73.22170598,24.4886008,3.042776053,1512.386267,54.29635081,82.46475057,23.21399713
2023/7/7 22:00,73.51039548,24.61651608,3.117750014,1513.525562,54.31005751,82.67941077,23.17281463
2023/7/7 23:00,73.92426563,24.74064043,3.080982062,1521.527876,54.4974109,82.20720058,23.51526934
2023/7/8 0:00,73.53359524,24.62153866,3.111595756,1515.184541,54.3376364,82.75070054,23.13012899
2023/7/8 1:00,73.12663179,24.48713384,3.131238962,1507.29761,54.18408374,83.21973922,22.79188785
2023/7/8 2:00,73.19933803,24.51151897,3.126994993,1508.973101,54.21532908,83.14098382,22.84438205
2023/7/8 3:00,73.43259563,24.57307539,3.078964415,1513.874611,54.34573695,82.6868412,23.14315074
2023/7/8 4:00,73.4177543,24.57419357,3.080308275,1512.835623,54.31546062,82.63853495,23.19343672
2023/7/8 5:00,73.07262565,24.46265997,3.100559141,1507.20188,54.2063734,83.18335294,22.79030895
2023/7/8 6:00,72.92736978,24.39770175,3.057989339,1505.984288,54.16828357,82.94828202,22.91046736
2023/7/8 7:00,72.86771612,24.3971749,3.106172796,1503.326845,54.06972841,83.29479107,22.7247939
2023/7/8 8:00,73.08820566,24.45345307,3.047705847,1508.976365,54.24520526,82.83685608,22.99492405
2023/7/8 9:00,73.34927765,24.54491969,3.073678285,1511.954167,54.29669073,82.7916416,23.09346009
2023/7/8 10:00,73.27850424,24.49938172,3.007472813,1513.716993,54.36542857,82.45926052,23.23431171
2023/7/8 11:00,72.89718854,24.3660801,3.000387089,1506.991651,54.21806164,82.71318488,23.03258848
2023/7/8 12:00,74.72774099,24.99760157,3.060523867,1535.108939,54.73627627,81.68352993,24.02529153
2023/7/8 13:00,73.21660873,24.49567641,3.055834355,1511.010697,54.24090482,82.85818769,23.04678935
2023/7/8 14:00,74.00970551,24.7592172,3.05295628,1523.868171,54.53887716,82.2771961,23.52608375
2023/7/8 15:00,73.37102856,24.5487044,3.070140182,1511.701923,54.29534964,82.88581127,23.06496913
2023/7/8 16:00,73.01185519,24.42790801,3.061921588,1507.826999,54.18412074,83.11516819,22.84991829
2023/7/8 17:00,73.43084746,24.55500347,3.019460668,1514.867982,54.38068013,82.568782,23.24395231
2023/7/8 18:00,73.6396096,24.62475214,3.024675971,1519.060568,54.43056654,82.43467636,23.3707515
2023/7/8 19:00,73.2737178,24.49456327,3.007224649,1514.304219,54.31826557,82.65276002,23.16723752
2023/7/8 20:00,72.55958894,24.28153337,3.059766877,1500.533019,54.03487247,83.56575938,22.51059975
2023/7/8 21:00,73.28431879,24.50998769,3.035854432,1512.657201,54.30720279,82.91209327,23.03214432
2023/7/8 22:00,73.26773104,24.49831989,3.01405473,1513.33147,54.31014086,82.75549277,23.10589334
2023/7/8 23:00,73.08324695,24.45947239,3.07730941,1507.530096,54.14842136,83.29408359,22.80963729
2023/7/9 0:00,72.72212364,24.3217135,3.038672132,1504.505793,54.11495467,83.42666511,22.62941672
2023/7/9 1:00,73.50097073,24.58430997,3.029610523,1515.951598,54.35313458,82.71366216,23.20626987
2023/7/9 2:00,73.61178622,24.62068833,3.04629022,1517.237079,54.37632242,82.79396674,23.18434649
2023/7/9 3:00,72.83905195,24.35963111,3.027585821,1504.58304,54.15500922,83.31436858,22.71661948
2023/7/9 4:00,73.40115673,24.54021642,3.013319043,1516.124255,54.34559789,82.78260642,23.14194396
2023/7/9 5:00,72.9880005,24.38957012,2.968955259,1510.499992,54.28296261,82.8638167,22.99803773
2023/7/9 6:00,72.15083743,24.11099983,2.964728975,1497.684465,53.99575322,83.47839354,22.47121411
2023/7/9 7:00,74.09395355,24.77588243,3.019140317,1526.283827,54.57352294,82.3617142,23.54140873
2023/7/9 8:00,72.86707625,24.34308566,2.948609858,1509.958785,54.24111655,82.90263063,22.95114639
2023/7/9 9:00,72.57495888,24.25793842,2.988447046,1503.358803,54.11950753,83.41126671,22.6054781
2023/7/9 10:00,73.80110826,24.66925496,2.988574095,1522.85184,54.51864549,82.49853768,23.38088895
2023/7/9 11:00,73.33402812,24.54217327,3.073822056,1511.785643,54.24568675,83.403226,22.80972989
2023/7/9 12:00,71.80702432,23.96353398,2.881292014,1494.120425,53.9705652,83.38493299,22.4387848
2023/7/9 13:00,72.87093003,24.36811013,3.024470769,1506.282995,54.16672572,83.50840689,22.63729228
2023/7/9 14:00,72.37957331,24.18044998,2.947220025,1500.394604,54.04064316,83.32921634,22.6499625
2023/7/9 15:00,72.77841978,24.31840238,2.971009029,1507.158324,54.16726179,83.21611436,22.79187878
2023/7/9 16:00,73.33360149,24.50646484,2.989696886,1514.759386,54.33593375,82.96168486,23.06291919
2023/7/9 17:00,73.21242027,24.46639698,2.991408074,1513.125046,54.27467716,83.0768395,22.98124363
2023/7/9 18:00,72.67327549,24.27271504,2.929250384,1505.859782,54.18429092,83.11455281,22.82010333
2023/7/9 19:00,72.6363522,24.25807672,2.925490067,1504.92849,54.15927243,83.1614686,22.78914491
2023/7/9 20:00,72.30902307,24.15212248,2.935742402,1500.644308,54.03269652,83.45000039,22.57065788
2023/7/9 21:00,73.49645722,24.52888271,2.893455778,1520.058148,54.4899058,82.33221276,23.4403994
2023/7/9 22:00,72.17215838,24.11772446,2.964098556,1497.24767,53.9681828,83.83453098,22.32656295
2023/7/9 23:00,73.49348244,24.53844999,2.915577934,1520.317026,54.41754479,82.45037779,23.40628564
2023/7/10 0:00,72.69371251,24.28681783,2.9435104,1505.118084,54.15670685,83.32683426,22.72408543
2023/7/10 1:00,72.79429929,24.30445505,2.93699852,1508.282336,54.21001685,83.27803824,22.77102311
2023/7/10 2:00,72.61367256,24.26665139,2.968582086,1503.405009,54.09931248,83.58266095,22.575831
2023/7/10 3:00,73.04631522,24.39488299,2.916129408,1511.893157,54.26958587,82.89144226,23.06489412
2023/7/10 4:00,72.88238535,24.34464187,2.925902767,1509.410342,54.2240221,83.11954097,22.89117379
2023/7/10 5:00,73.28519195,24.48248911,2.939713306,1515.740873,54.34432134,82.95804635,23.08094089
2023/7/10 6:00,72.12722479,24.08610588,2.931776469,1497.419605,53.98410889,83.85160093,22.31464442
2023/7/10 7:00,72.27418456,24.12726248,2.905586805,1501.502487,54.03074036,83.55709925,22.53551491
2023/7/10 8:00,73.64636313,24.60570329,2.951190488,1520.946697,54.45502284,82.82782832,23.22675882
2023/7/10 9:00,72.84658455,24.31555521,2.868802183,1510.630978,54.23286252,82.87806934,23.04338439
2023/7/10 10:00,72.97939908,24.37699217,2.938562233,1510.956111,54.2360001,83.30494983,22.83187468
2023/7/10 11:00,73.40972568,24.4914731,2.87287211,1520.432949,54.44630291,82.57046218,23.322526
2023/7/10 12:00,73.38926179,24.51706356,2.954030078,1517.152831,54.34295005,83.11574731,23.04222287
2023/7/10 13:00,73.06769848,24.38684304,2.890649949,1513.91336,54.30872991,82.97880586,23.03872482
2023/7/10 14:00,73.17517856,24.43683802,2.941555168,1513.731299,54.2705396,83.25066036,22.93178458
2023/7/10 15:00,73.42895321,24.50762463,2.879818825,1519.272504,54.44664064,82.69168494,23.26890444
2023/7/10 16:00,72.07844907,24.05508523,2.875716919,1499.089484,53.97465851,83.68901154,22.42385235
2023/7/10 17:00,72.66233603,24.24428336,2.862969221,1509.312781,54.19530222,83.22389203,22.81185809
2023/7/10 18:00,73.94641523,24.69074753,2.902477497,1526.873791,54.56335092,82.46251641,23.53956689
2023/7/10 19:00,73.79815034,24.65020545,2.946333866,1523.607477,54.4827933,82.91375107,23.2508469
2023/7/10 20:00,72.71096471,24.26902907,2.893357685,1508.025235,54.14999693,83.39507163,22.75633258
2023/7/10 21:00,72.60472072,24.23322595,2.891614861,1506.733549,54.14713581,83.54675052,22.63152255
2023/7/10 22:00,72.71519397,24.27765616,2.904849585,1507.873962,54.16586952,83.56496543,22.65593067
2023/7/10 23:00,72.4908964,24.19326405,2.858619032,1505.428108,54.13183563,83.42385624,22.67657007
2023/7/11 0:00,74.06389295,24.73259358,2.91466124,1529.006254,54.56080721,82.57072548,23.53580381
2023/7/11 1:00,73.1947865,24.41946648,2.850268084,1516.589911,54.36988148,82.91594669,23.11577114
2023/7/11 2:00,73.93886292,24.65950208,2.824172806,1529.613872,54.62246064,82.13698981,23.7357622
2023/7/11 3:00,72.54604148,24.2166465,2.874029747,1506.311414,54.16302482,83.62771143,22.56736542
2023/7/11 4:00,73.43006615,24.49793729,2.843206202,1521.058042,54.41573301,82.68737036,23.32058962
2023/7/11 5:00,72.80601979,24.28203729,2.822891039,1511.177639,54.24456534,83.07846657,22.95713311
2023/7/11 6:00,72.09622972,24.04789405,2.828215542,1499.537025,54.00171894,83.68656047,22.46911047
2023/7/11 7:00,72.26221359,24.11007843,2.845142565,1502.26098,54.01600012,83.65314309,22.54599387
2023/7/11 8:00,72.69729961,24.23602889,2.78940443,1511.19332,54.25020831,82.98941431,22.99024701
2023/7/11 9:00,72.3492623,24.12589281,2.818404965,1504.307281,54.09019655,83.46820813,22.66301137
2023/7/11 10:00,72.90644282,24.29886918,2.793233741,1515.194494,54.31480307,82.96314534,23.05365637
2023/7/11 11:00,72.12271792,24.03244043,2.784356214,1501.804946,54.0530707,83.51824134,22.5805863
2023/7/11 12:00,72.92444265,24.32492447,2.849384557,1513.007891,54.26469071,83.35114284,22.85247665
2023/7/11 13:00,71.99723226,24.00347501,2.80523318,1500.013558,53.99824363,83.81972417,22.3800425
2023/7/11 14:00,73.11836309,24.38380458,2.819301015,1516.323502,54.33379271,83.01290921,23.08756137
2023/7/11 15:00,72.35458067,24.14643543,2.865422445,1502.856922,54.03150631,83.9599708,22.40155124
2023/7/11 16:00,72.76746496,24.25954569,2.791698472,1511.841018,54.26229396,83.1679394,22.91185659
2023/7/11 17:00,72.99978743,24.3399423,2.811469293,1515.463921,54.33529176,83.19083827,22.95091608
2023/7/11 18:00,73.44328631,24.4827816,2.784268892,1522.220673,54.46078102,82.61960556,23.39263041
2023/7/11 19:00,73.12905967,24.37457473,2.773915643,1518.109266,54.40122974,82.86099271,23.17519716
2023/7/11 20:00,73.31968398,24.44994626,2.827673652,1519.002561,54.40603175,83.11290911,23.08406371
2023/7/11 21:00,72.96873337,24.33057882,2.809858431,1514.583113,54.29214271,83.24858472,22.94641857
2023/7/11 22:00,72.449956,24.16686183,2.839894875,1505.905137,54.10502919,83.91143812,22.46371422
2023/7/11 23:00,72.4231974,24.15431222,2.836425001,1504.683405,54.07872102,83.88713864,22.47799417
2023/7/12 0:00,72.24231682,24.0921685,2.810811117,1503.11853,54.04396984,83.88147678,22.43731107
2023/7/12 1:00,73.26542725,24.43655633,2.83659944,1518.983354,54.34842576,83.27647381,23.00712199
2023/7/12 2:00,73.11475397,24.40037298,2.867917651,1515.132123,54.28423074,83.62490084,22.7792555
2023/7/12 3:00,72.91415525,24.31038822,2.791540563,1513.85972,54.27003669,83.26424866,22.93338658
2023/7/12 4:00,72.56379068,24.18771673,2.780538144,1508.52677,54.19040287,83.57373079,22.67162127
2023/7/12 5:00,72.29931899,24.10936319,2.805311323,1503.408759,54.0466438,83.88760942,22.46537332
2023/7/12 6:00,72.31046291,24.12131621,2.83771976,1502.919309,53.99984654,84.09747985,22.37477647
2023/7/12 7:00,73.24437618,24.4411996,2.861622574,1516.819133,54.30670656,83.58051393,22.85442914
2023/7/12 8:00,73.09992845,24.36151088,2.776718843,1518.579404,54.37233126,83.21953058,22.99873961
2023/7/12 9:00,72.63150557,24.19039771,2.736232856,1511.97031,54.24838601,83.31537969,22.85648461
2023/7/12 10:00,72.90060454,24.31964554,2.848527055,1511.889237,54.21548006,83.89334066,22.60514931
2023/7/12 11:00,73.01802543,24.33743672,2.77706123,1516.153771,54.32402406,83.35561333,22.92126446
2023/7/12 12:00,72.69731533,24.24273592,2.827266963,1509.717103,54.1221342,83.88755109,22.59036644
2023/7/12 13:00,73.75682032,24.57091328,2.724938638,1529.800863,54.61746354,82.45977391,23.57903265
2023/7/12 14:00,73.19586065,24.39687156,2.771333801,1519.01858,54.37976218,83.2130742,23.0579207
2023/7/12 15:00,72.68295309,24.20114927,2.693479845,1513.071363,54.26871395,83.09100134,23.01205988
2023/7/12 16:00,72.7349384,24.25088401,2.809280597,1510.223399,54.17317479,83.85737665,22.61527875
2023/7/12 17:00,72.00869423,23.98170913,2.741348577,1501.481036,54.03811385,84.10129269,22.28041458
2023/7/12 18:00,72.67199994,24.18638109,2.661598185,1514.074577,54.30235139,82.9710799,23.07120151
2023/7/12 19:00,72.27871553,24.06330131,2.691413977,1507.486679,54.15199018,83.53455346,22.67761142
2023/7/12 20:00,72.05910126,23.99077112,2.694801687,1503.60781,54.05907918,83.72557961,22.52412023
2023/7/12 21:00,71.68827405,23.89533924,2.786988187,1495.086595,53.81507276,84.58901019,22.0033835
2023/7/12 22:00,72.49237647,24.13947112,2.715975001,1510.416497,54.14680292,83.525167,22.76846734
2023/7/12 23:00,72.65958646,24.20392902,2.740836368,1511.674131,54.17061727,83.5949242,22.77309417
2023/7/13 0:00,72.55857726,24.13960303,2.662535305,1512.83848,54.27546438,83.28406177,22.87719394
2023/7/13 1:00,72.78196259,24.23773914,2.733881309,1514.121031,54.26003432,83.56957502,22.79593855
2023/7/13 2:00,72.72128288,24.2281986,2.739557995,1512.3405,54.23287741,83.66028066,22.73206459
2023/7/13 3:00,72.5647962,24.15049757,2.682875879,1511.316507,54.23530029,83.4319172,22.81904944
2023/7/13 4:00,72.81223909,24.25740184,2.738469863,1514.025463,54.22375964,83.61400002,22.79799649
2023/7/13 5:00,72.73748816,24.2150645,2.701281145,1514.853037,54.27424795,83.49936836,22.8310752
2023/7/13 6:00,72.47609513,24.14137465,2.719962426,1509.256134,54.17192811,83.82485835,22.58597812
2023/7/13 7:00,71.86405764,23.907817,2.635130901,1502.849741,54.0423801,83.75596198,22.49698084
2023/7/13 8:00,71.98096397,23.96386914,2.685133285,1502.009559,54.00922684,83.97056296,22.41504602
2023/7/13 9:00,73.08693993,24.35190315,2.755134695,1517.989148,54.33690157,83.63805269,22.83980613
2023/7/13 10:00,72.93512049,24.27773796,2.687986199,1517.538015,54.297149,83.30692099,23.01539755
2023/7/13 11:00,72.93161886,24.27389592,2.661037386,1518.245183,54.36168371,83.18325438,23.05879838
2023/7/13 12:00,72.60290178,24.16384741,2.664016709,1512.892955,54.22729528,83.45868197,22.85553765
2023/7/13 13:00,71.49664494,23.7889112,2.661810633,1495.829104,53.91009044,84.42401733,22.04280847
2023/7/13 14:00,72.48399434,24.13798648,2.710145178,1509.91314,54.16283407,83.93343478,22.55717131
2023/7/13 15:00,72.58721233,24.16548589,2.693093705,1512.14566,54.17800315,83.72715294,22.70974747
2023/7/13 16:00,72.86648202,24.25348291,2.687944904,1516.3512,54.30849491,83.53297923,22.86874627
2023/7/13 17:00,72.57254578,24.15880305,2.685678439,1511.491614,54.18692453,83.73699318,22.70005333
2023/7/13 18:00,73.01534976,24.31303954,2.717824652,1518.64543,54.30944331,83.65654558,22.85324321
2023/7/13 19:00,71.88002637,23.9191459,2.665684787,1501.421045,53.98335979,84.22942429,22.26342176
2023/7/13 20:00,73.07217996,24.32611206,2.676351731,1519.635389,54.34571317,83.35109916,23.04375217
2023/7/13 21:00,73.21101391,24.3843115,2.728757787,1521.160884,54.34875906,83.65475414,22.90718188
2023/7/13 22:00,72.90953862,24.25880957,2.649953948,1518.606841,54.35882201,83.43768575,22.93356429
2023/7/13 23:00,72.42200421,24.09603158,2.660934578,1510.257268,54.16776514,83.89467155,22.58834814
2023/7/14 0:00,72.62339214,24.17324439,2.684255527,1512.562967,54.21039189,83.93528894,22.61300826
2023/7/14 1:00,72.48400081,24.11266247,2.645612305,1511.996313,54.17800268,83.74319022,22.69999579
2023/7/14 2:00,72.80788949,24.2107617,2.618595791,1518.527128,54.3373472,83.36782962,22.96652769
2023/7/14 3:00,71.92431623,23.93069887,2.635684248,1502.450871,54.0428179,84.20346459,22.29981873
2023/7/14 4:00,72.4470806,24.11267165,2.681636197,1510.369769,54.14298737,84.1149648,22.48963704
2023/7/14 5:00,72.54363074,24.13980103,2.668355307,1511.801371,54.16455162,83.94255671,22.61857978
2023/7/14 6:00,71.88761516,23.90385129,2.636061069,1502.131969,54.00423178,84.30914443,22.2544712
2023/7/14 7:00,71.96538178,23.94413207,2.648974162,1503.389681,54.02338817,84.33899891,22.25088534
2023/7/14 8:00,72.52959029,24.11004053,2.584818418,1515.446509,54.28031565,83.55220964,22.80145384
2023/7/14 9:00,72.81158072,24.19741944,2.5596741,1519.546765,54.36576549,83.11926939,23.12777492
2023/7/14 10:00,72.42656395,24.09963792,2.636386298,1511.253577,54.1828163,83.97493444,22.56182554
2023/7/14 11:00,72.47489022,24.11395211,2.649019009,1512.231667,54.15276898,84.01684026,22.58755373
2023/7/14 12:00,72.17653783,23.98789818,2.579833778,1508.821394,54.17720018,83.9218516,22.52279104
2023/7/14 13:00,71.80118743,23.87325727,2.600095911,1502.442844,53.99956194,84.28616511,22.25842489
2023/7/14 14:00,72.18803657,24.00200921,2.606299652,1508.246931,54.10088504,84.01206361,22.51809094
2023/7/14 15:00,73.27476342,24.37014881,2.616478638,1525.545719,54.47347203,83.34495286,23.11323138
2023/7/14 16:00,71.74360642,23.83945512,2.565306857,1502.940363,54.01165004,84.20919099,22.28848103
2023/7/14 17:00,71.98257745,23.92069343,2.579955039,1505.830502,54.08438976,84.15382179,22.37853612
2023/7/14 18:00,72.2528086,24.02189978,2.599031469,1508.228914,54.12596297,84.03145561,22.53184578
2023/7/14 19:00,73.31385382,24.39250895,2.65405542,1524.169751,54.4152744,83.59210388,23.02242068
2023/7/14 20:00,72.89598207,24.25533522,2.648528856,1518.06073,54.2461033,83.84999963,22.80440947
2023/7/14 21:00,71.70934563,23.8328857,2.588289372,1501.850586,53.98337704,84.53759339,22.11164956
2023/7/14 22:00,72.30547481,24.01519184,2.545493716,1512.646786,54.2029359,83.78448188,22.67202351
2023/7/14 23:00,71.41189874,23.74543344,2.623369437,1494.946699,53.82312118,84.99670461,21.82357654
2023/7/15 0:00,73.24576725,24.35061234,2.597767135,1525.702631,54.45490731,83.429444,23.09635788
2023/7/15 1:00,73.0019073,24.26890424,2.582447137,1521.982136,54.37670922,83.52632342,22.99807794
2023/7/15 2:00,72.58408757,24.12363378,2.56268593,1516.172868,54.26703205,83.73991865,22.77400012
2023/7/15 3:00,72.13776119,23.95669049,2.52043972,1510.659344,54.17902217,83.88111864,22.58426515
2023/7/15 4:00,71.94607285,23.89937407,2.535356617,1506.620906,54.07359988,84.12344111,22.42417819
2023/7/15 5:00,72.04551057,23.93450858,2.548073487,1507.991923,54.07670446,84.13349493,22.4543281
2023/7/15 6:00,72.77046038,24.18143855,2.560477335,1519.304058,54.31945291,83.68258691,22.85927359
2023/7/15 7:00,71.81091464,23.85063752,2.527931011,1505.521401,54.06016904,84.26374909,22.31304379
2023/7/15 8:00,71.85723512,23.85784751,2.526481573,1505.98576,54.06411371,84.27219597,22.3371165
2023/7/15 9:00,72.98379159,24.26801988,2.615068863,1521.48606,54.32797178,83.96642092,22.78129865
2023/7/15 10:00,72.40251692,24.06361919,2.581446725,1512.813002,54.17792775,84.25005322,22.46395395
2023/7/15 11:00,72.52521713,24.10433967,2.57739061,1514.30973,54.21783517,84.11937026,22.57347339
2023/7/15 12:00,72.66985589,24.15031967,2.565551329,1517.55932,54.27743994,83.95061682,22.70832995
2023/7/15 13:00,72.42170667,24.05477007,2.536002589,1513.799929,54.20675265,83.95900833,22.65550637
2023/7/15 14:00,72.3159014,24.00727733,2.50283036,1514.020667,54.25720741,83.94175165,22.61093546
2023/7/15 15:00,72.29401241,24.01337488,2.550050608,1512.245261,54.15607248,84.21706658,22.49642411
2023/7/15 16:00,71.11432395,23.6215146,2.534468581,1493.105455,53.75576762,85.03865539,21.7780336
2023/7/15 17:00,73.09786323,24.30056103,2.590283435,1522.447451,54.358145,83.8708891,22.88892809
2023/7/15 18:00,71.70856573,23.80001756,2.469643444,1505.174866,54.04859701,84.22898088,22.34301336
2023/7/15 19:00,72.06865659,23.92984518,2.513023595,1509.065256,54.08507815,84.21768586,22.45393058
2023/7/15 20:00,72.22991127,23.99398001,2.549751797,1510.572606,54.11191546,84.35413976,22.43052816
2023/7/15 21:00,72.40949022,24.04807354,2.51239318,1514.623977,54.2210513,84.0382023,22.61699605
2023/7/15 22:00,71.7757659,23.81776782,2.476642774,1505.55244,54.03276061,84.29452374,22.34980867
2023/7/15 23:00,72.05958216,23.93247176,2.52331358,1508.643329,54.08943447,84.39859577,22.35670593
2023/7/16 0:00,73.00802941,24.24483649,2.498254035,1525.136216,54.42253904,83.55319731,23.03036669
2023/7/16 1:00,72.35051005,24.01285653,2.492447838,1515.703253,54.25056484,84.10675971,22.56167037
2023/7/16 2:00,72.42361491,24.04954578,2.507406685,1514.383483,54.21740408,84.10089072,22.61219156
2023/7/16 3:00,71.68968844,23.80892254,2.527121213,1503.451434,53.95278579,84.83334273,22.04434549
2023/7/16 4:00,73.10465723,24.28618007,2.543807964,1524.364151,54.38919192,83.85395246,22.91379811
2023/7/16 5:00,72.10362253,23.93394712,2.477623646,1511.162985,54.17785552,84.29613574,22.41651042
2023/7/16 6:00,71.89504409,23.87455087,2.532008423,1505.781994,53.99915256,84.75662678,22.14314106
2023/7/16 7:00,71.88642544,23.86662856,2.508815749,1506.644261,54.00862742,84.62784443,22.22089502
2023/7/16 8:00,72.20019287,23.95751743,2.459169452,1512.866743,54.18879533,84.10579161,22.57215111
2023/7/16 9:00,73.41329896,24.37685017,2.523345741,1530.96404,54.52930688,83.66919327,23.08111664
2023/7/16 10:00,72.83856417,24.17364532,2.477022973,1522.898745,54.36151515,83.78534394,22.90517624
2023/7/16 11:00,71.89873215,23.8466927,2.441940313,1508.808695,54.09417163,84.31612501,22.3854783
2023/7/16 12:00,71.75324572,23.81166401,2.467605004,1505.837697,54.02997186,84.64618353,22.16375912
2023/7/16 13:00,71.21079027,23.6394962,2.494068428,1496.128971,53.79492498,85.20406584,21.76824287
2023/7/16 14:00,72.09286253,23.92013528,2.454246658,1511.252936,54.16711649,84.3434178,22.41984821
2023/7/16 15:00,71.74758338,23.80107102,2.442977429,1506.401582,54.03800776,84.53638486,22.2512744
2023/7/16 16:00,72.67990382,24.1308345,2.492309409,1519.728863,54.27822338,84.1287986,22.69816305
2023/7/16 17:00,72.91571536,24.20457958,2.490693213,1523.300652,54.37034092,84.00014704,22.81114402
2023/7/16 18:00,72.1674622,23.94472659,2.455288852,1512.599072,54.16217556,84.39033976,22.41875151
2023/7/16 19:00,71.26138795,23.65623389,2.501729631,1496.666456,53.78475454,85.36272827,21.71091707
2023/7/16 20:00,71.51485723,23.71945549,2.4223488,1502.773561,53.95160536,84.67222297,22.13523833
2023/7/16 21:00,71.87171692,23.84812809,2.457336371,1508.265374,54.04267182,84.66603347,22.22604669
2023/7/16 22:00,71.68121322,23.77664247,2.425123779,1505.256417,54.02737488,84.61971705,22.19515803
2023/7/16 23:00,71.74143078,23.79600062,2.420910693,1507.346607,54.05442192,84.59676467,22.23385989
2023/7/17 0:00,72.63402475,24.09254646,2.439303373,1520.67945,54.30527336,84.02135127,22.75485795
2023/7/17 1:00,72.02272752,23.89433771,2.443074556,1510.81097,54.1249556,84.58797758,22.29288909
2023/7/17 2:00,71.34329289,23.65004001,2.382903394,1502.193403,53.94717805,84.73460112,22.06477316
2023/7/17 3:00,72.48890428,24.06083116,2.474870216,1517.277493,54.21801129,84.46207221,22.49626601
2023/7/17 4:00,71.78636646,23.82472553,2.479413518,1505.876437,53.97584184,85.02870662,22.04036827
2023/7/17 5:00,72.2957459,23.98953426,2.464886959,1514.571418,54.18150822,84.62250522,22.35418103
2023/7/17 6:00,72.18881398,23.9573972,2.461152352,1512.173258,54.10337076,84.63373219,22.35826884
2023/7/17 7:00,70.94889437,23.50589385,2.36841663,1495.570509,53.81272271,85.07262605,21.81247063
2023/7/17 8:00,71.81142824,23.8041142,2.385878484,1509.275176,54.09979827,84.54193435,22.29699944
2023/7/17 9:00,71.61837623,23.74814041,2.415174436,1505.059755,53.99064644,84.91984332,22.04465727
2023/7/17 10:00,71.96873066,23.87018208,2.436289355,1509.187617,54.06071889,84.7924633,22.2118459
2023/7/17 11:00,72.44582956,24.03651191,2.463122766,1517.169379,54.18768494,84.587233,22.44291859
2023/7/17 12:00,72.43526674,24.03214284,2.456306862,1516.462582,54.22601135,84.64274637,22.38918704
2023/7/17 13:00,71.5040584,23.71598075,2.424589085,1503.018943,53.94988272,85.16777382,21.88402387
2023/7/17 14:00,72.10329909,23.90992419,2.412962487,1512.922829,54.15061895,84.64398311,22.32294331
2023/7/17 15:00,72.26748209,23.96343368,2.396397706,1515.950157,54.19736808,84.39677504,22.50733496
2023/7/17 16:00,71.54859818,23.70613997,2.350940903,1506.522584,54.00583115,84.69453042,22.17435439
2023/7/17 17:00,71.5163888,23.72100489,2.441694402,1502.537617,53.9151758,85.35985482,21.81225107
2023/7/17 18:00,71.99634201,23.87917907,2.426753051,1510.993697,54.08244231,84.9038247,22.17100158
2023/7/17 19:00,71.62717041,23.75479445,2.411998573,1504.551948,53.92190936,85.05995023,22.03680207
2023/7/17 20:00,72.1189608,23.89981282,2.361978758,1515.191166,54.19969049,84.44092375,22.4495055
2023/7/17 21:00,72.04518062,23.89678243,2.418528074,1511.013618,54.09498093,84.88575575,22.21157486
2023/7/17 22:00,72.19886174,23.91741261,2.343400569,1516.188322,54.22443442,84.30206843,22.56468117
2023/7/17 23:00,71.84734921,23.80317663,2.350814123,1511.213232,54.09617262,84.64777447,22.30001165
2023/7/18 0:00,71.3582947,23.65731906,2.394850132,1501.710503,53.87183566,85.30960412,21.83378425
2023/7/18 1:00,71.48804528,23.6867482,2.374413819,1504.351461,53.96007132,85.14963401,21.93790389
2023/7/18 2:00,71.22934493,23.58527675,2.310213399,1501.982866,53.93133273,84.9323276,22.00061108
2023/7/18 3:00,72.55194118,24.07320218,2.446386123,1518.804406,54.21459106,84.7975524,22.40804154
2023/7/18 4:00,72.10689474,23.9019855,2.406218425,1514.082552,54.12179669,84.95165349,22.20117905
2023/7/18 5:00,71.41307167,23.66256556,2.345679493,1503.580543,53.91476703,85.05306386,22.0103011
2023/7/18 6:00,73.09507887,24.24735121,2.430636445,1528.658046,54.42854138,84.40805383,22.72235352
2023/7/18 7:00,72.65416941,24.09109215,2.402634971,1521.773245,54.27710838,84.54215916,22.56944953
2023/7/18 8:00,71.98257194,23.8609979,2.380007243,1511.820835,54.07946792,84.9291881,22.19662813
2023/7/18 9:00,72.27665241,23.95391575,2.376344371,1517.080528,54.17315447,84.72960579,22.38482377
2023/7/18 10:00,71.3084651,23.62628037,2.358032614,1501.536484,53.89122336,85.37878173,21.80700348
2023/7/18 11:00,72.79016138,24.13227556,2.39397096,1523.702296,54.3110939,84.44113041,22.6853351
2023/7/18 12:00,71.67507324,23.74403946,2.339057514,1508.669124,54.0016511,84.98778217,22.10829495
2023/7/18 13:00,71.7651951,23.78502667,2.384932731,1508.267343,54.0195642,85.29069832,21.95656001
2023/7/18 14:00,72.75737587,24.12064881,2.388084037,1524.26565,54.32397089,84.55209328,22.59892426
2023/7/18 15:00,72.84105555,24.14650396,2.371404976,1525.953838,54.34989093,84.37680966,22.73459405
2023/7/18 16:00,71.6336572,23.72412128,2.330402556,1508.446189,54.00163085,85.0957305,22.05783654
2023/7/18 17:00,72.56604559,24.04780454,2.35906547,1522.370906,54.2751346,84.57388483,22.55475726
2023/7/18 18:00,71.7942967,23.76232581,2.298656825,1512.071403,54.09954951,84.86500755,22.20037097
2023/7/18 19:00,71.97287211,23.84339899,2.340297429,1512.474685,54.09321193,84.96669106,22.21778248
2023/7/18 20:00,71.7983022,23.80905347,2.407621726,1507.907474,53.9781912,85.57931136,21.83623869
2023/7/18 21:00,72.13194403,23.89042995,2.31414984,1516.824165,54.16308592,84.6998539,22.39960238
2023/7/18 22:00,70.65883357,23.37874627,2.260342675,1494.872048,53.74913151,85.57364909,21.56447159
2023/7/18 23:00,71.35050034,23.62242436,2.303230366,1504.561955,53.92547629,85.32784777,21.87367705
2023/7/19 0:00,71.12856177,23.53865398,2.290387498,1501.338344,53.8872293,85.47671429,21.72588385
2023/7/19 1:00,71.485843,23.66592069,2.306109436,1505.951059,53.97405443,85.28232429,21.93835996
2023/7/19 2:00,71.83878308,23.79806904,2.342763528,1510.156251,54.05582286,85.27740132,22.02637437
2023/7/19 3:00,71.82936539,23.79740016,2.343425274,1510.00964,54.00627005,85.23291691,22.0721637
2023/7/19 4:00,71.91387002,23.81840588,2.326391641,1512.406463,54.07802056,85.16743801,22.1066517
2023/7/19 5:00,72.53195056,24.02422708,2.332315735,1521.834901,54.27107399,84.75564544,22.46938673
2023/7/19 6:00,71.24300336,23.57164029,2.277849306,1503.237286,53.91108055,85.43306279,21.80160677
2023/7/19 7:00,71.17328237,23.56015562,2.287227665,1501.390887,53.85700135,85.53997206,21.73922283
2023/7/19 8:00,71.59814344,23.71183338,2.33094841,1507.233157,53.92391906,85.48507842,21.89837607
2023/7/19 9:00,71.91031917,23.80563965,2.290148062,1513.568079,54.10536058,85.03921887,22.19025655
2023/7/19 10:00,72.06516508,23.86543576,2.330868787,1515.375716,54.12876784,85.21692445,22.12991386
2023/7/19 11:00,72.13467104,23.88630424,2.31048734,1516.63996,54.13417205,85.03912294,22.26265744
2023/7/19 12:00,72.37845827,23.95868788,2.291628853,1521.807882,54.27658214,84.81847868,22.40850933
2023/7/19 13:00,71.3567808,23.59447636,2.211747209,1508.642119,54.0416715,85.12787721,21.99574429
2023/7/19 14:00,71.91333125,23.79309264,2.24205191,1514.934912,54.12866467,84.82681031,22.32096558
2023/7/19 15:00,71.59481814,23.69558419,2.285172338,1509.416751,54.01279928,85.43821523,21.90105008
2023/7/19 16:00,71.94259355,23.80350462,2.239596393,1515.491888,54.16653697,84.86696058,22.29535254
2023/7/19 17:00,71.62876126,23.71152034,2.298124415,1508.861666,53.9986261,85.53571449,21.88077504
2023/7/19 18:00,71.62418296,23.686908,2.218492259,1512.210667,54.05843515,85.0278039,22.15428112
2023/7/19 19:00,71.73584392,23.73748247,2.273537005,1511.426859,54.03111175,85.2956648,22.04957978
2023/7/19 20:00,71.63767535,23.71526155,2.294380356,1509.570187,53.97368996,85.54595557,21.88103067
2023/7/19 21:00,72.46129,24.00601771,2.343589545,1520.888126,54.19268057,85.27392989,22.23998847
2023/7/19 22:00,71.02706575,23.48717245,2.22348782,1501.571792,53.86405548,85.62817295,21.69139362
2023/7/19 23:00,71.7278064,23.72710493,2.24367236,1512.687412,54.07584631,85.2710551,22.05735547
2023/7/20 0:00,71.2707627,23.57385473,2.24304232,1505.052385,53.91472293,85.62189695,21.76376812
2023/7/20 1:00,72.3571584,23.93647552,2.248401218,1522.53937,54.22925735,84.80843961,22.48096904
2023/7/20 2:00,71.76649354,23.73705737,2.221523065,1513.424367,54.06395965,85.0728218,22.20235411
2023/7/20 3:00,72.05340181,23.83681396,2.253344131,1517.545584,54.18654926,85.21387272,22.14628562
2023/7/20 4:00,72.02925824,23.83469511,2.259330324,1516.41007,54.16492641,85.28216355,22.11385319
2023/7/20 5:00,71.53168356,23.64896561,2.225768631,1509.848761,54.01457775,85.45483596,21.91827128
2023/7/20 6:00,71.82530451,23.74458383,2.197805774,1514.869851,54.12270314,85.01713507,22.25241903
2023/7/20 7:00,72.05643058,23.8539735,2.280181979,1515.297104,54.09565008,85.40142757,22.10975802
2023/7/20 8:00,72.22592833,23.89617263,2.263065675,1519.408871,54.19923718,85.22817765,22.21884834
2023/7/20 9:00,71.54777522,23.66705997,2.246481314,1508.608666,53.96820276,85.61800529,21.87048919
2023/7/20 10:00,71.31414609,23.58060472,2.213945747,1506.618695,53.92804154,85.66186321,21.78333305
2023/7/20 11:00,72.10280266,23.84478758,2.219645295,1519.115076,54.17040388,85.05501532,22.30829314
2023/7/20 12:00,71.65757561,23.69647286,2.21340271,1512.74058,54.04730237,85.43617074,21.98651408
2023/7/20 13:00,70.90896128,23.44841901,2.229977918,1499.555041,53.78002607,86.14089596,21.43600156
2023/7/20 14:00,72.41867648,23.95546968,2.232028917,1523.357886,54.24818485,84.95688363,22.43722117
2023/7/20 15:00,70.9935837,23.47435127,2.226692704,1501.154042,53.83378547,86.12487785,21.45349509
2023/7/20 16:00,72.11488909,23.84770076,2.214208605,1519.448522,54.18123843,85.16589669,22.24419412
2023/7/20 17:00,72.03572846,23.84448904,2.295004904,1515.918843,54.06352969,85.77971751,21.9135213
2023/7/20 18:00,72.50148847,23.96385774,2.163345623,1527.731122,54.34749342,84.55675447,22.68467196
2023/7/20 19:00,71.60385484,23.66675566,2.179729582,1511.342072,54.00932632,85.36068629,22.04602148
2023/7/20 20:00,72.04004052,23.78479978,2.124560285,1521.881122,54.22691768,84.75219779,22.47543918
2023/7/20 21:00,71.76265362,23.72377329,2.203180532,1513.815111,54.07273991,85.51648377,21.98824362
2023/7/20 22:00,70.86563589,23.43716112,2.217670471,1498.667435,53.75575858,86.31150671,21.353123
2023/7/20 23:00,71.59687707,23.66518548,2.185048349,1512.01064,54.0137574,85.53764903,21.95920592
2023/7/21 0:00,70.90617267,23.43063103,2.202006322,1500.688337,53.77674623,86.23245884,21.41165801
2023/7/21 1:00,71.32841044,23.58492477,2.212312744,1506.423176,53.88693079,85.93077188,21.69290736
2023/7/21 2:00,71.59387877,23.67733188,2.229582423,1509.929438,53.99489695,85.97221215,21.70404444
2023/7/21 3:00,71.24923345,23.52836457,2.122303033,1508.864495,53.98745858,85.53274295,21.87209173
2023/7/21 4:00,71.42405688,23.61394227,2.186657038,1508.516487,53.95267498,85.78302678,21.80406477
2023/7/21 5:00,71.27863306,23.55194901,2.178798098,1507.0215,53.9153989,85.94157043,21.6669929
2023/7/21 6:00,71.31580119,23.5759894,2.190122784,1506.634576,53.89473289,85.94745861,21.69237335
2023/7/21 7:00,71.75543917,23.71802345,2.17869923,1514.540863,54.05196176,85.58804263,21.98615939
2023/7/21 8:00,71.4640587,23.59986832,2.126629361,1511.607602,54.04220815,85.52962072,21.94018427
2023/7/21 9:00,71.21858648,23.55216682,2.233714473,1503.791635,53.7970733,86.36701724,21.47719546
2023/7/21 10:00,71.28163329,23.56891145,2.200305287,1506.16642,53.86936441,86.15321465,21.5797159
2023/7/21 11:00,71.12462981,23.47819512,2.100795996,1506.697118,53.92034072,85.67654045,21.79291973
2023/7/21 12:00,71.97598831,23.79113068,2.184469663,1518.511603,54.09388979,85.53631726,22.09790938
2023/7/21 13:00,71.16814684,23.515876,2.162320426,1504.929799,53.85646372,86.07501272,21.6049201
2023/7/21 14:00,72.3500769,23.91801097,2.199805217,1523.823102,54.21936325,85.46242136,22.20412991
2023/7/21 15:00,72.20227147,23.8667642,2.190089016,1521.766572,54.2081615,85.55216663,22.10764127
2023/7/21 16:00,70.8220162,23.38477248,2.109643419,1501.313152,53.81220034,86.11341504,21.49294575
2023/7/21 17:00,71.1798573,23.50598175,2.12236919,1506.388276,53.91586393,85.91693462,21.68418233
2023/7/21 18:00,71.08381495,23.47038661,2.124538727,1505.402039,53.86980377,86.04064918,21.61603784
2023/7/21 19:00,70.9363291,23.42457003,2.116733639,1503.867719,53.86722712,86.18003974,21.47614424
2023/7/21 20:00,71.03148741,23.46969859,2.168631292,1503.034105,53.7994281,86.39452969,21.42188805
2023/7/21 21:00,71.16284136,23.50295805,2.121376098,1507.305876,53.89130638,86.00773605,21.65412615
2023/7/21 22:00,71.05392791,23.45306484,2.102624561,1505.696156,53.89154943,86.0727723,21.58384509
2023/7/21 23:00,72.17456228,23.84256797,2.138852318,1522.632932,54.21900263,85.42712563,22.20688074
2023/7/22 0:00,71.30048207,23.53532452,2.09137863,1508.757545,53.95693698,85.7938093,21.81694385
2023/7/22 1:00,71.5479337,23.65503625,2.213225572,1509.712411,53.88497307,86.36037095,21.59256246
2023/7/22 2:00,71.45149309,23.60262331,2.147351847,1510.294582,53.94357888,86.1124948,21.67964556
2023/7/22 3:00,71.70709963,23.69692376,2.161457421,1513.530377,54.02016023,85.99991648,21.80603908
2023/7/22 4:00,71.0835224,23.47612349,2.130651127,1505.354159,53.83351303,86.30577567,21.50158274
2023/7/22 5:00,71.37638841,23.56422447,2.101090929,1511.132719,53.97508013,85.94253957,21.74625633
2023/7/22 6:00,70.86762383,23.38730173,2.099398507,1503.119307,53.80527474,86.34989473,21.41952241
2023/7/22 7:00,71.03899156,23.45910744,2.129095481,1504.34084,53.80805008,86.43441415,21.4274174
2023/7/22 8:00,71.44574271,23.5925861,2.138004905,1510.368871,53.9433354,86.182087,21.67191559
2023/7/22 9:00,72.87668472,24.09174922,2.166919299,1531.583228,54.37987148,85.29021081,22.47725385
2023/7/22 10:00,71.11250256,23.47429286,2.098169908,1506.668895,53.85711902,86.22581187,21.57172356
2023/7/22 11:00,70.97958009,23.4486682,2.157246689,1503.037252,53.75577377,86.75434144,21.25542354
2023/7/22 12:00,71.19478567,23.48038279,2.038840768,1509.97828,53.97528622,85.86418764,21.76461226
2023/7/22 13:00,71.42948332,23.5789726,2.10949507,1511.938328,53.95996087,86.14156949,21.69286314
2023/7/22 14:00,71.38223943,23.56539576,2.093703016,1511.34098,53.98570443,86.15229785,21.64991803
2023/7/22 15:00,71.71123185,23.67786822,2.104448028,1516.440115,54.03589798,85.91449924,21.89067507
2023/7/22 16:00,70.65654668,23.32955731,2.102408951,1499.733193,53.69190413,86.7185486,21.22083271
2023/7/22 17:00,71.19550584,23.51830079,2.151118165,1506.973896,53.83402279,86.70063931,21.35186271
2023/7/22 18:00,71.68698067,23.67642483,2.123263519,1514.609261,53.99954283,86.12959199,21.77730394
2023/7/22 19:00,71.18030696,23.48560316,2.059417081,1508.689691,53.93015779,86.19215759,21.60432623
2023/7/22 20:00,71.16954277,23.48669024,2.07209838,1508.323123,53.92181753,86.31674865,21.5315388
2023/7/22 21:00,71.7543984,23.69989301,2.130485749,1516.146057,54.02959582,86.21339479,21.75300746
2023/7/22 22:00,71.16425854,23.47407424,2.040018724,1508.713958,53.90614885,86.08293746,21.68757847
2023/7/22 23:00,71.05312826,23.43921274,2.056684028,1507.147312,53.85045138,86.30601109,21.5489251
2023/7/23 0:00,70.74302615,23.33045999,2.058973426,1501.96478,53.7588205,86.64967171,21.28464418
2023/7/23 1:00,70.40019192,23.2310375,2.065444889,1495.732064,53.64679774,86.9223882,21.05299585
2023/7/23 2:00,71.4216273,23.56587133,2.060383459,1512.249085,53.96122268,86.1240084,21.73371173
2023/7/23 3:00,71.7103691,23.66422864,2.064694706,1516.832232,54.06545648,86.00039475,21.86687691
2023/7/23 4:00,71.53296246,23.60607275,2.063906786,1513.673436,53.99970005,86.10939017,21.7712446
2023/7/23 5:00,70.55275313,23.29390536,2.111848236,1496.520689,53.63389334,87.25508445,20.91580895
2023/7/23 6:00,71.41670716,23.54198558,2.003152688,1515.146246,54.0408947,85.90728902,21.85450156
2023/7/23 7:00,71.71688608,23.66773815,2.077152109,1516.314424,54.02546681,86.11455353,21.84125978
2023/7/23 8:00,70.86044889,23.37938258,2.062164639,1503.813221,53.76354166,86.73016583,21.3060405
2023/7/23 9:00,71.56439113,23.61678688,2.068505691,1515.201783,54.00389084,86.25874808,21.70741064
2023/7/23 10:00,70.74469273,23.35061443,2.075136143,1500.681531,53.72049158,86.94712235,21.15459897
2023/7/23 11:00,71.56605989,23.5967559,2.013865353,1516.795511,54.08674855,85.98842777,21.84404819
2023/7/23 12:00,70.73128398,23.3413437,2.065151319,1500.874788,53.73408604,86.94974383,21.14008394
2023/7/23 13:00,71.53948804,23.59850248,2.057562416,1514.627656,54.01845707,86.35522934,21.6554066
2023/7/23 14:00,71.01700692,23.42036256,2.042087907,1507.407801,53.82201065,86.61215935,21.41917401
2023/7/23 15:00,71.00141162,23.40883867,2.01462127,1507.200061,53.86238946,86.51647295,21.44617842
2023/7/23 16:00,71.93041687,23.75090347,2.097530154,1519.811208,54.09349015,86.37199306,21.74091468
2023/7/23 17:00,71.2090497,23.50988454,2.117086835,1507.127223,53.79311435,87.02962381,21.25640925
2023/7/23 18:00,70.68714397,23.29277453,1.98025358,1503.904932,53.78801135,86.56050489,21.36992504
2023/7/23 19:00,71.28400238,23.5000196,2.022460127,1511.948602,53.91657966,86.39614715,21.61277914
2023/7/23 20:00,71.47001366,23.5780551,2.041828575,1513.594798,53.963832,86.40551838,21.64978622
2023/7/23 21:00,70.67880984,23.30949622,2.026320659,1501.305733,53.71148862,86.92959251,21.18623003
2023/7/23 22:00,71.73174302,23.6707173,2.062984103,1517.411575,54.03949464,86.4375166,21.68805281
2023/7/23 23:00,70.93442532,23.37484096,1.986903134,1506.932994,53.84077451,86.57036621,21.44036707
2023/7/24 0:00,70.52937102,23.262397,2.037205028,1499.124661,53.64434683,87.18005716,21.0266032
2023/7/24 1:00,71.77240133,23.65527892,1.978883558,1520.858868,54.13280982,85.91691417,21.98146145
2023/7/24 2:00,70.55265651,23.26668535,2.020277115,1499.134604,53.6869515,87.16068362,21.03689447
2023/7/24 3:00,71.1113359,23.44092741,1.993705707,1509.285245,53.88894843,86.58883893,21.47115215
2023/7/24 4:00,71.39069602,23.57368552,2.109227594,1509.834904,53.83578104,87.10309646,21.28826635
2023/7/24 5:00,70.48198576,23.23597974,2.013080432,1498.33861,53.64843522,87.24788228,20.99148882
2023/7/24 6:00,70.90908712,23.37409062,1.998067852,1506.732925,53.81328036,86.84639417,21.30266978
2023/7/24 7:00,71.2804965,23.50417916,2.025418197,1510.750335,53.89984407,86.74924933,21.43831013
2023/7/24 8:00,71.86943205,23.70984356,2.033946424,1519.609926,54.07437602,86.34847857,21.80065282
2023/7/24 9:00,71.19466513,23.47738899,2.034041094,1509.956596,53.86252661,86.90973872,21.33562468
2023/7/24 10:00,71.83113224,23.67793589,1.993401441,1520.594077,54.08184476,86.15035136,21.91335179
2023/7/24 11:00,70.68245516,23.29104109,1.979261071,1503.762906,53.76810847,87.0414131,21.14333277
2023/7/24 12:00,71.00499457,23.38283097,1.923597062,1510.313763,53.92869329,86.43623369,21.54275813
2023/7/24 13:00,70.70048011,23.30286681,1.989008064,1503.144829,53.74639508,87.12576209,21.10338861
2023/7/24 14:00,70.33709198,23.16847627,1.961137609,1498.805935,53.63362131,87.22164023,20.98740285
2023/7/24 15:00,71.27945949,23.49438333,1.980183188,1512.318294,53.90808568,86.59453429,21.55741521
2023/7/24 16:00,71.02127755,23.38507026,1.921095105,1509.901936,53.94273739,86.54546326,21.49182993
2023/7/24 17:00,70.13486571,23.11033297,2.00052926,1493.547602,53.51302025,87.73971217,20.66847153
2023/7/24 18:00,71.36715083,23.51896898,1.969280171,1514.667697,53.96360896,86.59569466,21.57160728
2023/7/24 19:00,71.14380547,23.456358,2.003477858,1508.674441,53.84315888,86.98557418,21.31600802
2023/7/24 20:00,71.00411048,23.40558198,1.985188181,1508.544992,53.81837881,86.98440998,21.28486153
2023/7/24 21:00,71.18768802,23.49277262,2.081490635,1507.701121,53.76115784,87.52287877,21.05861183
2023/7/24 22:00,71.52921137,23.56590672,1.954314898,1516.849017,54.05464299,86.50213705,21.65656761
2023/7/24 23:00,70.69209251,23.30866064,2.008555302,1502.482687,53.67145753,87.44319003,20.99050157
2023/7/25 0:00,70.34195599,23.15110109,1.904699093,1499.876735,53.6846479,87.11885345,21.05824138
2023/7/25 1:00,71.63937211,23.62868408,2.022575141,1516.30185,53.96555569,86.87851544,21.51236393
2023/7/25 2:00,71.80838051,23.67595658,2.001815591,1520.132973,54.05039595,86.6593662,21.66648575
2023/7/25 3:00,71.16908424,23.46024553,2.001093715,1509.238745,53.82313543,87.14852923,21.2670508
2023/7/25 4:00,71.4013878,23.5140238,1.950807263,1516.533889,53.96910639,86.69558073,21.56328716
2023/7/25 5:00,71.2736673,23.48196952,1.965856243,1513.23026,53.93707224,86.93462142,21.39277817
2023/7/25 6:00,70.52238035,23.2296615,1.945199551,1501.778255,53.6784217,87.36711294,21.00236032
2023/7/25 7:00,70.88880623,23.3347227,1.898192527,1508.759861,53.8533962,86.80800878,21.38157577
2023/7/25 8:00,71.07721315,23.40634601,1.930564576,1510.326242,53.87619793,86.88619782,21.3966461
2023/7/25 9:00,71.5015311,23.56709136,1.977219845,1516.151748,53.9474964,86.86563999,21.5140568
2023/7/25 10:00,71.035782,23.39640359,1.930773171,1509.694248,53.8547952,86.99927517,21.30958763
2023/7/25 11:00,71.23055607,23.4658943,1.942842229,1513.154289,53.90690662,86.92711026,21.41350305
2023/7/25 12:00,71.47309645,23.53717208,1.930531029,1516.97886,53.99521916,86.67068753,21.60807391
2023/7/25 13:00,70.88253829,23.34754987,1.947065441,1506.784073,53.79356941,87.27390751,21.14493174
2023/7/25 14:00,70.91881106,23.34865605,1.906483192,1509.922464,53.88259862,87.07194079,21.24395998
2023/7/25 15:00,70.77909797,23.28693474,1.8838086,1508.041523,53.80807151,86.9924438,21.28257704
2023/7/25 16:00,70.73064563,23.29271613,1.929323481,1504.983319,53.73080332,87.32971163,21.0901218
2023/7/25 17:00,72.39301371,23.86595762,1.969969911,1530.28174,54.23952869,86.34728731,22.01440091
2023/7/25 18:00,71.47734394,23.55950843,1.981294915,1516.06537,53.92024253,87.13150552,21.38415911
2023/7/25 19:00,70.00185568,23.03651606,1.890056542,1495.250021,53.56118303,87.7783509,20.6764449
2023/7/25 20:00,71.0125211,23.35860572,1.865232857,1512.279708,53.89091712,86.81738516,21.43664542
2023/7/25 21:00,70.45176987,23.18515991,1.882740312,1502.131143,53.70221674,87.42188323,20.96734157
2023/7/25 22:00,70.74596427,23.30272746,1.938504686,1504.548409,53.73210154,87.53172708,20.99339498
2023/7/25 23:00,70.2802695,23.12574714,1.878469848,1499.530361,53.62584915,87.53586841,20.89721616
2023/7/26 0:00,70.39505811,23.16979646,1.912596569,1500.625252,53.64611359,87.728311,20.79954857
2023/7/26 1:00,70.38068801,23.15886825,1.881078957,1502.171239,53.67028096,87.54513346,20.91256533
2023/7/26 2:00,71.27757107,23.46851762,1.931855106,1514.421878,53.90789627,87.21261507,21.29910898
2023/7/26 3:00,71.09658819,23.39743321,1.885087619,1512.929994,53.92542534,87.10179268,21.3021158
2023/7/26 4:00,70.66713039,23.23896144,1.828929275,1507.961833,53.83322586,87.09901996,21.20437932
2023/7/26 5:00,70.93730987,23.35326861,1.898233223,1509.475744,53.80089748,87.23796251,21.22680844
2023/7/26 6:00,71.89147924,23.66485819,1.881603455,1525.176267,54.13416359,86.45154165,21.87998268
2023/7/26 7:00,71.46309224,23.52060353,1.880617454,1518.935252,53.99503307,86.82186514,21.58081822
2023/7/26 8:00,70.41014848,23.17462616,1.91370109,1500.175193,53.62477463,87.90687604,20.74295236
2023/7/26 9:00,71.33246919,23.48090159,1.878030957,1516.446734,53.94361591,86.91888685,21.50907168
2023/7/26 10:00,70.90179008,23.35602567,1.935852241,1507.796825,53.75834841,87.72994352,20.94897462
2023/7/26 11:00,70.95363433,23.3574769,1.896174347,1509.38471,53.79399331,87.39667052,21.1689755
2023/7/26 12:00,71.34175513,23.49153051,1.926403568,1515.376234,53.90712962,87.36954684,21.26990843
2023/7/26 13:00,71.24553189,23.43525825,1.838496472,1515.838633,53.96213955,86.87620579,21.50502794
2023/7/26 14:00,70.52931135,23.20118217,1.875944093,1504.354948,53.70610328,87.72233438,20.88081787
2023/7/26 15:00,70.84006904,23.30464603,1.866670211,1509.21804,53.77371154,87.40238374,21.14367169
2023/7/26 16:00,71.38743769,23.50409051,1.899193351,1515.910023,53.91613735,87.18465659,21.3886077
2023/7/26 17:00,70.6281429,23.24660937,1.893991738,1503.740255,53.69298675,87.80011214,20.87881715
2023/7/26 18:00,70.65608477,23.23684717,1.84848837,1507.028218,53.75440534,87.51135183,21.03896806
2023/7/26 19:00,69.82439633,22.9506055,1.813229321,1494.39821,53.50275312,87.94225369,20.62046198
2023/7/26 20:00,71.46396162,23.50606485,1.849158633,1520.697513,54.01463303,86.96563955,21.51728526
2023/7/26 21:00,71.24066445,23.43410489,1.834857342,1516.41399,53.93810521,87.01691673,21.45027443
2023/7/26 22:00,71.56780211,23.54979205,1.875013511,1520.793397,54.01557235,87.09296573,21.48879346
2023/7/26 23:00,70.89273712,23.32502556,1.870600681,1509.445847,53.79244325,87.61495866,21.0582887
2023/7/27 0:00,70.52174008,23.18190994,1.811285705,1505.743037,53.74700763,87.56411248,20.97621592
2023/7/27 1:00,71.46871674,23.50768698,1.842652109,1520.640564,54.01331757,87.04325227,21.48775761
2023/7/27 2:00,70.89444118,23.33557609,1.900096844,1508.952435,53.77834283,87.88371351,20.91005123
2023/7/27 3:00,71.76210182,23.6176275,1.87731535,1523.537261,54.06922079,87.07984101,21.55173772
2023/7/27 4:00,71.56479953,23.53606091,1.827937614,1522.100837,54.03957798,86.89442876,21.62337808
2023/7/27 5:00,71.19590857,23.43021236,1.867113946,1513.99238,53.84043996,87.41437378,21.27575789
2023/7/27 6:00,71.70188862,23.59580245,1.859283059,1522.931148,54.05245162,87.06250897,21.55736755
2023/7/27 7:00,70.87832944,23.28892105,1.767515237,1512.81904,53.85618998,87.11519829,21.34662449
2023/7/27 8:00,70.45036395,23.15775088,1.803883209,1505.085526,53.71919128,87.75181552,20.88758525
2023/7/27 9:00,71.3606487,23.4700958,1.845168295,1517.760628,53.95164106,87.3130187,21.36163591
2023/7/27 10:00,71.290168,23.45204373,1.852394014,1516.75365,53.89357774,87.39020196,21.3090539
2023/7/27 11:00,71.32739259,23.4764255,1.890077476,1516.403859,53.84628462,87.6329151,21.19451564
2023/7/27 12:00,71.4402295,23.48985835,1.830923595,1521.597396,53.99354147,87.2756076,21.383065
2023/7/27 13:00,71.1283256,23.3853392,1.804614551,1514.302798,53.87901592,87.29543417,21.32966507
2023/7/27 14:00,71.09307781,23.39377041,1.869554372,1512.545822,53.8095751,87.74714686,21.07734407
2023/7/27 15:00,70.06055753,23.03177471,1.833735927,1497.03761,53.51626517,88.41989993,20.46346994
2023/7/27 16:00,71.19317884,23.41261962,1.823634397,1515.358394,53.90037502,87.4516405,21.26089134
2023/7/27 17:00,70.54370159,23.1990045,1.829151047,1505.046402,53.69696195,88.04198345,20.77842599
2023/7/27 18:00,70.84212191,23.31576224,1.877720745,1508.96469,53.71552865,88.13609874,20.81716189
2023/7/27 19:00,71.30208054,23.43029547,1.764656604,1520.528031,53.9970518,87.05298285,21.49845639
2023/7/27 20:00,70.71619127,23.25345874,1.841735448,1508.85034,53.72566228,88.0515152,20.83250386
2023/7/27 21:00,70.68253913,23.23754291,1.84795376,1506.127461,53.68292657,88.16165046,20.76635282
2023/7/27 22:00,70.41407239,23.12412186,1.747336804,1505.847513,53.7120173,87.69714862,20.95631957
2023/7/27 23:00,70.91464536,23.32010124,1.83101632,1511.267651,53.78989296,87.92900993,20.94696247
2023/7/28 0:00,70.85034635,23.29926454,1.832131812,1510.467256,53.78197845,88.00384868,20.88922263
2023/7/28 1:00,70.33140134,23.1162121,1.797118852,1503.486363,53.62778444,88.20015288,20.67439397
2023/7/28 2:00,70.43273254,23.14469817,1.791641416,1504.434512,53.64818476,88.04295278,20.80206799
2023/7/28 3:00,70.18715781,23.04633377,1.750832913,1502.256128,53.6095517,88.02460138,20.74645538
2023/7/28 4:00,71.12112644,23.39552937,1.843188978,1514.708823,53.865325,87.99221331,20.95364096
2023/7/28 5:00,70.67839113,23.22520107,1.791082947,1509.088245,53.74769969,87.96165075,20.88121446
2023/7/28 6:00,70.05369131,23.03723661,1.848429131,1497.091509,53.45986925,88.83978829,20.29455567
2023/7/28 7:00,70.51133398,23.17656997,1.806193852,1505.642042,53.67831355,88.2616674,20.6895232
2023/7/28 8:00,71.06440227,23.36007378,1.816277,1514.279692,53.83589894,87.88719359,21.04028373
2023/7/28 9:00,70.91915049,23.3047434,1.788782057,1512.579484,53.80377918,87.83421106,21.03385214
2023/7/28 10:00,70.96340992,23.32376953,1.789760048,1514.07287,53.81376136,87.83094129,21.04863568
2023/7/28 11:00,70.98506307,23.32119526,1.757525181,1514.921893,53.84868188,87.62807536,21.17507059
2023/7/28 12:00,70.68785871,23.23566151,1.802645113,1508.694583,53.73408141,88.25041796,20.74217719
2023/7/28 13:00,71.59413682,23.54718253,1.839674144,1522.576208,53.97983963,87.74732774,21.25029949
2023/7/28 14:00,69.78779443,22.9165817,1.765121952,1495.488678,53.48500608,88.76379692,20.24730773
2023/7/28 15:00,70.07856357,23.00507567,1.72631758,1501.258492,53.59757269,88.26007814,20.61173812
2023/7/28 16:00,70.10643147,23.03082573,1.767793156,1499.791708,53.54080054,88.45669173,20.53056866
2023/7/28 17:00,70.79169016,23.26616546,1.78918122,1510.161104,53.75214401,88.12971756,20.87041149
2023/7/28 18:00,70.47170197,23.16434744,1.821623416,1504.359083,53.61304313,88.62963119,20.51812209
2023/7/28 19:00,70.56180538,23.20185367,1.827452029,1505.76633,53.60796417,88.60165949,20.5720911
2023/7/28 20:00,69.68984554,22.87770895,1.727912563,1495.149196,53.43750358,88.66953709,20.32290295
2023/7/28 21:00,71.40489929,23.47128767,1.784175934,1519.526939,53.93287464,87.6879006,21.25669163
2023/7/28 22:00,71.20921366,23.40025381,1.785884678,1517.537866,53.88313887,87.9246066,21.08344316
2023/7/28 23:00,70.78676894,23.24441205,1.736723232,1512.000044,53.79919134,87.9559519,20.96471668
2023/7/29 0:00,70.73457125,23.25416921,1.81455435,1508.419713,53.69936218,88.54446967,20.64302104
2023/7/29 1:00,69.82442544,22.93144904,1.748036397,1496.633937,53.43013333,88.77378128,20.31865392
2023/7/29 2:00,70.85995764,23.25978587,1.696036152,1514.833071,53.86645918,87.70001625,21.12083131
2023/7/29 3:00,70.3542245,23.1169977,1.792414137,1503.418701,53.5869924,88.73208126,20.45609916
2023/7/29 4:00,71.16275654,23.38211827,1.761518777,1517.097733,53.8681269,87.91572043,21.09837567
2023/7/29 5:00,70.58471401,23.18523093,1.747799095,1508.454462,53.70170321,88.30542657,20.74494083
2023/7/29 6:00,70.58984967,23.20516379,1.797961119,1506.741292,53.61386704,88.61686453,20.6120496
2023/7/29 7:00,70.59477466,23.19559091,1.780576098,1507.713268,53.66519457,88.53912153,20.63363262
2023/7/29 8:00,70.43038937,23.13993904,1.762555053,1505.670255,53.62040714,88.60710027,20.56331824
2023/7/29 9:00,70.55685324,23.16699526,1.732047333,1509.545765,53.7075385,88.32980419,20.73165308
2023/7/29 10:00,70.66967287,23.2035613,1.722421057,1510.364546,53.72135662,88.164116,20.87313365
2023/7/29 11:00,71.08041165,23.37294294,1.819602624,1513.656675,53.78371582,88.52864702,20.75648959
2023/7/29 12:00,70.77248969,23.24670298,1.747677829,1511.67045,53.73981741,88.30149312,20.81733455
2023/7/29 13:00,70.23086212,23.06356054,1.741212717,1502.479333,53.57392831,88.71906885,20.46564347
2023/7/29 14:00,70.2803758,23.0616019,1.697576315,1505.408427,53.6323918,88.42927262,20.63690649
2023/7/29 15:00,69.98797451,22.9594754,1.672633596,1501.537231,53.55006955,88.4937685,20.54211345
2023/7/29 16:00,70.54453341,23.14755669,1.70232648,1509.433265,53.7297042,88.34413055,20.74401779
2023/7/29 17:00,71.10941974,23.36766704,1.762742213,1516.237425,53.80612482,88.22215047,20.95679226
2023/7/29 18:00,70.07803204,22.99388824,1.709191527,1501.136352,53.55462897,88.76626357,20.42251349
2023/7/29 19:00,70.81299807,23.24366894,1.73005457,1513.22185,53.78883578,88.38423068,20.78183888
2023/7/29 20:00,70.93819451,23.29766871,1.723888881,1514.563405,53.81698728,88.24060802,20.89229941
2023/7/29 21:00,70.13988271,23.0276131,1.727808459,1501.353019,53.53381849,88.88034449,20.38095823
2023/7/29 22:00,70.70141792,23.21097864,1.726559664,1511.017308,53.73020043,88.48258879,20.71655645
2023/7/29 23:00,71.45029245,23.4673156,1.733248458,1522.422497,53.96920212,87.95526764,21.18419301
2023/7/30 0:00,70.36607868,23.10505635,1.742159486,1504.997692,53.59298701,88.87634901,20.4460808
2023/7/30 1:00,71.98898807,23.64536562,1.742799014,1531.294397,54.13962945,87.65949491,21.47242952
2023/7/30 2:00,71.11374273,23.34058173,1.7016603,1518.537484,53.89685799,88.1061552,21.01843557
2023/7/30 3:00,71.0846912,23.32639333,1.701892322,1517.269983,53.83904178,88.09013646,21.06342941
2023/7/30 4:00,69.80216884,22.8911306,1.65806819,1498.63896,53.50296687,88.8960918,20.29579112
2023/7/30 5:00,71.6220134,23.51222728,1.68301878,1526.826299,54.05141306,87.60552765,21.44125794
2023/7/30 6:00,70.37984636,23.11094436,1.736544408,1504.615219,53.600974,88.96303459,20.41346895
2023/7/30 7:00,70.62238098,23.20258989,1.766859741,1508.000888,53.62926895,89.00651363,20.45223091
2023/7/30 8:00,70.75742748,23.22878663,1.721654048,1512.136166,53.72659548,88.63619683,20.67974023
2023/7/30 9:00,70.99509698,23.28129924,1.635402462,1519.039423,53.91342137,87.94516525,21.09661287
2023/7/30 10:00,70.87905332,23.28342249,1.763009079,1512.863766,53.72933261,88.86538265,20.58732959
2023/7/30 11:00,70.10882471,23.01078427,1.720947282,1501.36348,53.51407325,89.22393417,20.20912793
2023/7/30 12:00,70.18834904,23.03188606,1.678348691,1504.191935,53.57182564,88.84585303,20.4478748
2023/7/30 13:00,70.07931981,22.98373365,1.66002207,1502.84202,53.56219818,88.86992192,20.40539972
2023/7/30 14:00,69.99183439,22.96290561,1.722209011,1499.292096,53.47388067,89.41328525,20.0889824
2023/7/30 15:00,70.59566545,23.19231324,1.765156476,1508.030745,53.59932002,89.16872072,20.38271056
2023/7/30 16:00,70.99895977,23.31603154,1.730074367,1515.751486,53.78735674,88.66325129,20.74167093
2023/7/30 17:00,71.0722232,23.34126204,1.748382053,1516.152562,53.78315737,88.75285565,20.72175788
2023/7/30 18:00,69.61874415,22.8503834,1.696324175,1494.456408,53.36418093,89.56993473,19.93365805
2023/7/30 19:00,70.09928679,22.99917395,1.704447435,1502.698005,53.523321,89.29269094,20.19091323
2023/7/30 20:00,70.87891193,23.28422645,1.752938821,1511.808993,53.69833861,88.98129364,20.56179425
2023/7/30 21:00,71.45621398,23.46831091,1.745546989,1522.520956,53.90169229,88.5385629,20.93260631
2023/7/30 22:00,70.58681418,23.15366005,1.654157143,1511.431921,53.70595997,88.62476352,20.69099211
2023/7/30 23:00,70.49031534,23.11654697,1.656222948,1510.183061,53.67527228,88.74236831,20.59920804
2023/7/31 0:00,70.47762546,23.12385604,1.664482958,1509.234249,53.65674069,88.81156158,20.56201044
2023/7/31 1:00,69.78630091,22.8737037,1.635166642,1499.448106,53.4544588,89.19599713,20.19667323
2023/7/31 2:00,71.17344927,23.34946522,1.679798983,1520.1351,53.86699022,88.41724862,20.95616286
2023/7/31 3:00,70.22515052,23.04470432,1.691891437,1504.376151,53.52810274,89.23647437,20.29201167
2023/7/31 4:00,70.54920309,23.15955996,1.705190027,1508.495492,53.60920249,89.09014285,20.45271766
2023/7/31 5:00,69.86980832,22.91239187,1.669050058,1499.698117,53.46049325,89.44664454,20.08692671
2023/7/31 6:00,70.33743419,23.08444107,1.692010741,1506.007669,53.57583542,89.22635638,20.32606147
2023/7/31 7:00,71.08406152,23.32370901,1.679470156,1518.832285,53.838778,88.61162372,20.82500618
2023/7/31 8:00,70.58513998,23.1477057,1.636084977,1511.487916,53.71795956,88.75218476,20.62622294
2023/7/31 9:00,70.31092375,23.0634329,1.66292635,1506.067724,53.56906139,89.14728292,20.38593737
2023/7/31 10:00,70.61988663,23.17651804,1.700260638,1510.442962,53.6671096,89.21895037,20.38592628
2023/7/31 11:00,70.88166184,23.25343221,1.67702307,1515.764204,53.7215819,88.82257623,20.69209054
2023/7/31 12:00,70.45574533,23.11134899,1.674135748,1508.557948,53.63957592,89.20323927,20.36967404
2023/7/31 13:00,70.64349933,23.18877554,1.688372909,1510.2258,53.65492378,89.11415993,20.47716101
2023/7/31 14:00,70.86814291,23.26616584,1.717834494,1512.771388,53.68343269,89.15736015,20.51283201
2023/7/31 15:00,70.51922761,23.1377188,1.683870864,1509.527145,53.61877988,89.24846077,20.38675413
2023/7/31 16:00,70.89906059,23.2686424,1.69402059,1513.893835,53.71640549,89.00082371,20.61136631
2023/7/31 17:00,70.09753512,22.98689525,1.643091271,1503.060085,53.52244276,89.35161583,20.22393877
2023/7/31 18:00,70.59015972,23.16062128,1.675189363,1510.774032,53.6504944,89.21701168,20.40993183
2023/7/31 19:00,70.92569941,23.25895262,1.655185679,1517.294806,53.79882918,88.8804526,20.67596608
2023/7/31 20:00,70.33811549,23.07905938,1.672302276,1506.661659,53.55472063,89.39522574,20.26840245
2023/7/31 21:00,70.86536683,23.22751393,1.610088153,1516.806698,53.80403651,88.64494322,20.78956533
2023/7/31 22:00,71.19136729,23.36276673,1.67608789,1519.898766,53.82110958,88.80822102,20.79673032
2023/7/31 23:00,70.98976116,23.29650447,1.699526596,1517.054063,53.78357004,89.2379058,20.49230459
2023/8/1 0:00,71.47996784,23.46616594,1.708835833,1523.409227,53.88710711,88.83765181,20.85458372
2023/8/1 1:00,70.81984093,23.23565018,1.686843794,1514.481343,53.70444938,89.26268211,20.45831101
2023/8/1 2:00,70.78870708,23.24892871,1.73054049,1511.507546,53.58648398,89.48164002,20.3775576
2023/8/1 3:00,70.50551387,23.12656877,1.641751961,1510.278547,53.64911292,89.25699696,20.38416908
2023/8/1 4:00,70.83311349,23.24712589,1.694408046,1513.228649,53.65728507,89.32702912,20.46091522
2023/8/1 5:00,69.34229158,22.73779235,1.655765812,1490.113316,53.22340527,90.24341983,19.60952188
2023/8/1 6:00,70.46452043,23.10683693,1.63694892,1510.110906,53.61677765,89.3110961,20.36544271
2023/8/1 7:00,70.74782934,23.20035901,1.648298354,1513.487855,53.71070015,89.22630954,20.46895634
2023/8/1 8:00,70.21730981,23.03448954,1.661408569,1504.584736,53.50798021,89.72596584,20.07927602
2023/8/1 9:00,70.58913045,23.15650812,1.673082116,1509.983194,53.60784917,89.50943854,20.31069795
2023/8/1 10:00,70.50614018,23.13162753,1.669255057,1509.180564,53.60989323,89.60088602,20.22057004
2023/8/1 11:00,70.82642578,23.21326402,1.607610729,1516.72079,53.79140371,89.00850107,20.60756872
2023/8/1 12:00,71.01534815,23.28160342,1.618072613,1518.56173,53.8263577,88.91657675,20.70539139
2023/8/1 13:00,71.07248915,23.32779586,1.687944007,1517.345491,53.75605949,89.33185184,20.51311866
2023/8/1 14:00,70.85626465,23.21780807,1.58545556,1518.02475,53.79821812,88.85590435,20.71979829
2023/8/1 15:00,70.15869681,22.98073514,1.573214212,1506.314933,53.57808869,89.34237202,20.28085599
2023/8/1 16:00,70.54867232,23.12432648,1.622336594,1511.888375,53.64202253,89.39073928,20.37013455
2023/8/1 17:00,70.88695974,23.25004983,1.63612263,1515.084601,53.74021742,89.21673767,20.53909069
2023/8/1 18:00,70.11615328,22.98648661,1.633179949,1504.7423,53.47703519,89.81377088,20.04514427
2023/8/1 19:00,70.19972376,23.01640025,1.627715336,1505.689474,53.51157091,89.71826808,20.12001546
2023/8/1 20:00,70.85846584,23.24079209,1.640425815,1515.589545,53.7176232,89.31564929,20.48957123
2023/8/1 21:00,70.72245215,23.19047307,1.640369885,1513.804133,53.67243426,89.45453125,20.39076973
2023/8/1 22:00,69.7373925,22.87629064,1.668361751,1496.060556,53.29078751,90.39363015,19.66259684
2023/8/1 23:00,70.32523452,23.06071682,1.64440491,1506.783923,53.53197165,89.81329879,20.1067642
2023/8/2 0:00,70.69357063,23.17974293,1.64459294,1512.944745,53.63177494,89.56069864,20.3318193
2023/8/2 1:00,70.47594191,23.11090872,1.643729932,1509.383017,53.56149035,89.72433466,20.20934314
2023/8/2 2:00,70.08356666,22.97759812,1.62295788,1503.720355,53.43606769,89.90084685,20.02051006
2023/8/2 3:00,70.44497531,23.09331371,1.632283526,1509.914346,53.57320352,89.73947044,20.1918042
2023/8/2 4:00,70.97223497,23.28410384,1.670680624,1516.753337,53.73449077,89.64642712,20.34754314
2023/8/2 5:00,70.82181083,23.22946827,1.652869772,1514.399,53.68934628,89.63054852,20.32954229
2023/8/2 6:00,70.20314981,22.99427085,1.574461035,1507.733624,53.57056385,89.64638964,20.16528394
2023/8/2 7:00,70.4566289,23.10528117,1.645661549,1508.592713,53.54366008,89.85969992,20.14713036
2023/8/2 8:00,70.91498291,23.25009517,1.612932837,1516.760372,53.72728456,89.35130631,20.51186825
2023/8/2 9:00,69.62776718,22.81222268,1.582613031,1497.979458,53.34764166,90.1808138,19.75807544
2023/8/2 10:00,71.62137192,23.48619747,1.625003424,1528.474072,53.96499771,88.94947641,20.898019
2023/8/2 11:00,70.33053705,23.05182346,1.604871772,1507.972971,53.5426044,89.82154121,20.13115008
2023/8/2 12:00,70.12075255,22.96060495,1.609270323,1503.930636,53.4395239,90.01987764,19.97800296
2023/8/2 13:00,71.13361653,23.29522467,1.550448356,1523.515858,53.90904685,88.92656204,20.78336048
2023/8/2 14:00,71.10138408,23.32434521,1.66764235,1518.250099,53.72094378,89.67807404,20.40351928
2023/8/2 15:00,69.13251309,22.63699273,1.565891919,1490.800765,53.19714973,90.61981633,19.42133434
2023/8/2 16:00,69.53801664,22.76892654,1.548718821,1496.861298,53.32765602,90.16713039,19.76945543
2023/8/2 17:00,70.44988869,23.10698039,1.631081441,1508.729261,53.5238341,89.96407629,20.1031311
2023/8/2 18:00,69.89080508,22.8841106,1.558901886,1503.327824,53.44368118,90.002243,19.94486221
2023/8/2 19:00,70.84527239,23.22109868,1.604346709,1516.54794,53.70475838,89.55056972,20.42420825
2023/8/2 20:00,70.67339592,23.17264077,1.632183533,1512.812311,53.61931362,89.90059991,20.19080606
2023/8/2 21:00,70.16535983,23.01203267,1.637692356,1504.391069,53.4556341,90.38854308,19.80581193
2023/8/2 22:00,70.59939918,23.14275605,1.624932714,1511.918906,53.58704051,89.9632396,20.14776582
2023/8/2 23:00,69.84797754,22.87020817,1.562253043,1502.354904,53.39776881,90.16636265,19.87124858
2023/8/3 0:00,70.59641498,23.12650166,1.563104081,1514.109095,53.6784234,89.62220509,20.31738838
2023/8/3 1:00,69.81229974,22.88185986,1.60650698,1499.816208,53.34802943,90.50469633,19.67985932
2023/8/3 2:00,70.74682697,23.15711482,1.5200862,1517.71234,53.75883601,89.26079337,20.54950073
2023/8/3 3:00,70.54876329,23.12220221,1.585414912,1512.593995,53.61844317,89.8335885,20.21098601
2023/8/3 4:00,70.35154454,23.06605663,1.621423296,1507.723395,53.49604779,90.26217072,19.93816415
2023/8/3 5:00,71.20919288,23.34841772,1.596741811,1522.009552,53.77394889,89.38933766,20.63245031
2023/8/3 6:00,70.6380619,23.14122978,1.583818778,1513.767031,53.64967465,89.86472443,20.22420369
2023/8/3 7:00,71.13380463,23.30658879,1.58198831,1522.295812,53.81804532,89.49282941,20.52596962
2023/8/3 8:00,69.96026471,22.91534563,1.572896303,1504.33803,53.42371806,90.3216012,19.82529097
2023/8/3 9:00,70.35720471,23.05323196,1.595694799,1508.524471,53.53025659,90.2130185,19.97227077
2023/8/3 10:00,70.77483051,23.19388573,1.59617849,1516.090793,53.66806385,89.90577449,20.23464702
2023/8/3 11:00,71.35542717,23.38800771,1.594281428,1524.814103,53.84834551,89.46219818,20.62195707
2023/8/3 12:00,71.05692625,23.27906874,1.556337362,1520.49556,53.7842827,89.44105125,20.56211462
2023/8/3 13:00,70.05772508,22.9382171,1.538343717,1506.033728,53.48569006,90.14987364,19.95043201
2023/8/3 14:00,70.42398228,23.07445624,1.589711268,1510.550702,53.55922626,90.25730853,19.96712002
2023/8/3 15:00,69.72644314,22.80547131,1.500370965,1502.015336,53.42319736,90.24674505,19.80684247
2023/8/3 16:00,70.47185414,23.08709883,1.569755925,1510.771682,53.56730508,90.06372239,20.10749072
2023/8/3 17:00,70.51925988,23.09769023,1.558254954,1513.147049,53.62003022,90.03331174,20.11345073
2023/8/3 18:00,71.26635187,23.37116483,1.632511122,1522.739269,53.7659915,89.91523789,20.37369126
2023/8/3 19:00,69.87337468,22.88261118,1.559511885,1502.468895,53.3708517,90.52683668,19.72002158
2023/8/3 20:00,70.77631564,23.18277306,1.563826081,1517.075921,53.68849433,89.91472183,20.25745483
2023/8/3 21:00,70.56760713,23.11265918,1.550248812,1513.449869,53.58587972,89.92883911,20.21738727
2023/8/3 22:00,69.84600951,22.86873019,1.546622113,1502.203021,53.3777304,90.53723256,19.71202415
2023/8/3 23:00,71.02824125,23.26961053,1.583837195,1520.483467,53.7362566,89.93068691,20.30928212
2023/8/4 0:00,69.99595885,22.91345969,1.559195902,1504.582772,53.43481457,90.58791185,19.71654562
2023/8/4 1:00,69.70597861,22.83959316,1.594378335,1497.316235,53.25659486,90.98215104,19.46128751
2023/8/4 2:00,69.5543192,22.75860581,1.511859326,1498.926588,53.31795775,90.62423712,19.60592553
2023/8/4 3:00,70.17988098,22.98864717,1.555812847,1506.68026,53.47152083,90.43428799,19.85333446
2023/8/4 4:00,70.07333027,22.95196537,1.552132654,1505.837285,53.43269825,90.47528235,19.82507452
2023/8/4 5:00,70.43999911,23.0782467,1.56328452,1510.773732,53.5402841,90.31359611,19.98672609
2023/8/4 6:00,70.67416962,23.15026112,1.565786066,1515.096815,53.61344101,90.14783099,20.14595071
2023/8/4 7:00,70.53375013,23.08030766,1.496850106,1514.727292,53.65438906,89.88198024,20.23538379
2023/8/4 8:00,69.62813531,22.80428358,1.582202234,1497.538951,53.22452848,91.09374634,19.39984027
2023/8/4 9:00,69.84529582,22.87745304,1.574920344,1500.758738,53.34025224,90.93491833,19.51751074
2023/8/4 10:00,69.5911925,22.7943202,1.581504428,1496.916218,53.2822031,91.24656174,19.27503437
2023/8/4 11:00,70.4682728,23.08758334,1.569238063,1511.129416,53.54053626,90.45245431,19.92777735
2023/8/4 12:00,70.78367377,23.18724801,1.558776327,1516.997645,53.66095048,90.17925206,20.14918315
2023/8/4 13:00,70.81032156,23.19814117,1.573211795,1516.841723,53.63490823,90.23543677,20.14291323
2023/8/4 14:00,70.54309854,23.10241374,1.558896191,1513.14979,53.56919706,90.39158282,19.98491531
2023/8/4 15:00,70.02757125,22.9243446,1.543422632,1504.8875,53.4099715,90.70782867,19.70404371
2023/8/4 16:00,70.41343463,23.06114035,1.555239465,1511.415297,53.51806744,90.49150872,19.90922209
2023/8/4 17:00,71.60954432,23.45925573,1.54621073,1530.223725,53.9067373,89.52650547,20.72801854
2023/8/4 18:00,69.95582259,22.88624812,1.491473005,1505.656507,53.46134161,90.52451549,19.76125087
2023/8/4 19:00,70.50998549,23.07824306,1.509223171,1514.265664,53.60027575,90.18394265,20.10036377
2023/8/4 20:00,70.56127632,23.09658452,1.525315345,1514.514201,53.57888166,90.25777982,20.08886654
2023/8/4 21:00,70.44429878,23.04536988,1.487727808,1514.603464,53.60425754,90.14782647,20.1049169
2023/8/4 22:00,70.3050384,23.02354429,1.551453892,1509.391115,53.50342961,90.70718871,19.77094546
2023/8/4 23:00,69.15600961,22.62453998,1.505532841,1492.608359,53.13695989,91.29768533,19.1978188
2023/8/5 0:00,69.28526452,22.68319401,1.55150491,1492.697629,53.15185634,91.53104009,19.09765505
2023/8/5 1:00,69.87757128,22.86217368,1.51665993,1504.908735,53.37833925,90.86737019,19.59691641
2023/8/5 2:00,70.92634094,23.21200978,1.482003384,1521.576748,53.77808175,89.88165875,20.35482194
2023/8/5 3:00,70.82008982,23.19552151,1.554857506,1517.241173,53.63401163,90.39601849,20.08418126
2023/8/5 4:00,70.09363024,22.94573627,1.540945848,1505.939322,53.40757427,90.90118424,19.64364488
2023/8/5 5:00,70.7741464,23.17501107,1.517416903,1517.625076,53.64662844,90.19556392,20.19062709
2023/8/5 6:00,70.25164136,23.02829902,1.620509902,1506.363017,53.39625251,91.36188451,19.4266934
2023/8/5 7:00,70.84790454,23.1947444,1.540116251,1518.537262,53.69760509,90.4090722,20.07171092
2023/8/5 8:00,70.71454421,23.16364999,1.539722085,1515.406264,53.62840827,90.50321438,19.98603072
2023/8/5 9:00,70.26460457,22.98820222,1.481484429,1510.258741,53.51345905,90.44478373,19.95037794
2023/8/5 10:00,69.89781502,22.86072517,1.477450265,1504.910146,53.41005246,90.76253777,19.67439288
2023/8/5 11:00,71.28895578,23.33684277,1.508981826,1526.185935,53.82969365,89.91491162,20.45976703
2023/8/5 12:00,69.50422429,22.73615917,1.51201063,1497.575037,53.22556631,91.30516993,19.30977776
2023/8/5 13:00,70.23411496,22.97598026,1.492129651,1510.618902,53.51952103,90.67972972,19.79082469
2023/8/5 14:00,70.14914581,22.97428248,1.567139293,1505.961769,53.39234782,91.21291859,19.51708103
2023/8/5 15:00,69.54162974,22.74200256,1.502150265,1498.884643,53.25750638,91.32631301,19.30195915
2023/8/5 16:00,69.51775219,22.74755308,1.520797054,1497.612034,53.24481988,91.48206512,19.20489369
2023/8/5 17:00,71.2031784,23.32559578,1.561292335,1522.919037,53.74946948,90.43401584,20.16177061
2023/8/5 18:00,70.61820892,23.12468682,1.561879021,1514.356466,53.54600916,90.90269065,19.80228615
2023/8/5 19:00,70.3303741,22.99998886,1.471498076,1511.871656,53.54877305,90.56993503,19.91291269
2023/8/5 20:00,70.51510918,23.07979625,1.509310154,1513.716236,53.5429956,90.66841987,19.90207461
2023/8/5 21:00,69.79538806,22.84399457,1.51536736,1502.213752,53.3379382,91.31447231,19.37771466
2023/8/5 22:00,70.6347233,23.10691601,1.49749597,1516.045516,53.62063094,90.56820705,19.97843333
2023/8/5 23:00,70.57732728,23.11473125,1.545317969,1513.154297,53.5384552,90.92518616,19.77863488
2023/8/6 0:00,69.65743913,22.78479907,1.494393377,1500.587891,53.27949362,91.27881457,19.38844898
2023/8/6 1:00,69.84241562,22.84274053,1.468973728,1504.192146,53.37436734,91.02892442,19.55803331
2023/8/6 2:00,70.59652872,23.12647444,1.569383146,1512.484004,53.47832067,91.06145953,19.73494212
2023/8/6 3:00,71.17391626,23.30266269,1.507180683,1524.004141,53.73515118,90.22750103,20.32231971
2023/8/6 4:00,70.30012584,23.00818036,1.515799152,1509.538647,53.4565518,91.00675507,19.68237411
2023/8/6 5:00,71.08871976,23.28797525,1.546786632,1521.930962,53.69348618,90.59938253,20.09678652
2023/8/6 6:00,69.99344462,22.89809328,1.48538734,1506.221277,53.37184556,91.06031441,19.59470338
2023/8/6 7:00,69.16425208,22.62385358,1.484727594,1493.475615,53.15371929,91.80470975,18.96641046
2023/8/6 8:00,70.27765597,22.99191959,1.48590113,1510.49017,53.46192361,90.89060141,19.75823957
2023/8/6 9:00,70.3726653,23.04379095,1.558426924,1510.084897,53.44139535,91.36578355,19.5186677
2023/8/6 10:00,70.55702872,23.09060743,1.494913442,1515.359238,53.56994763,90.82962711,19.85163177
2023/8/6 11:00,69.89085472,22.88514474,1.57189166,1501.354602,53.21990094,91.79674148,19.20652699
2023/8/6 12:00,70.1693166,22.95168673,1.452791168,1510.008876,53.49663626,90.87545001,19.72636188
2023/8/6 13:00,69.45395361,22.72175075,1.489480677,1497.603583,53.19411254,91.67723558,19.14514583
2023/8/6 14:00,70.23676051,22.99010106,1.520883214,1508.290424,53.39614301,91.26941775,19.56191582
2023/8/6 15:00,70.55494512,23.11051998,1.54845325,1512.9899,53.48234185,91.21085399,19.66572155
2023/8/6 16:00,70.59716539,23.12957473,1.572232052,1513.409952,53.52553968,91.41740535,19.53846772
2023/8/6 17:00,69.69089803,22.77951494,1.415795069,1503.664188,53.34178159,91.07408067,19.52675376
2023/8/6 18:00,69.87812703,22.85705316,1.468480304,1504.62372,53.35089629,91.31036369,19.44157075
2023/8/6 19:00,70.29019063,23.00367517,1.484705524,1510.602986,53.45177751,91.08751217,19.66998087
2023/8/6 20:00,71.10104927,23.25755256,1.475497709,1525.353556,53.72166778,90.41984045,20.23623231
2023/8/6 21:00,70.35409481,23.01503345,1.479286039,1511.782091,53.48434155,91.04393153,19.7129064
2023/8/6 22:00,69.99813979,22.90281623,1.487759084,1505.625759,53.38362082,91.42720766,19.41477628
2023/8/6 23:00,69.45033736,22.69637535,1.418536546,1498.636289,53.2382456,91.34959343,19.35874002
2023/8/7 0:00,69.68188381,22.79011798,1.480350735,1500.977354,53.28049139,91.6583908,19.22092699
2023/8/7 1:00,70.20685628,22.96809814,1.482193081,1509.493855,53.45798448,91.29393694,19.53438887
2023/8/7 2:00,69.92315878,22.87594146,1.483115295,1505.121071,53.35359755,91.5289814,19.35425253
2023/8/7 3:00,70.68410032,23.12322416,1.472995533,1517.777564,53.59396355,90.87650562,19.89339456
2023/8/7 4:00,69.39947864,22.69446255,1.461843542,1497.567638,53.16395108,91.78297258,19.10750959
2023/8/7 5:00,70.35666382,23.02859644,1.507488512,1510.429901,53.46014304,91.40212944,19.53192585
2023/8/7 6:00,70.2187208,22.96881118,1.474290265,1510.58961,53.4342092,91.28134474,19.57591382
2023/8/7 7:00,68.84434827,22.51735302,1.484935311,1487.907753,52.96014328,92.42485328,18.64734668
2023/8/7 8:00,70.95166831,23.22281279,1.51089267,1519.962518,53.6299265,90.98514095,19.9105536
2023/8/7 9:00,69.38458617,22.70335534,1.504509517,1494.681761,53.1055523,92.16073823,18.92309121
2023/8/7 10:00,70.39521134,23.03112014,1.499629719,1512.353188,53.47909637,91.40364008,19.54803798
2023/8/7 11:00,70.2364383,22.97553529,1.481559473,1509.740391,53.40977768,91.36360863,19.55479756
2023/8/7 12:00,69.2245459,22.64136249,1.486452181,1494.303542,53.09825768,92.27838207,18.80214227
2023/8/7 13:00,69.87025973,22.85667754,1.477420323,1503.926904,53.29024411,91.67508573,19.30144993
2023/8/7 14:00,69.74161752,22.79062959,1.415399856,1504.588812,53.32694986,91.42946513,19.39499333
2023/8/7 15:00,70.41182527,23.0374544,1.490102483,1512.648642,53.47184542,91.40966616,19.55518381
2023/8/7 16:00,70.00630747,22.88880261,1.457492259,1507.474046,53.37813344,91.53084187,19.39662743
2023/8/7 17:00,70.12719039,22.9374217,1.463032771,1508.565985,53.37797472,91.48432333,19.47443068
2023/8/7 18:00,70.64421644,23.10682119,1.46608707,1517.443807,53.59757803,91.17904274,19.73853012
2023/8/7 19:00,70.63244228,23.10848875,1.462551491,1516.25211,53.5612801,91.11972547,19.78015469
2023/8/7 20:00,69.51647349,22.7194419,1.416855986,1500.636417,53.26144809,91.73211829,19.17313305
2023/8/7 21:00,70.70822805,23.12149912,1.452007294,1518.369882,53.59839167,91.02987943,19.84717995
2023/8/7 22:00,69.89292311,22.85540988,1.458969717,1504.849396,53.29214635,91.69606299,19.31711904
2023/8/7 23:00,69.55342069,22.72810334,1.430946141,1500.904886,53.24250349,91.83002063,19.1489222
2023/8/8 0:00,69.66136698,22.76431917,1.422796211,1503.100845,53.28275663,91.71864767,19.23405101
2023/8/8 1:00,69.96281271,22.85925664,1.39615596,1507.401814,53.37438507,91.29408408,19.53729402
2023/8/8 2:00,70.07405105,22.91803532,1.454739404,1507.723102,53.37781156,91.6567034,19.3645217
2023/8/8 3:00,70.02090953,22.90374827,1.471892729,1507.184919,53.35105655,91.81809045,19.26855859
2023/8/8 4:00,69.19445886,22.59612724,1.3877752,1495.346053,53.15577449,91.91026814,19.02335547
2023/8/8 5:00,70.60732595,23.0877941,1.448768139,1517.637345,53.57179172,91.25836534,19.70789091
2023/8/8 6:00,70.45493528,23.04318921,1.457695233,1514.100431,53.50422155,91.42816673,19.59299477
2023/8/8 7:00,69.65092574,22.76442217,1.453910199,1501.712128,53.26913397,92.10051624,19.02880319
2023/8/8 8:00,69.32351425,22.65528845,1.423990085,1496.683849,53.15355069,92.12052207,18.95138663
2023/8/8 9:00,69.74607953,22.80266314,1.449025251,1502.775955,53.26285371,91.96020915,19.14607274
2023/8/8 10:00,70.51873696,23.07488211,1.492185359,1514.166879,53.47766449,91.69358174,19.47270416
2023/8/8 11:00,70.85989155,23.19391607,1.494172946,1520.026783,53.59610856,91.46303105,19.68016289
2023/8/8 12:00,70.04253523,22.89814517,1.442446821,1507.547462,53.36612322,91.73518896,19.33807331
2023/8/8 13:00,70.64371706,23.09236267,1.428816842,1517.970165,53.57318574,91.24697466,19.74192203
2023/8/8 14:00,70.07429785,22.92055159,1.452836597,1507.987018,53.33428293,91.79270188,19.33352447
2023/8/8 15:00,71.2184858,23.31792808,1.516212227,1524.879156,53.65689739,91.33266002,19.85275845
2023/8/8 16:00,69.8060044,22.81444466,1.413441684,1505.159049,53.30818858,91.80126917,19.26323113
2023/8/8 17:00,69.16343278,22.60909806,1.470769749,1493.709407,53.02266102,92.69807678,18.62943808
2023/8/8 18:00,69.66324371,22.76311861,1.416389612,1503.553047,53.27767744,92.00178225,19.10832313
2023/8/8 19:00,69.48369914,22.69819432,1.396724849,1500.765389,53.24397361,92.01195312,19.05663928
2023/8/8 20:00,69.59727272,22.73346038,1.397990459,1503.09224,53.27862355,91.99574544,19.09648499
2023/8/8 21:00,70.26129689,22.97405229,1.447725923,1511.408659,53.39171324,91.75139943,19.40803645
2023/8/8 22:00,69.85321298,22.83014607,1.415671934,1505.763075,53.30575738,91.86104013,19.25822107
2023/8/8 23:00,70.00627981,22.88461239,1.440365855,1507.03739,53.32357357,91.94987372,19.24246006
2023/8/9 0:00,69.49311649,22.71505905,1.444470921,1499.511503,53.17676751,92.42209807,18.85500266
2023/8/9 1:00,70.58128026,23.07891474,1.447510455,1516.536582,53.48827521,91.56290109,19.60376833
2023/8/9 2:00,70.46713336,23.06851745,1.526580185,1511.369827,53.37296678,92.18405421,19.24662756
2023/8/9 3:00,69.92036841,22.86560327,1.457520257,1505.421466,53.25036701,92.14860934,19.13663883
2023/8/9 4:00,69.63261019,22.75167365,1.412349553,1502.294082,53.22179813,92.12673769,19.07717474
2023/8/9 5:00,70.53442104,23.07891135,1.485920017,1513.61235,53.40463127,91.87062982,19.44332335
2023/8/9 6:00,69.68677303,22.78835034,1.45642691,1501.693869,53.20250589,92.38382847,18.94514822
2023/8/9 7:00,70.39558038,23.03079274,1.478091299,1512.004906,53.40151928,91.98943728,19.32395083
2023/8/9 8:00,69.10932256,22.59750917,1.453500535,1492.433967,53.0024335,92.83092028,18.5728336
2023/8/9 9:00,70.72174272,23.1561681,1.532641011,1515.205366,53.43598195,92.10803495,19.36389742
2023/8/9 10:00,69.91659193,22.84722777,1.436283607,1505.603318,53.29798917,92.19963765,19.09746813
2023/8/9 11:00,69.74318353,22.78887643,1.439255099,1502.449668,53.22011334,92.33790014,18.98324212
2023/8/9 12:00,69.87502652,22.84230891,1.448646166,1505.009247,53.28262488,92.34721216,19.0053181
2023/8/9 13:00,70.65271086,23.11748673,1.499265986,1516.05681,53.41409813,91.99081559,19.43289618
2023/8/9 14:00,68.9234449,22.53472309,1.4759596,1488.680889,52.90906291,93.23251808,18.32996343
2023/8/9 15:00,69.58134162,22.72928536,1.39862847,1502.375369,53.21984943,92.27155973,19.00652953
2023/8/9 16:00,69.78959133,22.80209414,1.399595581,1505.519394,53.29206565,92.12215029,19.11496359
2023/8/9 17:00,70.15744493,22.93561183,1.441471503,1510.537592,53.34471037,92.13594613,19.21147962
2023/8/9 18:00,69.71007559,22.80484209,1.497105455,1501.214997,53.15613317,92.85747606,18.71517026
2023/8/9 19:00,69.50576252,22.7121933,1.413124307,1499.502477,53.17689328,92.48623157,18.85959775
2023/8/9 20:00,70.23059747,22.96208752,1.44659426,1510.346183,53.37249035,92.15922375,19.21544022
2023/8/9 21:00,70.82033384,23.14878475,1.417701754,1521.628377,53.58537509,91.52439381,19.70688672
2023/8/9 22:00,69.6851714,22.76368767,1.386281654,1504.326963,53.25615999,92.20229186,19.07021538
2023/8/9 23:00,70.9282842,23.20045136,1.46450169,1521.504462,53.57737396,91.79686928,19.57478248
2023/8/10 0:00,69.90661287,22.84512285,1.40834811,1507.037232,53.27639407,92.1850023,19.14618375
2023/8/10 1:00,69.65599844,22.75190442,1.39684873,1502.492639,53.22562572,92.34700957,18.97996895
2023/8/10 2:00,70.10060536,22.90213117,1.396108246,1510.098698,53.38303845,92.05949195,19.23766184
2023/8/10 3:00,70.38584744,23.01012897,1.433690821,1513.727354,53.429453,92.08485808,19.3008468
2023/8/10 4:00,69.95899644,22.88543752,1.486418017,1505.292714,53.18280078,92.70093327,18.90948039
2023/8/10 5:00,69.61839871,22.76597894,1.43934651,1500.291322,53.14095896,92.69436189,18.81004972
2023/8/10 6:00,69.94910033,22.86908357,1.435932962,1506.002701,53.24573873,92.41000085,19.05548266
2023/8/10 7:00,69.92498201,22.85809077,1.448056655,1506.246938,53.25049107,92.57644085,18.94374407
2023/8/10 8:00,69.33760769,22.64691504,1.39047191,1497.879607,53.07697709,92.5937395,18.82368982
2023/8/10 9:00,69.32712989,22.64546796,1.41833471,1497.263218,53.07868852,92.89117884,18.63335669
2023/8/10 10:00,69.17211426,22.60780782,1.426705881,1493.932363,53.01397611,93.0399337,18.52386322
2023/8/10 11:00,69.904375,22.84986985,1.438277815,1505.585373,53.25039203,92.58649273,18.93904731
2023/8/10 12:00,70.06667125,22.9226577,1.482293543,1507.148102,53.26261635,92.77655551,18.87430678
2023/8/10 13:00,70.29322303,22.9845353,1.431680249,1510.978397,53.3543513,92.2362502,19.23221437
2023/8/10 14:00,69.49801519,22.7239333,1.452238074,1498.145147,53.12244629,93.07216015,18.57642242
2023/8/10 15:00,69.8573544,22.84185929,1.451170666,1504.500971,53.18737974,92.73171266,18.87074062
2023/8/10 16:00,69.53320378,22.72260135,1.416835489,1500.066887,53.13856339,92.81225059,18.7355763
2023/8/10 17:00,70.92136565,23.18465169,1.420752717,1522.534647,53.56631756,91.73466212,19.66386408
2023/8/10 18:00,69.77458105,22.80956862,1.439089642,1502.836387,53.21333433,92.82998729,18.78246051
2023/8/10 19:00,69.72829446,22.77993902,1.402506746,1503.767915,53.21042632,92.6110007,18.89349744
2023/8/10 20:00,70.27049078,22.97584695,1.436134986,1511.241537,53.32855236,92.35721244,19.19028557
2023/8/10 21:00,69.45658359,22.71731463,1.49075965,1496.768405,53.00826335,93.39915111,18.43179747
2023/8/10 22:00,70.88351467,23.16754119,1.409482923,1522.547929,53.56485077,91.78776907,19.63389402
2023/8/10 23:00,70.77504827,23.13081983,1.414915472,1520.502784,53.54236206,91.95293186,19.49278997
2023/8/11 0:00,70.18197815,22.92428679,1.380708075,1512.25229,53.37947925,92.22200888,19.21269167
2023/8/11 1:00,70.8104683,23.17934282,1.51571224,1516.451612,53.43649924,92.57878529,19.19632531
2023/8/11 2:00,69.95597986,22.86920894,1.42499987,1506.67841,53.23631496,92.64745391,18.96319379
2023/8/11 3:00,70.30476055,22.98509696,1.436073964,1512.465468,53.35914831,92.50118837,19.11327426
2023/8/11 4:00,70.12562411,22.9132624,1.40510596,1510.729229,53.32588456,92.44207389,19.09695879
2023/8/11 5:00,69.81248874,22.81255412,1.414770104,1504.623927,53.1972364,92.76691432,18.86469035
2023/8/11 6:00,69.75443287,22.80017692,1.427409468,1503.752839,53.16780898,92.91123001,18.76413371
2023/8/11 7:00,70.09403838,22.89776816,1.397171968,1509.783079,53.33545904,92.46163458,19.08258058
2023/8/11 8:00,69.88185784,22.82427805,1.386406974,1506.953278,53.26728993,92.57975243,18.97891654
2023/8/11 9:00,69.94572624,22.85378381,1.402369282,1506.986721,53.2769079,92.65794155,18.94115742
2023/8/11 10:00,69.67636533,22.76271144,1.415400604,1502.115093,53.16232083,92.96726054,18.71412567
2023/8/11 11:00,70.80614693,23.1562626,1.436035983,1520.683172,53.48782997,92.20501893,19.41857274
2023/8/11 12:00,70.59079522,23.07264424,1.404180089,1517.847847,53.445944,92.15589161,19.39530555
2023/8/11 13:00,69.72921326,22.798504,1.445410717,1502.215023,53.12386175,93.1334305,18.66695898
2023/8/11 14:00,70.4157153,23.0225857,1.443749955,1513.778,53.36840425,92.61430643,19.10437418
2023/8/11 15:00,69.40905578,22.66939768,1.386901087,1499.314249,53.12777029,93.10087459,18.58353715
2023/8/11 16:00,70.62691653,23.08413189,1.413102825,1517.238918,53.45924976,92.31645159,19.30884861
2023/8/11 17:00,70.19999682,22.9332357,1.375944524,1512.505138,53.37115696,92.40798891,19.14780967
2023/8/11 18:00,70.490751,23.03957908,1.405943706,1516.108431,53.41142668,92.36669237,19.25804132
2023/8/11 19:00,69.45326731,22.67944115,1.371022988,1500.844737,53.11268051,92.95677621,18.698535
2023/8/11 20:00,70.68116663,23.10229218,1.415807344,1518.433059,53.47911442,92.32001655,19.32212087
2023/8/11 21:00,70.14220928,22.92075669,1.413337244,1509.460222,53.31658633,92.73105794,18.97403097
2023/8/11 22:00,70.40969014,23.02128835,1.440624992,1513.151264,53.36088563,92.74334896,19.03203495
2023/8/11 23:00,69.74820377,22.79661205,1.423368193,1502.854829,53.12663103,93.09202769,18.71492894
2023/8/12 0:00,69.96468468,22.87393871,1.448971643,1506.108306,53.21163786,93.16938488,18.69884704
2023/8/12 1:00,69.34521152,22.66184049,1.423065846,1496.241031,53.01073547,93.450966,18.41804051
2023/8/12 2:00,70.78442046,23.14557909,1.425757996,1519.864968,53.45839412,92.31522468,19.38348019
2023/8/12 3:00,70.1525043,22.93013613,1.421061351,1509.823497,53.27499743,92.83907155,18.93939288
2023/8/12 4:00,70.34349929,22.99591542,1.409379212,1513.850456,53.32773026,92.58645586,19.13377061
2023/8/12 5:00,70.04345014,22.88961356,1.410971121,1508.772677,53.25387648,92.94555045,18.84873196
2023/8/12 6:00,69.95271564,22.87469741,1.464296309,1505.33313,53.1487946,93.31269083,18.65171453
2023/8/12 7:00,69.80755951,22.81701151,1.444483523,1503.429342,53.12912694,93.35427995,18.57757805
2023/8/12 8:00,70.16700071,22.91645034,1.380897805,1511.083671,53.31484219,92.65252597,19.04763175
2023/8/12 9:00,70.47771056,23.00815557,1.375033873,1515.249491,53.39130477,92.37187175,19.28040925
2023/8/12 10:00,71.18167491,23.2918644,1.483888541,1524.355257,53.54299728,92.59168436,19.3335343
2023/8/12 11:00,69.56192869,22.72541241,1.403710603,1501.359478,53.09854158,93.32632932,18.54770949
2023/8/12 12:00,69.98896851,22.88139272,1.435875402,1506.254657,53.17527611,93.18469035,18.73649454
2023/8/12 13:00,70.55466553,23.06497328,1.435164775,1515.629439,53.37569926,92.79967688,19.06989074
2023/8/12 14:00,70.48856725,23.03547648,1.418309542,1515.517744,53.39905967,92.77822709,19.04966672
2023/8/12 15:00,70.27380499,22.96091272,1.400049634,1511.997769,53.32895225,92.78561475,19.01897894
2023/8/12 16:00,69.95943806,22.86380174,1.427048702,1506.871927,53.18807388,93.22678032,18.70658725
2023/8/12 17:00,71.43632499,23.35808196,1.419789051,1530.756294,53.70143044,92.08488004,19.65393883
2023/8/12 18:00,70.23476202,22.94855906,1.399437948,1512.334156,53.32302551,92.8722092,18.9620015
2023/8/12 19:00,70.48186909,23.04003115,1.439076956,1514.318112,53.32224155,92.92294801,19.01267061
2023/8/12 20:00,69.90726744,22.83000994,1.368431971,1506.957112,53.20281022,92.88616466,18.89786853
2023/8/12 21:00,70.26220516,22.95356454,1.391421853,1513.669755,53.3282353,92.84035353,18.98108182
2023/8/12 22:00,69.2009531,22.57941536,1.328340301,1497.674736,53.02651263,93.2450695,18.53489143
2023/8/12 23:00,70.33347463,22.98575109,1.39416038,1513.808849,53.35065936,92.82042293,19.01497498
2023/8/13 0:00,69.61199198,22.72930503,1.357281679,1503.710752,53.16220384,93.1788789,18.64531053
2023/8/13 1:00,70.1408552,22.91818458,1.392142007,1510.295257,53.27700765,92.98384272,18.88787299
2023/8/13 2:00,70.35687176,22.98729566,1.396752771,1513.946364,53.34336296,92.84651064,19.01729998
2023/8/13 3:00,69.86343585,22.83227164,1.401126415,1505.074256,53.18041086,93.29111074,18.65746255
2023/8/13 4:00,68.97791079,22.51237228,1.353921347,1493.35254,52.91549231,93.66358343,18.2658512
2023/8/13 5:00,69.88659764,22.82810193,1.377867633,1506.861809,53.20854838,93.14575201,18.75020444
2023/8/13 6:00,70.06348997,22.89254004,1.392267146,1508.016763,53.23270518,93.0870866,18.82847323
2023/8/13 7:00,69.69094392,22.76737291,1.409782432,1503.378225,53.11069997,93.5795642,18.46353534
2023/8/13 8:00,70.64125985,23.09341252,1.427090434,1516.553234,53.40514641,92.92407032,19.0603257
2023/8/13 9:00,70.60852484,23.07888498,1.429695887,1517.293878,53.37553138,92.96557653,19.03795279
2023/8/13 10:00,70.44322338,23.03538449,1.434594488,1513.085323,53.31671613,93.14542075,18.89373758
2023/8/13 11:00,70.35835772,23.00981197,1.443072861,1512.187626,53.2928358,93.30279832,18.77913236
2023/8/13 12:00,70.0650825,22.90960348,1.452472274,1507.520249,53.1254928,93.54181541,18.62499325
2023/8/13 13:00,69.57571313,22.72589171,1.383905947,1500.852776,53.09047954,93.54284655,18.46878711
2023/8/13 14:00,70.14016459,22.93230139,1.444393229,1508.387008,53.19961324,93.49057854,18.64515943
2023/8/13 15:00,70.08330811,22.89588472,1.387289006,1509.315853,53.22136107,93.15975722,18.8227104
2023/8/13 16:00,69.69573835,22.74499901,1.330772155,1505.711013,53.1861996,93.15616439,18.71234601
2023/8/13 17:00,70.74139753,23.12432619,1.431314182,1518.815297,53.4057174,92.99934853,19.05251651
2023/8/13 18:00,70.47907237,23.04713432,1.43777069,1514.980428,53.34250771,93.26901927,18.83336855
2023/8/13 19:00,70.42126396,23.01789976,1.414901098,1513.263007,53.30157969,93.13525994,18.90711704
2023/8/13 20:00,71.53282492,23.39733392,1.452886093,1531.540972,53.6432991,92.5420911,19.48855927
2023/8/13 21:00,69.80668176,22.80086546,1.384408379,1505.430317,53.1579388,93.46663132,18.58175217
2023/8/13 22:00,71.00397739,23.19752594,1.389385149,1524.875128,53.55771383,92.60852695,19.31123677
2023/8/13 23:00,69.80322588,22.80609838,1.38594233,1505.701203,53.13808823,93.4945012,18.57294594
2023/8/14 0:00,70.45437347,23.03011942,1.423157928,1513.80274,53.30655197,93.23826367,18.87100653
2023/8/14 1:00,70.11727899,22.89923791,1.347869711,1512.217569,53.33083202,93.06614806,18.84612114
2023/8/14 2:00,70.7150307,23.10601415,1.387675414,1519.656308,53.41614558,92.80400586,19.1851389
2023/8/14 3:00,69.95473646,22.83416592,1.341050745,1508.322905,53.25034661,93.14500321,18.79144433
2023/8/14 4:00,70.08503761,22.88898663,1.369505822,1510.37221,53.2678597,93.27084267,18.75225244
2023/8/14 5:00,69.96446348,22.85809527,1.404373238,1506.955084,53.18169824,93.57802879,18.57286036
2023/8/14 6:00,69.87726925,22.82328215,1.388559261,1506.192743,53.13860582,93.52175035,18.59806624
2023/8/14 7:00,69.89942764,22.82483235,1.358254991,1507.542476,53.19280312,93.32906411,18.70404581
2023/8/14 8:00,70.04242968,22.87619192,1.381904779,1509.740528,53.23766916,93.44717977,18.65348238
2023/8/14 9:00,70.85805218,23.15656727,1.411247118,1520.995924,53.44305701,92.96166359,19.13343111
2023/8/14 10:00,70.34460007,22.98636114,1.400922427,1513.689306,53.28827121,93.31541341,18.81343573
2023/8/14 11:00,70.54936494,23.04253624,1.369560339,1518.240276,53.39986902,92.99153066,19.02955997
2023/8/14 12:00,70.28578213,22.95890801,1.37729057,1512.630849,53.26892104,93.20775742,18.86392661
2023/8/14 13:00,70.25850123,22.93336252,1.326412275,1514.212277,53.35451227,92.95832894,18.98316159
2023/8/14 14:00,69.95000961,22.82394457,1.322093883,1510.715101,53.23485286,93.16594651,18.80955738
2023/8/14 15:00,70.79189506,23.12405934,1.370171978,1521.643167,53.45425794,92.82308493,19.19265
2023/8/14 16:00,69.39144441,22.66028076,1.39675982,1499.018668,52.97535177,94.10645603,18.16742166
2023/8/14 17:00,69.66068591,22.7596488,1.401951362,1501.304683,53.03298052,93.9152301,18.35029018
2023/8/14 18:00,69.98976028,22.8647239,1.386670517,1507.94234,53.1525813,93.55693427,18.62845867
2023/8/14 19:00,69.81402636,22.80465181,1.39144028,1505.292575,53.11892018,93.76903265,18.46181006
2023/8/14 20:00,68.96023159,22.50643164,1.339677574,1493.331942,52.89388577,94.12739957,18.05343361
2023/8/14 21:00,69.27980854,22.61518335,1.39472102,1496.002352,52.95244602,94.32798026,18.00772922
2023/8/14 22:00,70.00290407,22.88030644,1.431196702,1506.989497,53.0988262,93.8984999,18.45344923
2023/8/14 23:00,70.5038607,23.04521359,1.427823691,1516.066214,53.34028202,93.59776436,18.6874462
2023/8/15 0:00,69.91526819,22.83846429,1.383272815,1507.707687,53.18798955,93.79202916,18.43837222
2023/8/15 1:00,70.71903972,23.10722143,1.408077309,1519.514463,53.38319055,93.26617213,18.96266843
2023/8/15 2:00,69.52783462,22.7034125,1.360912801,1501.227072,53.04763745,93.88299772,18.33078211
2023/8/15 3:00,70.12039598,22.9108538,1.395940007,1509.894283,53.19273258,93.65858445,18.59808167
2023/8/15 4:00,70.38379453,23.00190223,1.405673517,1514.170331,53.28012266,93.54353328,18.72108067
2023/8/15 5:00,69.91880719,22.84631205,1.412452103,1505.914288,53.10001106,93.94039618,18.41040569
2023/8/15 6:00,70.02439633,22.87623371,1.383339775,1508.420845,53.16723015,93.69210946,18.56611978
2023/8/15 7:00,69.83739334,22.79443313,1.349244686,1506.092635,53.13962423,93.63779994,18.53104601
2023/8/15 8:00,69.75658683,22.77776837,1.365761251,1505.299143,53.12010883,93.83250558,18.41993049
2023/8/15 9:00,70.18562858,22.91513557,1.343347863,1512.334821,53.24582435,93.28592012,18.84573211
2023/8/15 10:00,69.88592007,22.84057332,1.412996931,1505.461165,53.10162046,94.03281135,18.35872732
2023/8/15 11:00,69.90836099,22.84500783,1.419183961,1505.630569,53.09699301,94.08132732,18.33428963
2023/8/15 12:00,69.76914672,22.77533193,1.363637627,1505.078956,53.11875008,93.86379755,18.41294345
2023/8/15 13:00,69.81398284,22.79989255,1.364315978,1506.346314,53.11361637,93.79224318,18.47248543
2023/8/15 14:00,70.5828514,23.07845753,1.444008742,1516.239833,53.28066289,93.71369012,18.70546141
2023/8/15 15:00,69.7894967,22.79100715,1.370745882,1506.127176,53.10307185,93.87238409,18.43455162
2023/8/15 16:00,68.82322228,22.45451307,1.341376992,1491.214103,52.82093428,94.48315383,17.85464709
2023/8/15 17:00,70.29093769,22.96751906,1.387212,1512.649682,53.26410222,93.65921232,18.64928936
2023/8/15 18:00,70.1643886,22.91244677,1.349443717,1511.559528,53.28757437,93.5333213,18.67081487
2023/8/15 19:00,69.8897871,22.83022638,1.398186468,1506.329122,53.11496715,94.0609935,18.34277414
2023/8/15 20:00,69.72236442,22.7619632,1.371243571,1504.070834,53.06843359,94.00207098,18.34460195
2023/8/15 21:00,69.79402413,22.79208322,1.369916289,1505.5246,53.10884506,93.99801108,18.34760126
2023/8/15 22:00,70.24486984,22.95576213,1.400034029,1512.165915,53.23597683,93.81452348,18.56679804
2023/8/15 23:00,69.92039987,22.84447038,1.395191239,1506.684483,53.11872422,94.06232628,18.35770867
2023/8/16 0:00,69.64666905,22.7406784,1.351370144,1502.487477,53.03427639,93.92392412,18.39673368
2023/8/16 1:00,69.18909203,22.57438683,1.306817398,1497.934455,52.98022661,94.07086779,18.1720497
2023/8/16 2:00,69.8295185,22.81796444,1.406234817,1505.164576,53.10049212,94.27583515,18.21696119
2023/8/16 3:00,69.37824103,22.65396516,1.356481086,1499.431967,52.95898542,94.23729385,18.15173275
2023/8/16 4:00,70.07329488,22.87547904,1.337056726,1510.085615,53.23265186,93.62390317,18.62948465
2023/8/16 5:00,70.20911844,22.93574274,1.388167001,1511.503958,53.19741747,93.82386618,18.58779623
2023/8/16 6:00,70.30249723,22.95752977,1.367675029,1513.451203,53.28452568,93.69743331,18.63508753
2023/8/16 7:00,70.29533653,22.96635975,1.395681018,1512.492295,53.23153124,93.84844713,18.57833653
2023/8/16 8:00,69.64165068,22.73392466,1.347878076,1503.933973,53.06847079,94.07054214,18.29639053
2023/8/16 9:00,70.29047069,22.94938441,1.36215719,1514.078682,53.26638734,93.67799455,18.67126856
2023/8/16 10:00,69.77851901,22.7695775,1.305689565,1507.63962,53.1584765,93.69242479,18.52335508
2023/8/16 11:00,70.97170508,23.20518888,1.424096625,1522.960652,53.43679687,93.57655246,18.8890924
2023/8/16 12:00,69.71484677,22.76731096,1.359608851,1503.322315,53.05760664,94.07828117,18.33330321
2023/8/16 13:00,70.30711633,22.96955866,1.37540913,1513.723308,53.26100957,93.77178711,18.62581397
2023/8/16 14:00,69.90645374,22.82410099,1.351114273,1507.620339,53.12890346,93.92690381,18.46243355
2023/8/16 15:00,70.69130892,23.09335687,1.374764335,1519.525821,53.39015297,93.5219631,18.84176796
2023/8/16 16:00,69.85947671,22.78947316,1.281507356,1508.60102,53.17579191,93.53733222,18.64641498
2023/8/16 17:00,70.21141328,22.93010658,1.366838031,1512.410969,53.21677946,93.82846824,18.58047272
2023/8/16 18:00,69.53761916,22.68220646,1.301536161,1503.973247,53.08330679,93.97522498,18.33410659
2023/8/16 19:00,70.29585738,22.97365067,1.424941837,1511.91805,53.20150428,94.20551595,18.3950757
2023/8/16 20:00,69.20337269,22.59814007,1.359327052,1496.198575,52.88022386,94.58118277,17.93763334
2023/8/16 21:00,69.645037,22.76488113,1.42679027,1500.682622,52.93872554,94.65720545,18.02580135
2023/8/16 22:00,69.42270974,22.67190366,1.370275212,1499.562942,52.92144937,94.47910892,18.07385694
2023/8/16 23:00,70.4776549,23.02718702,1.395017168,1515.462973,53.26128262,93.86631056,18.63795661
2023/8/17 0:00,69.75630019,22.79217561,1.399228982,1503.652745,53.04095496,94.48046167,18.11949715
2023/8/17 1:00,69.75635462,22.78272132,1.36704636,1503.878614,53.0745501,94.27872775,18.22980499
2023/8/17 2:00,71.20659012,23.27608469,1.408724391,1526.615578,53.46934076,93.39181491,19.07753937
2023/8/17 3:00,69.91299165,22.83180392,1.369215032,1507.776879,53.09584856,94.21023417,18.31759569
2023/8/17 4:00,70.39816956,22.99314371,1.373568287,1515.209114,53.26509315,93.88147368,18.60375181
2023/8/17 5:00,70.13060907,22.89839374,1.36313579,1512.200824,53.16779231,93.98360726,18.50323288
2023/8/17 6:00,70.44022342,23.01583976,1.389628865,1515.292867,53.23010462,93.90903862,18.62104563
2023/8/17 7:00,70.24001608,22.94831179,1.388706717,1511.346121,53.19779999,94.10798316,18.45529451
2023/8/17 8:00,69.74023562,22.76493688,1.325811023,1505.717317,53.07186914,94.05896462,18.38207635
2023/8/17 9:00,70.29141918,22.99676777,1.477764993,1509.068965,53.10810276,94.63090838,18.20232445
2023/8/17 10:00,69.49973928,22.67779622,1.339805449,1500.744039,52.95194471,94.35800186,18.16625673
2023/8/17 11:00,69.58137987,22.71282437,1.320189949,1503.993343,53.0706702,94.23623769,18.21823552
2023/8/17 12:00,69.41997869,22.68847568,1.414586126,1498.094025,52.86257081,94.92984485,17.8453777
2023/8/17 13:00,69.53439397,22.69859063,1.366009069,1500.871776,52.95658964,94.57172215,18.0538244
2023/8/17 14:00,70.51474237,23.01896981,1.345860872,1517.88551,53.31768589,93.69764605,18.74845119
2023/8/17 15:00,69.99276604,22.86589682,1.38177166,1507.635983,53.11003056,94.34447339,18.27521626
2023/8/17 16:00,69.63624054,22.74640128,1.405173521,1501.955244,52.96594812,94.81739642,17.93959602
2023/8/17 17:00,69.37089277,22.6423176,1.315793815,1500.619483,52.95632065,94.396937,18.10801735
2023/8/17 18:00,70.03750117,22.87823898,1.379794834,1509.017685,53.12491269,94.30286981,18.31695919
2023/8/17 19:00,69.57070659,22.72174565,1.394724442,1501.348469,52.9662346,94.81588866,17.9134691
2023/8/17 20:00,69.8004475,22.79904601,1.365306034,1504.745199,53.04001251,94.39485922,18.22204471
2023/8/17 21:00,68.99269618,22.53441879,1.380622566,1491.68905,52.77487814,95.15255377,17.61359113
2023/8/17 22:00,69.66559685,22.74279012,1.360236594,1504.293401,53.03133114,94.55733585,18.08746895
2023/8/17 23:00,70.04403784,22.86609453,1.340469943,1510.817878,53.19183143,94.14666706,18.3841261
2023/8/18 0:00,68.92649164,22.46935074,1.272570511,1495.688484,52.8679558,94.56769433,17.91460721
2023/8/18 1:00,69.20840434,22.60186941,1.386946882,1495.444378,52.81057954,95.06832699,17.72577329
2023/8/18 2:00,69.78843929,22.80963696,1.428653515,1502.728857,52.96198724,94.88656834,17.96472822
2023/8/18 3:00,70.40038015,22.99196741,1.347945461,1516.006038,53.27972749,93.93924668,18.59778836
2023/8/18 4:00,69.76907258,22.77596047,1.334148699,1505.935624,53.05797786,94.34143682,18.24614836
2023/8/18 5:00,70.29280477,22.95543446,1.339170643,1514.106233,53.22856305,93.95785294,18.56176325
2023/8/18 6:00,70.37080018,22.99110788,1.405019458,1513.674039,53.19212321,94.34127697,18.39461115
2023/8/18 7:00,69.42175867,22.67254083,1.395727364,1499.267889,52.87126115,95.02194545,17.80936126
2023/8/18 8:00,69.76227889,22.76287992,1.33518173,1505.34615,53.06191401,94.43622808,18.17334246
2023/8/18 9:00,69.49596334,22.67563956,1.375976866,1499.635531,52.92794921,94.93654331,17.83499532
2023/8/18 10:00,69.75522411,22.77619626,1.374692038,1504.90285,53.04322011,94.7051827,18.04448464
2023/8/18 11:00,69.37771355,22.65411591,1.366333996,1498.584304,52.94272483,94.96580563,17.79061574
2023/8/18 12:00,69.12521817,22.55281699,1.32260372,1496.661321,52.87935335,94.8679327,17.81041417
2023/8/18 13:00,70.4029163,23.00693178,1.407510337,1513.486506,53.20198697,94.42015966,18.35708547
2023/8/18 14:00,69.26649814,22.61584582,1.369218774,1497.137573,52.84547411,95.03503993,17.78029576
2023/8/18 15:00,69.45813398,22.68225715,1.387372993,1499.463462,52.90972054,95.04894315,17.79462141
2023/8/18 16:00,70.79281447,23.14009447,1.407263476,1519.995007,53.31681135,94.12064332,18.61775398
2023/8/18 17:00,69.68925085,22.74057364,1.328564245,1506.247506,53.08362927,94.57684133,18.0864077
2023/8/18 18:00,69.60485416,22.73729855,1.38202832,1501.700373,52.94914633,94.91492583,17.90935075
2023/8/18 19:00,70.51538672,23.03056412,1.353834106,1517.214156,53.29036974,94.03653564,18.59681609
2023/8/18 20:00,70.2178594,22.91370826,1.313696783,1514.274082,53.22089488,94.0067559,18.54602471
2023/8/18 21:00,70.82623646,23.14421753,1.395472122,1521.049747,53.33671145,94.09811409,18.63443031
2023/8/18 22:00,69.38256346,22.65330071,1.384845868,1498.450939,52.88598562,95.14410447,17.73678677
2023/8/18 23:00,69.62984398,22.74180658,1.38766184,1502.456398,52.94122379,94.96759959,17.9070804
2023/8/19 0:00,70.44329636,23.01700133,1.389054539,1515.438265,53.22516379,94.38994682,18.38678137
2023/8/19 1:00,69.83694177,22.80901064,1.375793159,1505.4853,53.01950173,94.73915749,18.07448961
2023/8/19 2:00,69.63756901,22.75499518,1.427123807,1500.82699,52.90743963,95.24662248,17.75287857
2023/8/19 3:00,70.37598365,22.98608774,1.375176183,1514.503462,53.20708275,94.34713605,18.40581914
2023/8/19 4:00,69.56058927,22.69676119,1.336760009,1503.117304,52.98863688,94.78095541,17.98071333
2023/8/19 5:00,70.5520464,23.05611323,1.395217771,1517.246685,53.2575949,94.38233399,18.42903035
2023/8/19 6:00,70.1000434,22.8841445,1.343130272,1510.313705,53.14047913,94.37211277,18.33642027
2023/8/19 7:00,70.06630052,22.89672829,1.421545515,1507.488993,53.04692918,94.93846226,18.02540074
2023/8/19 8:00,70.09262884,22.89956104,1.381709982,1509.069019,53.09991761,94.66055544,18.17350113
2023/8/19 9:00,69.26958927,22.62063024,1.37708001,1495.5427,52.84646938,95.28140881,17.64346039
2023/8/19 10:00,70.43466903,22.99876215,1.34504595,1516.097753,53.20542894,94.12134477,18.57853176
2023/8/19 11:00,69.82574262,22.81154745,1.406984204,1504.396535,52.9820629,95.0779898,17.89831735
2023/8/19 12:00,70.02626836,22.87127778,1.381657185,1508.193783,53.09532373,94.74032291,18.11380891
2023/8/19 13:00,69.7771107,22.77089732,1.326434375,1506.172793,53.03900052,94.58304457,18.15925717
2023/8/19 14:00,69.0350346,22.54094271,1.36328926,1493.560902,52.72312978,95.35978234,17.58491221
2023/8/19 15:00,69.38424735,22.6490425,1.347406117,1498.610398,52.88720417,95.04663591,17.81095809
2023/8/19 16:00,70.57543043,23.04252662,1.338137485,1518.751273,53.29674614,94.05166802,18.63696464
2023/8/19 17:00,70.32399963,22.95459591,1.326980598,1515.530012,53.24143743,94.23186696,18.46373134
2023/8/19 18:00,69.31804335,22.62790613,1.347252392,1498.499675,52.89856417,95.16408404,17.71783735
2023/8/19 19:00,70.05606409,22.88080486,1.362949034,1509.461167,53.09513535,94.65003112,18.18576543
2023/8/19 20:00,69.72838041,22.7607801,1.347443353,1505.563275,53.01186002,94.85891951,17.99620108
2023/8/19 21:00,69.16925687,22.58160988,1.369008458,1494.856472,52.80395054,95.44232691,17.5454413
2023/8/19 22:00,70.70989811,23.08808788,1.350794658,1520.739633,53.32156751,94.10613546,18.64699688
2023/8/19 23:00,69.54981762,22.70140549,1.344691338,1502.748236,52.93648571,94.98812895,17.89322979
2023/8/20 0:00,69.99859047,22.86245069,1.364304336,1508.120648,53.0726376,94.75575662,18.12293933
2023/8/20 1:00,69.3552463,22.6375403,1.344127978,1499.552978,52.89690528,95.1469566,17.75835122
2023/8/20 2:00,69.39665599,22.64550992,1.325167815,1500.130303,52.91337602,94.97550466,17.86412739
2023/8/20 3:00,69.51192612,22.70978295,1.383022879,1499.881724,52.89245158,95.28736818,17.71583184
2023/8/20 4:00,70.3911061,22.98973352,1.35245219,1514.689925,53.18912483,94.36181508,18.45785247
2023/8/20 5:00,69.97453099,22.85508517,1.382711715,1507.720064,53.02987229,94.94672481,18.03109652
2023/8/20 6:00,69.77360999,22.7915652,1.38183911,1504.809429,53.00030957,95.1363931,17.85560316
2023/8/20 7:00,70.4241289,23.018517,1.414359908,1513.335156,53.1303629,94.76726292,18.23455762
2023/8/20 8:00,69.56175551,22.71889985,1.380400414,1501.3457,52.88757485,95.24617394,17.77656116
2023/8/20 9:00,70.48353309,23.01053874,1.333227646,1516.734625,53.23468243,94.22032203,18.54331245
2023/8/20 10:00,70.57515409,23.07437261,1.438025399,1514.788031,53.15468758,94.8219458,18.24694084
2023/8/20 11:00,69.89510105,22.82765395,1.367884098,1506.905702,53.00759411,94.92966411,18.02302975
2023/8/20 12:00,69.81707936,22.80072268,1.370472124,1505.154399,53.00238621,95.03113724,17.9477018
2023/8/20 13:00,69.95488072,22.8597214,1.414521989,1506.387001,53.01772113,95.25943365,17.8434876
2023/8/20 14:00,69.62405756,22.71935718,1.318562732,1503.619734,52.99793552,94.87549567,17.97514063
2023/8/20 15:00,70.65537912,23.07241066,1.347573686,1519.356731,53.28790497,94.27640299,18.54431768
2023/8/20 16:00,70.29079179,22.98030413,1.434709643,1510.208834,53.0849165,95.12967132,18.00810253
2023/8/20 17:00,70.28226695,22.94458412,1.338703284,1513.966662,53.17915717,94.50626509,18.33940546
2023/8/20 18:00,69.55557978,22.72376171,1.392029203,1500.567689,52.86662942,95.43002327,17.68638228
2023/8/20 19:00,70.17303809,22.92178129,1.379241168,1511.468533,53.09949284,94.86714093,18.1200255
2023/8/20 20:00,70.11292586,22.87528171,1.301806687,1511.755083,53.16046032,94.44009131,18.33538471
2023/8/20 21:00,70.19760535,22.92761984,1.38861765,1511.126436,53.13106453,94.99043728,18.04756918
2023/8/20 22:00,69.9825754,22.8585147,1.392325428,1508.389978,53.04559558,95.18636055,17.8865381
2023/8/20 23:00,70.01022627,22.87630784,1.392184245,1507.286137,53.01873455,95.10339515,17.96981326
2023/8/21 0:00,70.88663248,23.1598999,1.387934257,1521.60527,53.33707875,94.45006907,18.50884566
2023/8/21 1:00,70.60176575,23.08443683,1.427894279,1515.230645,53.15751182,94.8957394,18.23392174
2023/8/21 2:00,70.41454592,22.99910822,1.378618379,1514.745069,53.19151374,94.77172762,18.2300897
2023/8/21 3:00,70.03818864,22.87422152,1.364037053,1509.22723,53.04295617,94.92444032,18.08950669
2023/8/21 4:00,69.75754593,22.77937962,1.375386953,1504.247231,52.95824005,95.26436321,17.81821479
2023/8/21 5:00,69.38366639,22.65400875,1.368466127,1498.256344,52.82314751,95.49043755,17.61574874
2023/8/21 6:00,69.66125268,22.72348587,1.296141564,1505.517277,53.01473152,94.84749432,18.01386828
2023/8/21 7:00,69.4781299,22.68965319,1.382853551,1499.898251,52.86623912,95.56195012,17.59292825
2023/8/21 8:00,69.75948239,22.77513446,1.363378565,1505.140186,52.94474384,95.20106775,17.86828648
2023/8/21 9:00,69.80708743,22.79200724,1.353110458,1506.369353,53.01827871,95.14910317,17.88152601
2023/8/21 10:00,69.78117135,22.77533332,1.328167367,1505.305133,52.99889424,94.94237054,18.00921655
2023/8/21 11:00,69.99550207,22.85683671,1.369047759,1508.954847,53.07337807,95.12649888,17.9386792
2023/8/21 12:00,70.04344701,22.87648377,1.379256104,1508.948406,53.03766941,95.11296762,17.98647195
2023/8/21 13:00,70.03818476,22.87971472,1.388297872,1507.538303,53.01057135,95.17031672,17.9503998
2023/8/21 14:00,69.8471578,22.82749705,1.419696363,1503.636342,52.90187283,95.50141569,17.74581374
2023/8/21 15:00,69.98641477,22.86606662,1.402305665,1507.188659,52.99899104,95.32509034,17.85995299
2023/8/21 16:00,69.29675919,22.62992823,1.370349291,1496.754546,52.81315962,95.670126,17.49981888
2023/8/21 17:00,69.67971806,22.75603876,1.371300704,1503.29724,52.94177569,95.42331016,17.72059928
2023/8/21 18:00,69.54422847,22.72357159,1.413592857,1499.646079,52.8207412,95.74100765,17.54769557
2023/8/21 19:00,70.51346461,23.01891899,1.340290818,1517.901443,53.26433398,94.62143789,18.33704764
2023/8/21 20:00,69.78745803,22.7842559,1.344504988,1505.48595,52.97972024,95.14961013,17.90382533
2023/8/21 21:00,69.7154218,22.7672251,1.368403777,1503.171031,52.9282438,95.34057529,17.79241971
2023/8/21 22:00,70.56574461,23.05607351,1.378728944,1517.044987,53.22013167,94.81014836,18.26327114
2023/8/21 23:00,70.4560306,23.0232913,1.398645421,1514.889147,53.16168449,95.02385948,18.13828341
2023/8/22 0:00,70.72446322,23.11152395,1.401976176,1518.147627,53.21410779,94.79773841,18.33351242
2023/8/22 1:00,70.20823111,22.91944564,1.332310932,1512.946053,53.13938923,94.79820564,18.19305262
2023/8/22 2:00,69.70015701,22.75582677,1.350475508,1504.262599,52.94764837,95.29765917,17.80543585
2023/8/22 3:00,69.96321747,22.86508101,1.426524337,1505.235098,52.95574135,95.61382999,17.69611732
2023/8/22 4:00,69.98361527,22.86734354,1.405552431,1507.070665,52.95406915,95.44715201,17.81091544
2023/8/22 5:00,69.08534095,22.54296073,1.342261057,1495.317107,52.72538419,95.72668408,17.45298256
2023/8/22 6:00,70.36972547,22.99136924,1.385471257,1514.058226,53.12260232,95.03802106,18.11700479
2023/8/22 7:00,69.93464585,22.8624785,1.43762129,1504.318747,52.91330342,95.69716664,17.66232039
2023/8/22 8:00,70.60010653,23.05172345,1.347931506,1519.012749,53.25140699,94.66105694,18.36537838
2023/8/22 9:00,70.30803079,22.99258609,1.456208589,1509.645701,53.01306666,95.56612203,17.82810026
2023/8/22 10:00,70.94618014,23.16664354,1.350046172,1524.036947,53.3620464,94.43061508,18.57082119
2023/8/22 11:00,70.33010361,22.96858347,1.37256537,1514.11506,53.11061243,95.01375451,18.130978
2023/8/22 12:00,70.3470033,22.97953669,1.384121018,1513.410667,53.12990796,95.12310833,18.05407348
2023/8/22 13:00,69.03112552,22.51039127,1.333387851,1494.313568,52.74134569,95.87499613,17.32748215
2023/8/22 14:00,70.39122504,22.98947651,1.359811354,1514.272218,53.13907452,94.87749657,18.21693936
2023/8/22 15:00,69.31101206,22.62587912,1.340271145,1497.557305,52.80981044,95.62806562,17.55210344
2023/8/22 16:00,70.79934533,23.15114179,1.434909592,1518.658273,53.20680647,95.11150064,18.18091368
2023/8/22 17:00,69.59455326,22.73243109,1.383036657,1500.988098,52.85291772,95.69372301,17.5905628
2023/8/22 18:00,70.37250045,22.9963024,1.405721003,1512.403879,53.08403475,95.23150481,18.02813171
2023/8/22 19:00,70.67305431,23.09180829,1.385549205,1517.996419,53.19153318,94.85025897,18.30818996
2023/8/22 20:00,70.14985325,22.905243,1.348871724,1510.69731,53.06450004,95.03249135,18.0845747
2023/8/22 21:00,69.86408701,22.80608938,1.342620159,1506.872872,53.01881833,95.29609054,17.84786942
2023/8/22 22:00,70.03764379,22.89433218,1.423169388,1507.128348,52.97457567,95.66016201,17.71275111
2023/8/22 23:00,70.1385034,22.91377737,1.374076696,1510.559748,53.07332788,95.28641097,17.93103321
2023/8/23 0:00,70.10912458,22.89006303,1.346948251,1510.894781,53.07309082,95.15625264,17.98934468
2023/8/23 1:00,70.25412831,22.93957526,1.348966348,1513.409905,53.11776852,95.04262702,18.09325562
2023/8/23 2:00,69.48449492,22.7052971,1.398814365,1498.547124,52.78260049,95.90755631,17.46926862
2023/8/23 3:00,70.15024918,22.90417722,1.361904588,1511.109041,53.05666137,95.18202413,18.00284966
2023/8/23 4:00,69.80477047,22.79131689,1.356214109,1505.323676,52.96537745,95.46004377,17.76198976
2023/8/23 5:00,69.230622,22.58654606,1.33144558,1496.636573,52.7795721,95.75327936,17.48489995
2023/8/23 6:00,70.47245054,23.01760849,1.361120856,1516.245852,53.16773233,95.00074754,18.17837533
2023/8/23 7:00,70.14718334,22.9420049,1.469107225,1507.243635,52.93613816,95.89440109,17.64627153
2023/8/23 8:00,69.98219799,22.8564774,1.378339165,1506.195513,52.96967549,95.44023363,17.84155859
2023/8/23 9:00,69.99551468,22.86467029,1.404804691,1507.040289,52.984522,95.69778581,17.68403157
2023/8/23 10:00,70.38010824,23.00487949,1.432946086,1512.754661,53.05680361,95.51527762,17.89710808
2023/8/23 11:00,69.7923121,22.80318707,1.394504974,1503.602039,52.88660625,95.73213097,17.64069279
2023/8/23 12:00,70.65461608,23.07484937,1.365945886,1519.091584,53.23018987,94.95583493,18.23351449
2023/8/23 13:00,70.1597736,22.92467561,1.3874707,1509.30065,53.0267165,95.42365521,17.88656567
2023/8/23 14:00,70.21194493,22.92443784,1.359651835,1511.526212,53.08095256,95.21287556,18.00614954
2023/8/23 15:00,70.26768028,22.93623866,1.334982899,1514.066699,53.13476743,95.07194087,18.09029411
2023/8/23 16:00,69.79850945,22.80630756,1.40279643,1503.063148,52.88229879,95.81445176,17.60550419
2023/8/23 17:00,70.03588246,22.87585901,1.386123748,1509.050189,53.00194593,95.58594183,17.75547503
2023/8/23 18:00,69.92063022,22.84443365,1.392802903,1505.87027,52.92586812,95.64465654,17.72060816
2023/8/23 19:00,69.95987609,22.84750963,1.364648199,1507.520273,53.0106532,95.50398032,17.789664
2023/8/23 20:00,69.80840282,22.79449325,1.372060363,1505.817905,52.91917503,95.64592283,17.68702706
2023/8/23 21:00,69.56137296,22.71559084,1.374793681,1501.389979,52.87605732,95.92464114,17.46248278
2023/8/23 22:00,70.99229005,23.20165111,1.401039109,1523.395423,53.30292369,94.95856919,18.32739094
2023/8/23 23:00,69.91691537,22.84037394,1.37885616,1505.691086,52.9657957,95.6439527,17.70497092
2023/8/24 0:00,69.67265976,22.7462109,1.365116016,1502.52349,52.90042944,95.76864785,17.58017416
2023/8/24 1:00,68.82908842,22.4676943,1.38033542,1489.887568,52.60625563,96.52943902,16.97974678
2023/8/24 2:00,70.07242548,22.8863074,1.371090522,1509.072225,53.00934066,95.4856435,17.83274239
2023/8/24 3:00,70.18506731,22.94081664,1.419487659,1509.470075,53.04695225,95.79095409,17.66624353
2023/8/24 4:00,70.64455606,23.07948838,1.387976319,1518.116434,53.19489783,95.15734427,18.14375956
2023/8/24 5:00,69.64407602,22.73109609,1.341337921,1502.964936,52.89574074,95.64790045,17.65479236
2023/8/24 6:00,70.00428705,22.85136569,1.334070987,1509.150972,53.04270119,95.35057933,17.87870066
2023/8/24 7:00,69.82411495,22.80175767,1.370069144,1506.090706,52.94378452,95.72497553,17.65630473
2023/8/24 8:00,70.33976782,22.97175532,1.362542763,1514.639446,53.11281746,95.27070567,18.02594313
2023/8/24 9:00,69.44252851,22.68093444,1.368683328,1498.802089,52.8059248,95.99280553,17.40522163
2023/8/24 10:00,70.78204605,23.14381638,1.43807536,1518.734677,53.17967155,95.43515801,18.03296213
2023/8/24 11:00,70.01829231,22.84247282,1.304148076,1511.017839,53.07732109,95.17511642,17.9938435
2023/8/24 12:00,69.30441902,22.61108369,1.317139074,1498.47197,52.7962087,95.78982935,17.51275258
2023/8/24 13:00,70.10035235,22.88129207,1.314601847,1511.603351,53.09423023,95.17273013,17.99811937
2023/8/24 14:00,69.87269376,22.81656103,1.360990477,1506.668914,52.93885245,95.66720785,17.70544606
2023/8/24 15:00,70.28856122,22.97318075,1.415847977,1511.377699,53.01305548,95.67122812,17.81047818
2023/8/24 16:00,69.89831228,22.81885139,1.346842212,1507.045727,52.97065095,95.54348006,17.7752707
2023/8/24 17:00,69.88519001,22.80492747,1.328919467,1508.308722,53.00649779,95.48301668,17.80161718
2023/8/24 18:00,70.24295205,22.94236011,1.392886107,1511.402899,53.03315376,95.57823702,17.85432982
2023/8/24 19:00,70.09549884,22.89277246,1.372714479,1509.40157,53.00795917,95.59296182,17.79862759
2023/8/24 20:00,70.59606124,23.04594562,1.346480194,1519.145589,53.235399,95.10761471,18.16250287
2023/8/24 21:00,69.17996409,22.56103624,1.290979644,1497.148612,52.80609534,95.80568783,17.45964497
2023/8/24 22:00,70.06322156,22.87826223,1.357761581,1509.130356,53.02989097,95.5539334,17.80442738
2023/8/24 23:00,69.8982154,22.81925338,1.356796515,1506.871261,52.95902173,95.69497019,17.68459672
2023/8/25 0:00,69.8175554,22.80864453,1.397647614,1503.82291,52.89323067,96.00258362,17.51340515
2023/8/25 1:00,69.55054573,22.72620224,1.418963111,1499.203154,52.76507562,96.33461288,17.28485581
2023/8/25 2:00,70.61233264,23.05596986,1.345864342,1518.898691,53.21169313,95.04699842,18.21933783
2023/8/25 3:00,68.95384471,22.50458631,1.343082806,1492.809041,52.6545092,96.31433555,17.15841728
2023/8/25 4:00,69.91778615,22.83620976,1.387927533,1506.765028,52.94333265,95.91544459,17.57581207
2023/8/25 5:00,69.77253824,22.79969871,1.405105646,1503.766065,52.8505475,96.07850594,17.48615565
2023/8/25 6:00,70.72836924,23.13008687,1.448441904,1516.375456,53.12613012,95.6322709,17.9440341
2023/8/25 7:00,70.31698086,22.96152175,1.363528306,1513.052861,53.06613656,95.38354437,17.98653349
2023/8/25 8:00,69.61234159,22.72842187,1.359148106,1502.393903,52.84709787,95.94193495,17.51072386
2023/8/25 9:00,70.2779204,22.96689872,1.409085064,1511.1445,53.00784784,95.73709352,17.77828433
2023/8/25 10:00,70.37504752,22.9953932,1.392006687,1513.222217,53.07722479,95.58041663,17.88044342
2023/8/25 11:00,70.14506648,22.92244468,1.40499954,1508.950285,52.97401412,95.84120391,17.68719018
2023/8/25 12:00,69.99715086,22.88273272,1.4382577,1505.344174,52.8852647,96.1705426,17.48194358
2023/8/25 13:00,69.8175468,22.79541084,1.355275997,1505.2437,52.90320182,95.75182041,17.67993746
2023/8/25 14:00,69.16382825,22.58440645,1.367958238,1494.184503,52.67685354,96.39072957,17.1736736
2023/8/25 15:00,68.82324501,22.45334614,1.327687174,1490.080466,52.60507964,96.37148145,17.10965904
2023/8/25 16:00,69.32245397,22.64368108,1.388332114,1495.948204,52.73437196,96.42029931,17.17588926
2023/8/25 17:00,69.7656833,22.77729737,1.355418266,1504.810309,52.89738447,95.84063151,17.61140365
2023/8/25 18:00,69.60131238,22.73012219,1.35697463,1501.793749,52.84638769,95.95516678,17.50810493
2023/8/25 19:00,69.81560574,22.8178742,1.424239911,1502.984817,52.84608152,96.29581442,17.37495174
2023/8/25 20:00,70.3957507,23.00281303,1.391761123,1513.169741,53.04181802,95.56884285,17.91510513
2023/8/25 21:00,69.97110392,22.84958227,1.348072771,1507.150538,52.98868383,95.65488009,17.74783253
2023/8/25 22:00,69.36006033,22.62061719,1.338517969,1498.18164,52.76596952,96.12812703,17.33455252
2023/8/25 23:00,70.32973323,22.98402759,1.402080445,1511.485708,53.0200077,95.74464339,17.80065365
2023/8/26 0:00,69.86839433,22.81270584,1.343746553,1506.372543,52.9521066,95.76253097,17.66315495
2023/8/26 1:00,69.50780231,22.69904399,1.372181579,1499.33759,52.79128529,96.20921036,17.35498415
2023/8/26 2:00,69.43916112,22.65544647,1.316998431,1500.563836,52.82660896,95.89631654,17.50428388
2023/8/26 3:00,69.87502427,22.82239447,1.366355236,1505.859251,52.94736497,95.93549999,17.56542968
2023/8/26 4:00,69.79066989,22.7757608,1.317987907,1507.008235,52.97186259,95.70444489,17.66382078
2023/8/26 5:00,69.63412349,22.76479241,1.439999969,1499.625798,52.74948921,96.55064021,17.21857559
2023/8/26 6:00,69.54424516,22.71389418,1.370772296,1500.520942,52.80914674,96.2186878,17.35061397
2023/8/26 7:00,70.13202207,22.91935306,1.403864141,1508.857963,52.95388562,95.9419942,17.65262896
2023/8/26 8:00,69.41886531,22.65745146,1.342111961,1499.752787,52.796068,96.11147131,17.38771991
2023/8/26 9:00,70.18439143,22.89910671,1.337492698,1512.022564,53.04567408,95.49650673,17.89992029
2023/8/26 10:00,69.75953434,22.75451531,1.31135006,1506.602582,52.95566938,95.72395372,17.65889348
2023/8/26 11:00,70.88089847,23.15902132,1.387948998,1521.749672,53.23727951,95.33912965,18.14172472
2023/8/26 12:00,69.38903773,22.65791663,1.370294352,1497.866482,52.78699252,96.39130131,17.21906667
2023/8/26 13:00,70.17319316,22.9274619,1.385734218,1509.985251,52.98169203,95.8389604,17.71878681
2023/8/26 14:00,70.06091109,22.88942791,1.395996803,1507.697435,52.94263096,96.01583407,17.60047137
2023/8/26 15:00,70.68126225,23.08985635,1.383700257,1518.372846,53.17948084,95.46849349,18.0296201
2023/8/26 16:00,70.50451605,23.04316664,1.406822848,1514.224817,53.05440565,95.69302165,17.89381179
2023/8/26 17:00,70.31070934,22.96985839,1.401029588,1511.988508,53.01470281,95.89651052,17.71984225
2023/8/26 18:00,70.16310527,22.90248552,1.328568265,1512.112185,53.05302182,95.51396018,17.88915746
2023/8/26 19:00,69.75902506,22.77183031,1.362425917,1504.898694,52.85788614,96.04443677,17.52067396
2023/8/26 20:00,69.69001035,22.75322849,1.362872016,1503.67774,52.84855459,96.08557908,17.47874884
2023/8/26 21:00,70.03461903,22.87699386,1.394863106,1507.955439,52.91789446,96.0589145,17.57549624
2023/8/26 22:00,70.28626643,22.95502812,1.369613884,1512.577723,53.04830682,95.7357337,17.79460731
2023/8/26 23:00,69.61074837,22.74744205,1.424205617,1500.349227,52.75011388,96.58671885,17.19531522
2023/8/27 0:00,68.65531963,22.40976762,1.363808167,1486.258546,52.51908241,96.95474917,16.76358727
2023/8/27 1:00,69.56509602,22.72769514,1.411361022,1499.160398,52.74818285,96.54481743,17.21236384
2023/8/27 2:00,70.01259403,22.85475322,1.335228139,1509.789442,52.98759379,95.72592254,17.74079697
2023/8/27 3:00,69.95601311,22.85400455,1.387036262,1505.807898,52.9132484,96.11223318,17.52259916
2023/8/27 4:00,69.19711668,22.59608382,1.371510451,1495.283973,52.67788656,96.58491137,17.09771314
2023/8/27 5:00,69.70421538,22.73764039,1.307048704,1505.246394,52.93648705,95.82015273,17.60503589
2023/8/27 6:00,69.38249493,22.6583544,1.372267892,1498.10325,52.74572922,96.46227965,17.1915089
2023/8/27 7:00,70.129848,22.88825959,1.334308833,1511.606784,53.01528759,95.65441743,17.81908472
2023/8/27 8:00,69.34689161,22.64152892,1.364370959,1499.08427,52.74799085,96.46904021,17.18601149
2023/8/27 9:00,70.57748529,23.08227385,1.449293186,1514.826301,53.05474843,96.05956191,17.70184334
2023/8/27 10:00,69.53483546,22.71877839,1.411473512,1498.753149,52.74178798,96.60336679,17.16426187
2023/8/27 11:00,70.24489501,22.92996103,1.318673556,1513.721629,53.08313736,95.48447408,17.92322535
2023/8/27 12:00,70.27035724,22.92717876,1.296772136,1515.273336,53.10880322,95.33207407,18.03121787
2023/8/27 13:00,70.74680173,23.13256546,1.432394787,1517.915498,53.12386184,95.82913618,17.87262369
2023/8/27 14:00,70.11017797,22.91363466,1.423852851,1508.39865,52.91503975,96.27872495,17.48046278
2023/8/27 15:00,70.48227696,23.01108978,1.346663026,1516.847763,53.1489123,95.53276666,17.95673221
2023/8/27 16:00,69.31047444,22.63710843,1.391339531,1495.504213,52.66149127,96.66920849,17.1045568
2023/8/27 17:00,70.03050193,22.89731697,1.446683094,1505.272845,52.86591321,96.49033638,17.35138603
2023/8/27 18:00,69.59314617,22.70398122,1.305563518,1503.354059,52.86904664,95.93616023,17.53960247
2023/8/27 19:00,69.67627376,22.73157051,1.294428854,1504.773806,52.89042448,95.76279383,17.66538498
2023/8/27 20:00,70.17131017,22.91169439,1.371341031,1511.396946,52.96823238,95.88583748,17.72450531
2023/8/27 21:00,69.72047895,22.76248421,1.347012056,1503.319939,52.87057863,96.1300728,17.46349293
2023/8/27 22:00,70.30912239,22.94775403,1.324909126,1514.546317,53.11285516,95.57693716,17.89728193
2023/8/27 23:00,69.6268734,22.72268745,1.336077618,1503.419804,52.86170322,96.15025128,17.42826515
2023/8/28 0:00,69.27146531,22.60936367,1.335998494,1496.800398,52.71865847,96.39296785,17.21726248
2023/8/28 1:00,69.96601387,22.83093544,1.311242265,1509.585313,52.9756138,95.71113849,17.75378433
2023/8/28 2:00,70.26949938,22.95832533,1.375065214,1512.126857,53.03018923,95.91671285,17.70682912
2023/8/28 3:00,70.31529264,22.9640934,1.373882244,1512.574102,53.03566631,95.89409794,17.74760925
2023/8/28 4:00,70.68144865,23.09591162,1.395651076,1517.592433,53.10088022,95.6775063,17.95611174
2023/8/28 5:00,70.59352773,23.08208529,1.43801354,1515.447753,53.02876331,96.05385143,17.74726504
2023/8/28 6:00,69.24731374,22.61185793,1.37973901,1495.60717,52.6913209,96.7765377,17.00348159
2023/8/28 7:00,69.87506043,22.81589803,1.358410229,1505.908565,52.89363036,96.10418243,17.52985289
2023/8/28 8:00,69.55032435,22.69430407,1.306830212,1502.694789,52.86532276,96.05357405,17.46445845
2023/8/28 9:00,70.44180588,23.00097446,1.399002877,1513.900454,53.04760364,96.04562224,17.66794122
2023/8/28 10:00,69.80369664,22.79352707,1.367924878,1504.808744,52.8782412,96.26527936,17.42246462
2023/8/28 11:00,70.15253513,22.91866842,1.382152554,1510.09247,52.99680521,96.11169675,17.56779096
2023/8/28 12:00,69.7815522,22.8040386,1.430133819,1502.281192,52.7844792,96.69870437,17.19386989
2023/8/28 13:00,69.91785409,22.82218258,1.362250073,1506.975205,52.91289134,96.20116237,17.46939575
2023/8/28 14:00,69.93177662,22.83090046,1.402922539,1505.429987,52.84939903,96.44902147,17.34921722
2023/8/28 15:00,69.27624255,22.60439013,1.327547019,1497.583539,52.7307254,96.40381229,17.22983623
2023/8/28 16:00,69.00481003,22.50533755,1.301459293,1494.377975,52.66845365,96.46685031,17.13134796
2023/8/28 17:00,70.09982444,22.88751145,1.352888934,1509.749075,52.97320553,95.95579855,17.66763432
2023/8/28 18:00,69.77909418,22.78062638,1.368794246,1503.71301,52.83636805,96.3324184,17.40053251
2023/8/28 19:00,69.8546415,22.81817877,1.394634304,1504.627125,52.85347028,96.43550604,17.35230778
2023/8/28 20:00,69.71574437,22.77735345,1.405674225,1502.404204,52.78093592,96.58104973,17.25190241
2023/8/28 21:00,70.71757582,23.10882586,1.386171139,1518.150009,53.13102296,95.69507886,17.95998169
2023/8/28 22:00,69.93964733,22.82928732,1.335068279,1507.843484,52.88915762,95.88853775,17.6950721
2023/8/28 23:00,69.89532682,22.82553194,1.371899432,1505.99917,52.88601844,96.26708966,17.45301844
2023/8/29 0:00,70.22615305,22.9144052,1.400908346,1509.524746,52.95403062,96.30527366,17.48711598
2023/8/29 1:00,70.02651512,22.86659591,1.360599024,1508.770141,52.95549485,96.13270596,17.54977597
2023/8/29 2:00,70.03089033,22.87991293,1.406336065,1507.317746,52.87718845,96.37526014,17.44779234
2023/8/29 3:00,69.94616398,22.8609977,1.392971113,1505.483836,52.85544079,96.34816749,17.43171076
2023/8/29 4:00,69.71070162,22.7644937,1.370941292,1503.619287,52.81632818,96.436702,17.31753567
2023/8/29 5:00,70.83556926,23.12174293,1.334980884,1522.283512,53.24739697,95.37575201,18.1501158
2023/8/29 6:00,70.04710848,22.88082662,1.371582994,1508.558089,52.92128995,96.18770464,17.54122548
2023/8/29 7:00,69.40275914,22.66138637,1.358560144,1498.848647,52.73076896,96.60337457,17.15956437
2023/8/29 8:00,70.63507715,23.09275325,1.423704697,1515.747251,53.06721996,96.07827951,17.73536913
2023/8/29 9:00,70.17294327,22.92614076,1.370082059,1510.791216,52.98519245,96.10656912,17.59781914
2023/8/29 10:00,70.2716559,22.96762952,1.401920016,1510.843314,52.96454908,96.18828592,17.60089105
2023/8/29 11:00,69.75069604,22.76223824,1.322888924,1505.424538,52.90177096,96.1701628,17.4640076
2023/8/29 12:00,70.11487103,22.89945921,1.390808897,1508.467629,52.95536936,96.32316574,17.47043553
2023/8/29 13:00,69.26670357,22.60997807,1.355448204,1497.270386,52.6936871,96.73450934,17.05332903
2023/8/29 14:00,70.56410603,23.02613159,1.300588592,1518.915613,53.19950168,95.41197973,18.0659654
2023/8/29 15:00,69.61344433,22.73449267,1.372078478,1500.922642,52.75509957,96.51464559,17.2865969
2023/8/29 16:00,69.76954597,22.78451462,1.386726959,1503.49869,52.82086452,96.53995524,17.28379878
2023/8/29 17:00,70.65633758,23.07525662,1.343025512,1518.708902,53.15831265,95.57732264,18.00597193
2023/8/29 18:00,70.80097804,23.13118164,1.375152454,1520.135335,53.16468854,95.68163389,17.98871587
2023/8/29 19:00,69.35300679,22.62735738,1.303520936,1498.860738,52.76813947,96.35036137,17.289389
2023/8/29 20:00,69.30393106,22.60571561,1.301780037,1498.344912,52.75264392,96.3941329,17.25496658
2023/8/29 21:00,70.20024091,22.90589192,1.30505853,1513.6165,53.06927936,95.76690687,17.79119888
2023/8/29 22:00,70.51044546,23.04589352,1.396059338,1514.056599,53.02201431,96.01518459,17.76153037
2023/8/29 23:00,69.64459502,22.7307862,1.333200019,1502.993751,52.81659628,96.30802796,17.38972254
2023/8/30 0:00,69.78221193,22.77271191,1.329131053,1506.185895,52.88871256,96.23044931,17.45402955
2023/8/30 1:00,69.89303444,22.82328787,1.356069479,1505.743531,52.88953719,96.28824481,17.45726924
2023/8/30 2:00,69.06310279,22.52531728,1.305487133,1495.196517,52.67792003,96.625879,17.06736038
2023/8/30 3:00,70.35826223,23.00267696,1.427830326,1511.128586,52.97874572,96.45268173,17.469486
2023/8/30 4:00,69.7850965,22.78654377,1.349754465,1504.923822,52.87541934,96.34305021,17.39395317
2023/8/30 5:00,70.78800784,23.11191549,1.324516261,1522.495716,53.22841468,95.43129932,18.12348489
2023/8/30 6:00,70.11928683,22.90456867,1.377684361,1509.224651,52.94159373,96.28130687,17.51498254
2023/8/30 7:00,69.48840971,22.65821837,1.283956286,1502.131496,52.84560989,96.19865098,17.4038814
2023/8/30 8:00,70.35790464,22.96550814,1.330145995,1515.043293,53.0581209,95.79523017,17.83944558
2023/8/30 9:00,70.36935146,22.99990521,1.428677678,1511.669627,52.94705721,96.40791644,17.52744498
2023/8/30 10:00,69.61774678,22.7163802,1.326984792,1503.740352,52.87205567,96.41678869,17.28953792
2023/8/30 11:00,69.40211734,22.65726498,1.345068562,1498.166697,52.71743969,96.61814584,17.17522706
2023/8/30 12:00,69.64040455,22.74039861,1.368071907,1501.379316,52.78036123,96.60688897,17.23243945
2023/8/30 13:00,69.47236343,22.68485658,1.374256305,1499.046793,52.68386157,96.75241693,17.14074958
2023/8/30 14:00,69.86295312,22.80031777,1.331210199,1506.643249,52.88776715,96.21176226,17.50449812
2023/8/30 15:00,69.87120378,22.79434252,1.307954762,1507.472137,52.94335394,96.09247364,17.55220662
2023/8/30 16:00,69.10492543,22.52014579,1.320213982,1495.587523,52.63690163,96.78232123,17.00344027
2023/8/30 17:00,69.85896309,22.81713194,1.365752845,1505.392647,52.84473675,96.42191652,17.40152911
2023/8/30 18:00,69.22619896,22.56954177,1.279691519,1498.947003,52.7441295,96.3989893,17.23724903
2023/8/30 19:00,69.11419567,22.54511288,1.307535499,1494.999735,52.68355559,96.67958224,17.06207928
2023/8/30 20:00,70.55127103,23.04115718,1.361448332,1517.37136,53.06467715,95.83989007,17.89095127
2023/8/30 21:00,70.50439948,23.02996397,1.372629711,1515.254115,53.04724612,95.99058401,17.77344463
2023/8/30 22:00,70.03423133,22.86386943,1.341887627,1509.874144,52.93515034,96.18452604,17.55848508
2023/8/30 23:00,69.70198117,22.73814954,1.31340865,1504.788262,52.8926945,96.31256835,17.39761704
2023/8/31 0:00,69.1919128,22.5663088,1.296588934,1497.318774,52.72459506,96.57244119,17.14429201
2023/8/31 1:00,69.38196976,22.65251037,1.369493206,1497.67096,52.68399341,96.86298017,17.0557337
2023/8/31 2:00,69.49991245,22.67821291,1.310417049,1501.739027,52.82428947,96.43840368,17.2773246
2023/8/31 3:00,70.41548301,23.00597292,1.364376752,1513.584809,53.02519606,96.02054601,17.73785602
2023/8/31 4:00,70.70705768,23.07983334,1.333330001,1520.328277,53.16902337,95.66656692,18.00515157
2023/8/31 5:00,70.13753081,22.89405618,1.338473754,1509.845474,52.98681252,96.14099857,17.59318285
2023/8/31 6:00,69.31677009,22.62902027,1.350747936,1497.237518,52.68792117,96.79548257,17.07183662
2023/8/31 7:00,70.07839813,22.88055415,1.365063058,1509.572532,52.93776113,96.3626156,17.46999996
2023/8/31 8:00,69.88515878,22.81997324,1.338762225,1506.560447,52.91520482,96.37691863,17.40709085
2023/8/31 9:00,69.56125947,22.70392565,1.332135163,1502.040452,52.78768691,96.53610322,17.26296596
2023/8/31 10:00,69.93081569,22.82112052,1.316561096,1507.76687,52.91976552,96.12534195,17.57873754
2023/8/31 11:00,69.3318996,22.64944464,1.398578596,1496.137271,52.63164823,97.14628588,16.89213683
2023/8/31 12:00,70.45495555,22.99951181,1.339225853,1516.122838,53.08638326,95.92821226,17.78944149
2023/8/31 13:00,70.76640825,23.12107354,1.363276538,1520.209503,53.13069369,95.79549778,17.94920348
2023/8/31 14:00,70.16818471,22.91736327,1.37500295,1510.959462,52.95965336,96.39199164,17.47586939
2023/8/31 15:00,69.50295681,22.68138795,1.332928959,1501.29623,52.75882055,96.59283722,17.22172791
2023/8/31 16:00,69.89884796,22.82553278,1.352561166,1506.490207,52.87522161,96.43522897,17.40936405
2023/8/31 17:00,70.43523146,23.00506208,1.364907697,1515.92271,53.0608389,96.12957285,17.68126201
2023/8/31 18:00,70.73978137,23.08417359,1.290677572,1521.31425,53.23111149,95.38574885,18.15323319
2023/8/31 19:00,68.9918195,22.51356987,1.330026451,1492.58137,52.59242773,96.9727068,16.90588573
2023/8/31 20:00,70.08925795,22.87652903,1.320735734,1510.628347,52.95170419,96.08888503,17.65098348
2023/8/31 21:00,70.44028053,23.00727157,1.353556145,1515.013526,53.06079909,96.04747816,17.73450955
2023/8/31 22:00,70.74067296,23.11271927,1.377452311,1518.712819,53.14334133,95.99409926,17.82473916
2023/8/31 23:00,69.2709771,22.60990115,1.35389829,1496.56202,52.64907034,96.936083,16.99836786
2023/9/1 0:00,70.09867792,22.883454,1.354823,1509.817256,52.95142557,96.36798933,17.47775156
2023/9/1 1:00,69.96950899,22.85151091,1.365044496,1507.113663,52.8732776,96.47054681,17.41243271
2023/9/1 2:00,69.71418381,22.7601286,1.353674191,1503.86411,52.79709187,96.63400616,17.26397133
2023/9/1 3:00,69.32080703,22.62357615,1.342168192,1498.568047,52.73217731,96.92937385,16.97558595
2023/9/1 4:00,70.63579493,23.08429195,1.400367634,1517.15382,53.05836918,96.2340027,17.69425507
2023/9/1 5:00,69.40635655,22.64774345,1.328385711,1500.353969,52.73358374,96.73366044,17.1232338
2023/9/1 6:00,70.18385742,22.93436112,1.421931606,1509.372836,52.87831128,96.72655864,17.32820457
2023/9/1 7:00,69.53567647,22.69947058,1.353378988,1500.576335,52.74777612,96.79091814,17.13536141
2023/9/1 8:00,69.48462256,22.66936409,1.307055982,1500.963573,52.77787271,96.53823803,17.25835314
2023/9/1 9:00,70.26091758,22.96684226,1.415000759,1509.883865,52.91663349,96.63717784,17.38562044
2023/9/1 10:00,68.64352448,22.36826569,1.259780575,1489.940798,52.55313532,96.90134479,16.864526
2023/9/1 11:00,69.21510284,22.59760132,1.372740777,1495.553591,52.62169461,97.20646371,16.8326494
2023/9/1 12:00,70.13676693,22.8962384,1.347244523,1510.538378,52.94585622,96.3061139,17.5265898
2023/9/1 13:00,69.66853005,22.73911575,1.33091326,1503.198592,52.83443185,96.58939097,17.24683681
2023/9/1 14:00,69.155593,22.5648138,1.335558878,1495.004342,52.64720248,97.02709605,16.90941869
2023/9/1 15:00,69.22844156,22.57033336,1.266800013,1498.403404,52.72776527,96.50570446,17.22222859
2023/9/1 16:00,69.84371521,22.80663831,1.366271852,1505.877248,52.82422273,96.6586911,17.28965346
2023/9/1 17:00,69.16087532,22.55986652,1.301818565,1495.628003,52.67386199,96.77802281,17.05758863
2023/9/1 18:00,69.94019317,22.82995947,1.331314483,1507.762423,52.8882819,96.34886407,17.4750449
2023/9/1 19:00,69.80382365,22.77083421,1.296089642,1508.355257,52.88890312,96.24661595,17.49633375
2023/9/1 20:00,69.99541555,22.84445101,1.335384247,1508.74986,52.94004011,96.41206045,17.44126677
2023/9/1 21:00,69.79047604,22.74437756,1.221463047,1509.50796,53.00698019,95.84402136,17.6773602
2023/9/1 22:00,69.74238923,22.77879053,1.3840098,1503.517994,52.79753603,96.902938,17.12439242
2023/9/1 23:00,69.43345587,22.64658719,1.303213069,1500.77845,52.7790864,96.63358801,17.18751051
2023/9/2 0:00,70.44265756,22.99097692,1.339003055,1516.364966,53.07798644,96.10710209,17.71459554
2023/9/2 1:00,69.89297756,22.82360373,1.369717287,1506.429094,52.85546479,96.68989279,17.27200377
2023/9/2 2:00,70.46550428,23.02261364,1.39623886,1514.235681,53.01198196,96.44138086,17.54702247
2023/9/2 3:00,69.67314175,22.74782207,1.359463413,1503.030747,52.78734688,96.83595747,17.14647698
2023/9/2 4:00,69.68234066,22.74231941,1.339786099,1503.595313,52.80419967,96.67349436,17.23781246
2023/9/2 5:00,70.65710555,23.07081221,1.328255377,1518.791476,53.13906717,95.85579218,17.90852911
2023/9/2 6:00,69.45574477,22.6621272,1.303709848,1500.777858,52.78635241,96.66344817,17.17603706
2023/9/2 7:00,69.89927113,22.80849536,1.317343288,1507.088576,52.87800915,96.34462633,17.47709795
2023/9/2 8:00,70.41422976,22.98634407,1.33594187,1515.571699,53.0307448,96.06759181,17.75117679
2023/9/2 9:00,69.96367618,22.81297704,1.272371829,1510.569117,52.98368404,96.08272437,17.60874385
2023/9/2 10:00,69.16536145,22.57562061,1.343102507,1495.434233,52.61913085,97.13327875,16.87227964
2023/9/2 11:00,69.69220108,22.74016404,1.306099945,1505.099679,52.84882927,96.48341734,17.33511148
2023/9/2 12:00,70.61976683,23.06998447,1.376222941,1517.454973,53.06338114,96.22279206,17.70254349
2023/9/2 13:00,69.39240918,22.65572548,1.355867153,1498.406527,52.68465863,97.02900764,16.99196066
2023/9/2 14:00,69.98662977,22.84205652,1.335626959,1508.555361,52.90020961,96.47089,17.4271227
2023/9/2 15:00,69.66542727,22.7334867,1.325115648,1504.004008,52.82913186,96.665887,17.23154499
2023/9/2 16:00,69.19964656,22.57280763,1.312504192,1496.535954,52.67408545,96.93639304,16.98132839
2023/9/2 17:00,69.56565021,22.70835312,1.338866067,1501.875334,52.78780299,96.86420693,17.10376162
2023/9/2 18:00,69.51389981,22.67060594,1.323143423,1500.724414,52.77082036,96.80474907,17.11371811
2023/9/2 19:00,70.30418597,22.95971185,1.35819655,1512.781312,52.9936509,96.39047832,17.53523311
2023/9/2 20:00,69.63106291,22.73016412,1.362242985,1502.430543,52.77916453,96.95551832,17.08090304
2023/9/2 21:00,69.51367791,22.67414622,1.284822755,1502.36876,52.79107725,96.51143835,17.29552727
2023/9/2 22:00,68.79416854,22.44213623,1.319126572,1489.581782,52.52367233,97.3063383,16.69940308
2023/9/2 23:00,69.77206502,22.78050319,1.348621429,1503.712611,52.80556892,96.72235186,17.25217606
2023/9/3 0:00,70.01084669,22.86189338,1.346979089,1508.523671,52.87028515,96.52313864,17.42106011
2023/9/3 1:00,70.32729308,22.96822286,1.358547665,1513.402929,53.01240248,96.43393215,17.51458232
2023/9/3 2:00,69.1509229,22.56562814,1.333656967,1495.207567,52.63757269,97.17097514,16.84272872
2023/9/3 3:00,70.61252184,23.05548467,1.329595825,1519.167445,53.09082153,95.95602351,17.86125729
2023/9/3 4:00,69.41216056,22.63712877,1.289618888,1501.511932,52.76534518,96.68869853,17.17671643
2023/9/3 5:00,69.32977797,22.61168143,1.307508422,1499.536533,52.72499625,96.8397079,17.07645631
2023/9/3 6:00,70.63233289,23.06562188,1.333367439,1518.293371,53.10133034,96.00475235,17.83229015
2023/9/3 7:00,69.37181607,22.63733231,1.330266853,1499.47643,52.7068385,96.96284986,17.01919103
2023/9/3 8:00,69.80136546,22.79229005,1.359287329,1505.415143,52.83532963,96.86981304,17.16378624
2023/9/3 9:00,69.87950639,22.83725149,1.430334496,1503.754022,52.76210841,97.24372872,16.99324225
2023/9/3 10:00,69.59403317,22.68249246,1.296622717,1502.973425,52.81292517,96.67817793,17.20140593
2023/9/3 11:00,70.30125611,22.94712926,1.337186783,1513.706333,53.00447317,96.33622941,17.58128788
2023/9/3 12:00,70.60871625,23.05469,1.339955535,1518.468948,53.10828665,96.10916488,17.7617568
2023/9/3 13:00,69.80188661,22.78170348,1.335589098,1506.216,52.84952052,96.72646624,17.22989672
2023/9/3 14:00,69.37500569,22.63413749,1.319348925,1499.587945,52.71661477,96.95973478,17.01458509
2023/9/3 15:00,69.11652816,22.54604429,1.31528673,1495.082021,52.63686439,97.11317266,16.87483478
2023/9/3 16:00,70.34215281,22.94804756,1.301429322,1515.717482,53.06565327,96.09290424,17.71552801
2023/9/3 17:00,69.6517602,22.7225919,1.287545115,1504.09405,52.81230829,96.47028851,17.37363773
2023/9/3 18:00,69.84089021,22.79010642,1.31639536,1506.599303,52.90860936,96.63813049,17.28378913
2023/9/3 19:00,69.67774776,22.74981038,1.345228905,1503.889146,52.78794632,96.89904906,17.13319124
2023/9/3 20:00,69.95918279,22.8308349,1.318282101,1508.813476,52.9208244,96.54897441,17.38342163
2023/9/3 21:00,70.03721904,22.84804632,1.304818875,1509.887492,52.94645601,96.37480511,17.49920909
2023/9/3 22:00,69.28373977,22.59970626,1.303023625,1500.007972,52.74934978,96.99829126,16.96815894
2023/9/3 23:00,69.85698446,22.77739531,1.263682522,1509.196749,52.9253189,96.23531512,17.53700097
2023/9/4 0:00,69.92121864,22.79648576,1.253938306,1509.687111,52.97476204,96.15953386,17.57481097
2023/9/4 1:00,69.86462468,22.81568441,1.361343172,1505.026877,52.79935394,96.81799526,17.25315527
2023/9/4 2:00,70.168896,22.91090148,1.358014686,1511.18107,52.91939505,96.60953065,17.41287238
2023/9/4 3:00,69.8511458,22.78967367,1.312927422,1506.922825,52.89602135,96.6416509,17.29716076
2023/9/4 4:00,69.4239554,22.65641963,1.319607298,1500.403199,52.71953152,96.94155701,17.05421516
2023/9/4 5:00,69.87289904,22.78947308,1.278026997,1508.735504,52.92206488,96.34967333,17.4695345
2023/9/4 6:00,69.20888098,22.58395425,1.323008742,1495.984135,52.65882686,97.17657738,16.87058628
2023/9/4 7:00,69.94980162,22.81461481,1.302495204,1508.978147,52.91628683,96.45335978,17.43262592
2023/9/4 8:00,70.110723,22.8841869,1.318376731,1511.832143,52.97929046,96.46051909,17.46266491
2023/9/4 9:00,70.60410853,23.04483498,1.31858142,1518.382029,53.10415488,96.04260057,17.82234864
2023/9/4 10:00,69.53560814,22.69339656,1.318532447,1501.157139,52.75982385,96.88453242,17.1193896
2023/9/4 11:00,69.9100287,22.80934722,1.305551472,1508.870546,52.89008071,96.50158456,17.4152044
2023/9/4 12:00,70.79832878,23.12195073,1.349113715,1521.216033,53.13891275,96.11612178,17.83131032
2023/9/4 13:00,70.60371092,23.0464273,1.314046559,1518.906011,53.11380107,96.05105826,17.81422689
2023/9/4 14:00,69.77530958,22.78167807,1.348487065,1503.640271,52.78815112,96.90427662,17.16753905
2023/9/4 15:00,69.09315135,22.53355675,1.282114076,1495.06958,52.65364506,97.01313732,16.93467018
2023/9/4 16:00,70.1671471,22.89552124,1.296032612,1512.755569,52.98338426,96.26936462,17.59673789
2023/9/4 17:00,70.19304869,22.90414382,1.318448602,1512.777203,52.96237649,96.41371147,17.53011243
2023/9/4 18:00,69.72913228,22.75159134,1.324661698,1504.786046,52.8192735,96.84949485,17.17402751
2023/9/4 19:00,69.59754092,22.69026283,1.275707855,1505.113694,52.84929885,96.66635579,17.22162911
2023/9/4 20:00,70.17189482,22.90298333,1.326491747,1512.421769,52.95817673,96.47264035,17.49583166
2023/9/4 21:00,69.05955941,22.52273617,1.284697044,1495.424286,52.63179459,97.06004115,16.92043993
2023/9/4 22:00,69.40428076,22.63080011,1.275280811,1500.733475,52.76112648,96.74895454,17.16545917
2023/9/4 23:00,70.28250689,22.94640151,1.330617609,1513.888529,53.00994226,96.46647574,17.50873513
2023/9/5 0:00,69.83225804,22.78209039,1.294363987,1508.228602,52.87317537,96.54240581,17.37406405
2023/9/5 1:00,69.14773296,22.545574,1.286286374,1495.673991,52.66390548,97.06194767,16.92980767
2023/9/5 2:00,70.38464089,22.97674614,1.338461754,1514.840115,53.02449783,96.44580179,17.54566683
2023/9/5 3:00,69.16361396,22.57799164,1.346389443,1494.591263,52.60057754,97.43828643,16.73274656
2023/9/5 4:00,69.49769846,22.65688427,1.255416879,1503.28687,52.80489196,96.60043685,17.26504488
2023/9/5 5:00,70.30278357,22.94547937,1.316294673,1513.794665,52.99699808,96.34851184,17.59205749
2023/9/5 6:00,69.05736695,22.53918822,1.348354568,1493.16475,52.58099136,97.58107833,16.62950614
2023/9/5 7:00,70.13778988,22.86665447,1.250479809,1514.116264,53.05958468,96.13401903,17.64691855
2023/9/5 8:00,69.7156368,22.74433426,1.321796034,1504.620298,52.761084,96.81205778,17.234975
2023/9/5 9:00,70.28381248,22.93564926,1.308511593,1513.829455,53.01068588,96.31577457,17.60687016
2023/9/5 10:00,68.97695814,22.48715479,1.281347361,1493.37335,52.60212491,97.18790777,16.82883372
2023/9/5 11:00,70.248588,22.9210167,1.31521863,1513.793076,52.9854769,96.42474961,17.54687367
2023/9/5 12:00,71.17589053,23.23206738,1.302791147,1528.635882,53.29837226,95.63400066,18.18415512
2023/9/5 13:00,69.6578757,22.72487004,1.324546915,1503.543923,52.77357521,96.96352777,17.11409992
2023/9/5 14:00,70.33833565,22.96031986,1.327806773,1512.917567,53.03031394,96.4905328,17.50887258
2023/9/5 15:00,69.02344876,22.49160073,1.23362745,1496.423451,52.69538591,96.92044056,16.95938726
2023/9/5 16:00,69.90136353,22.82064606,1.359638884,1505.767312,52.8087529,96.98406468,17.16708442
2023/9/5 17:00,69.53093244,22.67753289,1.304987867,1502.53414,52.76850408,96.96286788,17.07905838
2023/9/5 18:00,69.52520095,22.68257942,1.304912393,1501.915241,52.72921949,96.90870622,17.13210627
2023/9/5 19:00,68.69989557,22.38613604,1.24257287,1491.35659,52.55983042,97.24279279,16.72626461
2023/9/5 20:00,68.99020629,22.47798811,1.225262479,1497.072432,52.67364526,96.86232613,17.00095043
2023/9/5 21:00,70.08115123,22.88153264,1.351067996,1509.58328,52.86633142,96.79023935,17.31512689
2023/9/5 22:00,69.72932295,22.73817178,1.286250511,1505.161725,52.83040808,96.70172617,17.28098567
2023/9/5 23:00,69.25968071,22.57463786,1.261452041,1499.202829,52.72830437,96.94054116,17.01944246
2023/9/6 0:00,69.00543823,22.5085919,1.30671401,1493.635719,52.57502092,97.40145027,16.73602114
2023/9/6 1:00,69.57138183,22.69168608,1.288224889,1503.776621,52.76980389,96.83136895,17.1789499
2023/9/6 2:00,68.73602271,22.40290807,1.259525051,1490.533276,52.54531293,97.30520046,16.71951004
2023/9/6 3:00,69.74299829,22.73150287,1.241826426,1507.823741,52.91584183,96.46257024,17.38286788
2023/9/6 4:00,69.85606093,22.77561524,1.256773631,1509.284,52.93586932,96.44222646,17.42604534
2023/9/6 5:00,69.13214912,22.5293037,1.250941865,1497.921568,52.67544495,96.96065295,17.00147214
2023/9/6 6:00,69.79110959,22.77547145,1.327640099,1505.98144,52.79420921,96.9284374,17.18944821
2023/9/6 7:00,70.07658631,22.83997692,1.232895968,1513.040232,53.0379794,96.15211996,17.65134841
2023/9/6 8:00,70.31564771,22.93858578,1.289605626,1515.038784,53.04608297,96.31897725,17.61230535
2023/9/6 9:00,69.52412068,22.66706607,1.260278719,1502.58823,52.77235843,96.67089331,17.26378798
2023/9/6 10:00,70.82713188,23.13144261,1.341427681,1521.573441,53.13358862,96.23745476,17.79291924
2023/9/6 11:00,69.48124939,22.6409632,1.236240272,1503.709829,52.80846402,96.62147199,17.26275649
2023/9/6 12:00,69.53185082,22.69002367,1.316424329,1501.780721,52.76156396,97.11773923,16.99754044
2023/9/6 13:00,69.785734,22.7759383,1.315892986,1505.700819,52.81245269,96.89360708,17.1939752
2023/9/6 14:00,69.35133787,22.59509764,1.240333018,1501.705928,52.77889888,96.80961123,17.12934474
2023/9/6 15:00,69.54525774,22.67043275,1.243209263,1503.844913,52.84736394,96.66197556,17.24747042
2023/9/6 16:00,69.65322514,22.71719519,1.262243235,1505.289585,52.82842676,96.64243287,17.30784304
2023/9/6 17:00,70.20605427,22.8941041,1.269771915,1513.739887,52.97907745,96.28453371,17.64153515
2023/9/6 18:00,69.92798729,22.81943357,1.315934382,1508.158096,52.8639634,96.82491802,17.25957081
2023/9/6 19:00,69.79370327,22.77748692,1.309371283,1505.726042,52.82422555,96.88530609,17.20323961
2023/9/6 20:00,69.83803199,22.76217708,1.223439485,1509.390951,52.91554748,96.23832848,17.56843021
2023/9/6 21:00,69.48048151,22.66620731,1.296975877,1502.004248,52.7318632,97.05641179,17.04569145
2023/9/6 22:00,69.72779186,22.74894857,1.304338902,1505.951749,52.82356548,96.95505071,17.14377591
2023/9/6 23:00,69.25281342,22.5756825,1.257583861,1499.741053,52.72135119,97.01662886,17.00310641
2023/9/7 0:00,70.00773049,22.83223833,1.252917922,1510.883059,52.95589906,96.38281056,17.52259019
2023/9/7 1:00,69.68538073,22.71395336,1.252023684,1506.356016,52.84318101,96.62417151,17.32608425
2023/9/7 2:00,69.51562104,22.65258829,1.234751312,1504.001478,52.80919072,96.66808988,17.25317454
2023/9/7 3:00,69.67203294,22.73787412,1.309439038,1504.028982,52.78317368,96.99797605,17.11777787
2023/9/7 4:00,70.32164645,22.92836659,1.253152222,1517.123005,53.05867232,96.16275196,17.71321425
2023/9/7 5:00,69.9764347,22.81586639,1.254198114,1511.185092,52.94184676,96.43819338,17.49576286
2023/9/7 6:00,70.6131303,23.03320979,1.272811387,1521.933328,53.13758743,96.08187521,17.83396727
2023/9/7 7:00,69.52419829,22.67193458,1.276277982,1502.716747,52.77246652,96.96951869,17.09359901
2023/9/7 8:00,70.27790202,22.91232961,1.244252747,1516.291293,53.05836264,96.17274077,17.70531122
2023/9/7 9:00,69.4531541,22.64253409,1.259138429,1503.231928,52.77906312,96.90831128,17.10698378
2023/9/7 10:00,69.00841107,22.48231044,1.236246913,1496.028126,52.65477466,97.14123893,16.86493042
2023/9/7 11:00,70.33429434,22.94280327,1.29549168,1515.470842,53.02147195,96.4776541,17.55087868
2023/9/7 12:00,70.17146276,22.89191842,1.285638017,1512.64853,52.96650684,96.52884184,17.50254339
2023/9/7 13:00,70.31566934,22.93255609,1.280314077,1515.66712,53.03271221,96.38678405,17.5913699
2023/9/7 14:00,69.47025393,22.66395653,1.296305843,1502.082124,52.73764461,97.15000988,16.98900916
2023/9/7 15:00,69.36196098,22.60655805,1.239698356,1501.214913,52.74488341,96.85531102,17.12437299
2023/9/7 16:00,69.50408706,22.6473649,1.230387371,1504.521095,52.81801472,96.74490685,17.21294348
2023/9/7 17:00,69.42323804,22.62447396,1.238902336,1502.667712,52.76248489,96.8398152,17.1588134
2023/9/7 18:00,69.20918216,22.5613654,1.246860999,1497.449887,52.65469489,97.01061874,17.02515064
2023/9/7 19:00,70.10338265,22.85454774,1.243329158,1513.555123,53.00504072,96.3847645,17.53767814
2023/9/7 20:00,69.49522924,22.65526639,1.247503711,1503.249402,52.78000314,96.84784485,17.16735323
2023/9/7 21:00,69.44602293,22.60990182,1.187297355,1505.846782,52.88254712,96.58276369,17.26174427
2023/9/7 22:00,69.69688071,22.72810321,1.268008992,1506.156461,52.84014496,96.82228545,17.22464654
2023/9/7 23:00,69.78805805,22.75375651,1.253553941,1507.176792,52.8482129,96.62356407,17.36993913
2023/9/8 0:00,69.67342054,22.71494758,1.256756164,1505.317727,52.81896752,96.74508973,17.27613857
2023/9/8 1:00,70.69696923,23.06212218,1.276113551,1520.319573,53.09956221,96.02872754,17.92460428
2023/9/8 2:00,69.93016492,22.81077595,1.28297089,1509.882459,52.89640333,96.74790784,17.31459257
2023/9/8 3:00,69.575849,22.68185547,1.258808724,1504.690951,52.80434953,96.92156555,17.14414896
2023/9/8 4:00,69.6693483,22.70326145,1.225384551,1507.005752,52.889432,96.64710257,17.30275713
2023/9/8 5:00,70.29875497,22.93772448,1.281410035,1514.875621,53.01010532,96.4803084,17.55585938
2023/9/8 6:00,69.01881791,22.50020622,1.273016814,1495.642134,52.62405671,97.48580187,16.69312703
2023/9/8 7:00,70.07432965,22.84696864,1.253208928,1512.586281,52.96012942,96.4653835,17.51883065
2023/9/8 8:00,69.57038737,22.66974961,1.244280008,1504.291736,52.83046811,96.85409594,17.16768025
2023/9/8 9:00,69.71295341,22.72400516,1.254930478,1506.087915,52.83182135,96.78237592,17.26837219
2023/9/8 10:00,68.57207632,22.31726125,1.165350085,1491.84555,52.56708604,97.12331008,16.79713739
2023/9/8 11:00,68.95720875,22.4603424,1.222664368,1495.568082,52.63836035,97.20853696,16.83039433
2023/9/8 12:00,69.78104181,22.73996296,1.214963385,1509.357392,52.91415167,96.50263705,17.42463692
2023/9/8 13:00,69.99418232,22.82138021,1.246950861,1511.243971,52.9657902,96.58979659,17.41781499
2023/9/8 14:00,69.86206317,22.77061532,1.227990356,1510.342586,52.94605805,96.54702226,17.40396273
2023/9/8 15:00,70.19916526,22.87016032,1.216430936,1515.345718,53.04393037,96.23565168,17.65752611
2023/9/8 16:00,69.56961897,22.64801998,1.160655982,1507.349386,52.89904977,96.31047289,17.46832342
2023/9/8 17:00,69.9746918,22.81365299,1.249434721,1511.032099,52.94080223,96.60437685,17.41221036
2023/9/8 18:00,69.71586559,22.72702264,1.233291455,1506.32319,52.86390648,96.6710151,17.32446788
2023/9/8 19:00,69.33032515,22.56813445,1.172984821,1503.23276,52.76710088,96.5648814,17.31138576
2023/9/8 20:00,69.34327598,22.58827469,1.202468388,1501.337978,52.77785532,96.78959445,17.16900496
2023/9/8 21:00,69.58272236,22.67396956,1.239001297,1505.452228,52.83217742,96.91742523,17.14108531
2023/9/8 22:00,69.78259225,22.75230148,1.270301775,1506.233495,52.84145008,96.92228259,17.20080373
2023/9/8 23:00,70.19642884,22.88982433,1.264709441,1513.610774,52.99930845,96.55686873,17.49681952
2023/9/9 0:00,69.30860734,22.56604383,1.184196504,1502.827974,52.79415819,96.72025387,17.20333013
2023/9/9 1:00,69.42666369,22.5938418,1.143822608,1505.759091,52.86724691,96.38847354,17.39511482
2023/9/9 2:00,69.33559699,22.60682455,1.267178385,1500.501655,52.69071465,97.22584333,16.9481026
2023/9/9 3:00,69.43835401,22.61754646,1.200944852,1504.157826,52.81219284,96.75320977,17.21228796
2023/9/9 4:00,69.69234839,22.71638098,1.217779354,1506.951628,52.86855377,96.66165415,17.32947596
2023/9/9 5:00,69.87353635,22.77778887,1.247753658,1509.704574,52.93172782,96.76743731,17.29824754
2023/9/9 6:00,69.55311965,22.65848602,1.199006558,1505.889161,52.86937997,96.68885922,17.26696905
2023/9/9 7:00,69.85724504,22.75597928,1.179166913,1511.212423,52.9702153,96.29323424,17.5655896
2023/9/9 8:00,69.40067945,22.61489901,1.243718569,1503.055018,52.75471364,97.10429553,17.0206154
2023/9/9 9:00,69.87466403,22.76726851,1.210913838,1510.732905,52.95187061,96.55683356,17.4141744
2023/9/9 10:00,70.27105201,22.90447221,1.239197963,1516.777762,53.03462447,96.39477087,17.6059379
2023/9/9 11:00,70.78871763,23.07332836,1.213236013,1526.000637,53.23268793,95.81035754,18.045844
2023/9/9 12:00,70.22491119,22.88354056,1.201091507,1517.323826,53.05559498,96.18580523,17.70520539
2023/9/9 13:00,70.49951937,22.97722282,1.229838939,1521.056427,53.14209629,96.20821837,17.74773424
2023/9/9 14:00,69.18347266,22.5334758,1.205589466,1499.612977,52.7104116,97.04707243,16.99967299
2023/9/9 15:00,70.10303882,22.82377958,1.156413087,1515.487122,53.07808446,96.01945861,17.77378197
2023/9/9 16:00,68.5703739,22.31830807,1.174958087,1490.970764,52.53729464,97.34042791,16.70022845
2023/9/9 17:00,69.82220804,22.74753281,1.204436692,1509.671626,52.92750496,96.57089152,17.39775316
2023/9/9 18:00,69.85773533,22.74524971,1.165007761,1512.534756,52.98806545,96.30979521,17.55332633
2023/9/9 19:00,70.39662875,22.95083026,1.235367784,1518.395055,53.07144586,96.29890776,17.70435081
2023/9/9 20:00,69.6301289,22.68246677,1.210637594,1506.498529,52.83482342,96.75425029,17.28363495
2023/9/9 21:00,69.43192578,22.62464651,1.236605466,1503.338905,52.76091965,97.11823737,17.0192287
2023/9/9 22:00,70.15186101,22.85846945,1.190540752,1515.790125,53.0533695,96.25098668,17.6518995
2023/9/9 23:00,71.02580848,23.1555281,1.235784124,1528.919292,53.28603288,95.89394572,18.05039538
2023/9/10 0:00,69.87815306,22.79365143,1.282000599,1508.308092,52.85972481,97.06776532,17.15480885
2023/9/10 1:00,68.48084733,22.29313325,1.18018884,1488.911205,52.49418223,97.48174279,16.60949796
2023/9/10 2:00,69.72272253,22.7195262,1.21901382,1506.957948,52.85074232,96.74558376,17.30970314
2023/9/10 3:00,69.51458407,22.64294893,1.201344699,1505.623226,52.81169562,96.82057311,17.21680651
2023/9/10 4:00,69.01889767,22.46731434,1.166380968,1498.018546,52.71178492,97.04049864,16.9577151
2023/9/10 5:00,69.38216188,22.60447516,1.220147937,1502.522616,52.77783713,97.09881301,17.0143719
2023/9/10 6:00,69.1454829,22.52133555,1.218326439,1499.155868,52.67931203,97.25365127,16.89342509
2023/9/10 7:00,69.1276929,22.51330259,1.203080263,1498.474802,52.66000103,97.12710421,16.97487891
2023/9/10 8:00,69.40210668,22.6092408,1.196792399,1503.966474,52.80329056,96.94961691,17.10075624
2023/9/10 9:00,69.17735236,22.50999241,1.150465486,1501.155406,52.73770396,96.780664,17.16231761
2023/9/10 10:00,70.02865335,22.80875229,1.183283115,1514.08797,53.00754567,96.34409933,17.59087536
2023/9/10 11:00,69.35959155,22.58182965,1.172993024,1504.098153,52.80395964,96.80496627,17.18267454
2023/9/10 12:00,69.02034851,22.4581791,1.143462129,1499.215367,52.72829204,96.93269502,17.02113209
2023/9/10 13:00,69.52866518,22.64321579,1.170429776,1506.384516,52.88466479,96.7096215,17.25173465
2023/9/10 14:00,69.50289335,22.634067,1.187599821,1505.658162,52.82328168,96.81871588,17.21510873
2023/9/10 15:00,69.60543732,22.67285491,1.203602621,1506.937597,52.84213547,96.85168584,17.21751999
2023/9/10 16:00,69.50091919,22.61937644,1.138854799,1506.753399,52.86354257,96.48499504,17.40257323
2023/9/10 17:00,69.57224519,22.66135221,1.214862416,1506.486051,52.81388509,96.96269313,17.1649797
2023/9/10 18:00,70.08636843,22.82395714,1.174931947,1514.82591,53.01829558,96.28888308,17.64703717
2023/9/10 19:00,70.39385954,22.92766505,1.167327494,1520.931421,53.16230924,96.05243894,17.82522868
2023/9/10 20:00,69.36244203,22.57210882,1.151800786,1505.121005,52.81603433,96.72891838,17.23529994
2023/9/10 21:00,69.38651024,22.56563439,1.095036383,1507.27069,52.89262396,96.37056537,17.42554593
2023/9/10 22:00,69.56555068,22.66300702,1.206580345,1505.699861,52.84998101,96.96833129,17.13506544
2023/9/10 23:00,69.20191918,22.50749836,1.119136726,1503.541791,52.80332353,96.71945743,17.19237858
2023/9/11 0:00,69.7265666,22.69803128,1.156734842,1510.537896,52.95978009,96.56260422,17.39264674
2023/9/11 1:00,69.53079057,22.64295341,1.197864345,1505.643099,52.78461294,96.86784872,17.22804187
2023/9/11 2:00,68.96718974,22.45001316,1.165613596,1497.96369,52.67225282,97.18068945,16.89250797
2023/9/11 3:00,69.00179602,22.45141414,1.143066205,1499.131414,52.69638775,97.02932524,16.99314036
2023/9/11 4:00,69.00032199,22.45138673,1.148561983,1498.481152,52.68698901,97.03912309,16.99719869
2023/9/11 5:00,69.62721456,22.68288176,1.203940643,1505.854676,52.81732163,96.86644483,17.24238672
2023/9/11 6:00,69.46596088,22.60173521,1.126236275,1506.520242,52.86765998,96.52961784,17.36022811
2023/9/11 7:00,69.68551163,22.68093875,1.148951092,1509.814635,52.94371501,96.56021984,17.39477988
2023/9/11 8:00,69.41449176,22.62216454,1.241125163,1502.399903,52.70501863,97.31713464,16.9526552
2023/9/11 9:00,70.21285486,22.83967633,1.093413823,1519.309772,53.15001302,95.77165508,17.95508864
2023/9/11 10:00,69.61219456,22.65555788,1.146336466,1508.677094,52.91445893,96.63564074,17.34400676
2023/9/11 11:00,68.98842465,22.46433716,1.189522901,1497.138432,52.63029318,97.34487421,16.82972702
2023/9/11 12:00,69.3161003,22.53981199,1.084030354,1506.620699,52.84990942,96.39560275,17.42011925
2023/9/11 13:00,69.27138049,22.54472987,1.148785042,1503.185529,52.75444094,96.86970601,17.16794269
2023/9/11 14:00,68.89227765,22.40901459,1.121536509,1497.768714,52.69810443,97.05196874,16.94339656
2023/9/11 15:00,69.16583314,22.51360326,1.16815214,1501.100654,52.72769464,97.10588715,16.99220657
2023/9/11 16:00,69.87114586,22.73906911,1.137552923,1513.490694,52.98133744,96.36504731,17.55982214
2023/9/11 17:00,69.71589987,22.69282841,1.162250385,1510.011332,52.93178864,96.70219541,17.33203978
2023/9/11 18:00,69.98221963,22.77675725,1.129283783,1515.359012,53.0221188,96.22796252,17.66886815
2023/9/11 19:00,69.73621053,22.686901,1.110246815,1510.67726,52.96626094,96.31203175,17.55378121
2023/9/11 20:00,69.72143682,22.6982373,1.145086949,1509.55836,52.90632273,96.51361107,17.46308577
2023/9/11 21:00,69.55612848,22.63982851,1.138629794,1508.442653,52.89056579,96.68599112,17.30397685
2023/9/11 22:00,69.26885418,22.56565643,1.198995971,1501.546355,52.76410607,97.32818793,16.87972296
2023/9/11 23:00,69.28395216,22.55551417,1.16133134,1502.935989,52.77669337,97.03591631,17.0564455
2023/9/12 0:00,69.00658835,22.44541507,1.110594212,1499.434736,52.74727545,96.94578945,17.03898239
2023/9/12 1:00,69.89059892,22.76661964,1.185882596,1511.483927,52.92446638,96.68278513,17.40474224
2023/9/12 2:00,70.35974519,22.91776518,1.177667333,1519.403371,53.11593988,96.32872004,17.70010631
2023/9/12 3:00,70.15009809,22.82118352,1.119039724,1518.509021,53.08818937,96.13835338,17.75114708
2023/9/12 4:00,69.22314179,22.51452449,1.111916888,1503.785042,52.77354903,96.77398894,17.2032635
2023/9/12 5:00,70.2130282,22.85602165,1.156947383,1518.365697,53.10343566,96.36001952,17.63489154
2023/9/12 6:00,69.57774305,22.64483831,1.144433568,1507.948489,52.88477004,96.74539593,17.29909335
2023/9/12 7:00,69.36672197,22.55622649,1.098358287,1507.009659,52.85783745,96.60072514,17.31893462
2023/9/12 8:00,69.22148301,22.52324913,1.122858012,1502.774095,52.7608297,96.81584229,17.19928332
2023/9/12 9:00,69.46555161,22.58993432,1.085361859,1508.481426,52.90135503,96.47198195,17.40998517
2023/9/12 10:00,69.55837232,22.63743027,1.128124058,1508.228498,52.88249616,96.66531322,17.33819469
2023/9/12 11:00,69.1718281,22.4862196,1.091068246,1503.326795,52.79705251,96.73140437,17.21668053
2023/9/12 12:00,69.53945355,22.61378101,1.101099618,1509.720448,52.92456978,96.55153109,17.37716771
2023/9/12 13:00,69.89757623,22.7534755,1.156883787,1513.335929,53.00109412,96.65731798,17.41464729
2023/9/12 14:00,69.61224124,22.65420199,1.135653854,1509.324299,52.87852871,96.68564292,17.34420383
2023/9/12 15:00,69.87531244,22.73031939,1.095403753,1514.654248,53.05461533,96.28260345,17.60305563
2023/9/12 16:00,69.70191817,22.67731436,1.128730029,1511.185335,52.91320965,96.59282051,17.42015376
2023/9/12 17:00,69.76388452,22.69274927,1.131527516,1510.441322,52.9293919,96.5857223,17.42237073
2023/9/12 18:00,69.10890741,22.45999235,1.073446411,1502.743711,52.79931881,96.75155044,17.18741914
2023/9/12 19:00,70.1258168,22.82305232,1.11377443,1517.953391,53.07835093,96.20260909,17.72506172
2023/9/12 20:00,70.11862448,22.80622687,1.088217779,1519.187716,53.10660064,96.05685988,17.79505881
2023/9/12 21:00,68.55827956,22.28424588,1.071331146,1494.072382,52.59367921,97.13817496,16.85620454
2023/9/12 22:00,69.81608483,22.71136974,1.104054966,1512.651856,52.96473433,96.3740427,17.57138114
2023/9/12 23:00,69.30219113,22.54377227,1.13108417,1504.24575,52.8119263,97.03518719,17.06533765
2023/9/13 0:00,69.71500301,22.69400493,1.164917393,1508.295236,52.84633512,96.81491341,17.332404
2023/9/13 1:00,68.50382965,22.27939376,1.120522749,1490.575052,52.49252081,97.48280346,16.6900628
2023/9/13 2:00,69.04741671,22.43682014,1.043735679,1502.389475,52.7983873,96.64084185,17.24477465
2023/9/13 3:00,70.16264319,22.83954362,1.15514136,1516.654043,53.05585594,96.50755637,17.57534218
2023/9/13 4:00,68.7520982,22.35914932,1.090686642,1496.177936,52.63884591,97.14054963,16.91234708
2023/9/13 5:00,69.73609532,22.69140447,1.111543766,1511.677696,52.94790924,96.56229149,17.45323912
2023/9/13 6:00,69.91021015,22.74379185,1.120537305,1514.28299,52.98962523,96.47041911,17.56662102
2023/9/13 7:00,69.22542946,22.50606827,1.074688026,1504.576645,52.79480917,96.6813218,17.27106762
2023/9/13 8:00,69.09223603,22.46349099,1.08486451,1502.500508,52.81241951,96.97743851,17.04438275
2023/9/13 9:00,69.32052412,22.53767898,1.083631846,1506.262436,52.83268788,96.74196361,17.25915831
2023/9/13 10:00,69.49982594,22.58969917,1.066001818,1510.21106,52.95548761,96.55372176,17.3835368
2023/9/13 11:00,68.82398142,22.36793295,1.058504577,1498.993573,52.70238239,96.96697631,17.01228766
2023/9/13 12:00,69.1174668,22.46862791,1.090864409,1502.91421,52.77074043,97.00220741,17.06704415
2023/9/13 13:00,68.397462,22.20370512,1.01429122,1494.194148,52.62289293,97.05261532,16.85813936
2023/9/13 14:00,69.66996584,22.65378252,1.079622122,1511.486878,52.95213105,96.47932019,17.47695092
2023/9/13 15:00,69.73259429,22.68425372,1.112173484,1511.82364,52.9930053,96.70631943,17.34565042
2023/9/13 16:00,69.55019241,22.61391455,1.076987705,1510.093173,52.92618358,96.60061796,17.38025221
2023/9/13 17:00,69.90518417,22.74497441,1.11034281,1514.649748,53.00258956,96.50487679,17.5237835
2023/9/13 18:00,70.39636296,22.91324928,1.130352444,1522.404462,53.14316399,96.29424301,17.74734685
2023/9/13 19:00,68.96949434,22.39253576,1.020879263,1502.36941,52.79005366,96.71329916,17.18398328
2023/9/13 20:00,70.12992972,22.78465751,1.017537009,1521.924304,53.19105055,95.76721435,17.96340411
2023/9/13 21:00,69.62222625,22.63381037,1.067275778,1510.656856,52.91930022,96.43869531,17.51681822
2023/9/13 22:00,69.39948343,22.57169817,1.121505002,1505.5311,52.81885915,97.02836493,17.12965383
2023/9/13 23:00,69.95992998,22.74534111,1.078531686,1516.564266,53.04825521,96.31832346,17.6446093
2023/9/14 0:00,69.76664506,22.68030569,1.058140376,1514.578236,53.04587788,96.4078383,17.52343547
2023/9/14 1:00,68.61216724,22.2932036,1.047901795,1496.160201,52.64031926,97.15890987,16.87991428
2023/9/14 2:00,70.09282843,22.78401515,1.052806634,1519.351839,53.1245805,96.07335609,17.80058615
2023/9/14 3:00,69.00836098,22.41293297,1.019004982,1502.849774,52.78294799,96.67401039,17.24341289
2023/9/14 4:00,69.90230684,22.72497678,1.050456967,1516.080183,53.03438807,96.21810409,17.69930306
2023/9/14 5:00,68.80759369,22.3598855,1.054591897,1498.459212,52.70450331,97.09923539,16.94730177
2023/9/14 6:00,69.28617037,22.52712508,1.090843973,1505.468593,52.79955757,96.96945968,17.14440241
2023/9/14 7:00,69.23360436,22.51366554,1.083581994,1502.815634,52.7905318,96.94166993,17.14607402
2023/9/14 8:00,68.76538328,22.3684545,1.119987473,1496.1532,52.58666703,97.55025517,16.71821924
2023/9/14 9:00,69.05874721,22.44062157,1.055257488,1503.377161,52.7948678,96.98563919,17.06301879
2023/9/14 10:00,68.71893091,22.31754557,1.045656139,1497.053348,52.64281496,97.11280338,16.93740173
2023/9/14 11:00,68.98703898,22.41193295,1.045969789,1502.269908,52.76783229,96.97735735,17.06237395
2023/9/14 12:00,69.22867371,22.50462855,1.065672114,1505.050695,52.81485486,96.89123144,17.16893526
2023/9/14 13:00,69.31555502,22.51464854,1.021556237,1508.223178,52.8712578,96.53686318,17.39440866
2023/9/14 14:00,69.17464018,22.48238295,1.060556175,1503.873648,52.79591398,96.89148125,17.16375187
2023/9/14 15:00,69.64113682,22.62338127,1.014347021,1513.293831,52.97333964,96.22878582,17.63852271
2023/9/14 16:00,69.65031552,22.63633148,1.030556617,1512.461458,52.97368968,96.324111,17.58267337
2023/9/14 17:00,68.66853894,22.27261985,0.981360599,1497.736201,52.70923556,96.85357922,17.04592009
2023/9/14 18:00,68.50263249,22.26198749,1.077497646,1493.096293,52.53800606,97.60172611,16.62309063
2023/9/14 19:00,69.1922617,22.487274,1.074088711,1504.12319,52.79140177,97.04796607,17.08109008
2023/9/14 20:00,68.54578976,22.25721194,0.998151102,1495.846488,52.64260548,97.02342441,16.94582237
2023/9/14 21:00,68.96670128,22.39379816,1.0048219,1502.450435,52.79850582,96.78703882,17.16121761
2023/9/14 22:00,69.38880474,22.53753501,1.023260844,1508.755284,52.883698,96.54904177,17.41661212
2023/9/14 23:00,68.90869016,22.38649472,1.037229244,1501.096449,52.7568295,97.09076349,16.98224591
2023/9/15 0:00,69.93825187,22.73759862,1.046317817,1516.448182,53.04778754,96.27498205,17.68506317
2023/9/15 1:00,69.34673912,22.51979747,0.999346073,1509.436748,52.92003876,96.50622429,17.41175331
2023/9/15 2:00,69.0146476,22.41790249,1.014302542,1503.196113,52.77723297,96.83319562,17.16801843
2023/9/15 3:00,68.79804079,22.32528412,0.964605694,1501.774646,52.79560835,96.71919189,17.15387222
2023/9/15 4:00,69.2421683,22.48538819,1.014279756,1507.106924,52.85845376,96.6843306,17.30347356
2023/9/15 5:00,69.30715559,22.50846284,0.985415461,1508.247997,52.90017814,96.42085618,17.45982071
2023/9/15 6:00,69.62322373,22.64065181,1.088748709,1510.883186,52.91682378,96.90330869,17.26663542
2023/9/15 7:00,68.37614103,22.20284066,1.032775913,1493.386275,52.59353539,97.55710476,16.60210133
2023/9/15 8:00,69.22183979,22.47305027,0.992753638,1507.604511,52.88872072,96.61766424,17.322242
2023/9/15 9:00,68.99552658,22.38972403,0.978258976,1504.46749,52.80605947,96.68890469,17.24756651
2023/9/15 10:00,68.9095331,22.3497375,0.975475566,1501.824945,52.74606814,96.75916135,17.18634845
2023/9/15 11:00,69.04760802,22.43328553,1.041088368,1502.846925,52.75469907,97.03458226,17.0777722
2023/9/15 12:00,69.38964038,22.53376593,1.006501193,1509.85559,52.92581973,96.61655384,17.36782775
2023/9/15 13:00,69.19957398,22.45877466,0.974116067,1508.148128,52.88819012,96.53199578,17.3769592
2023/9/15 14:00,69.33072933,22.51818431,1.014753061,1507.893547,52.86795201,96.70420664,17.32445758
2023/9/15 15:00,68.02055207,22.05746506,0.956808837,1489.840036,52.53030678,97.40815391,16.614854
2023/9/15 16:00,68.62103483,22.26028166,0.957538901,1498.998398,52.73201036,96.93487053,17.00686437
2023/9/15 17:00,69.11598742,22.43168705,0.96561545,1506.37991,52.87165536,96.59776404,17.3122556
2023/9/15 18:00,68.83613575,22.35779844,1.021818772,1500.348232,52.71571784,97.19001848,16.94037956
2023/9/15 19:00,69.34513116,22.53373169,1.035484783,1508.124748,52.84909017,96.84892723,17.25548308
2023/9/15 20:00,68.80070338,22.34645857,1.01946916,1499.533506,52.67304625,97.15233183,16.96557539
2023/9/15 21:00,68.9966947,22.40961297,1.0108056,1502.767203,52.75741423,96.98585932,17.09907536
2023/9/15 22:00,69.991227,22.73355215,0.985722864,1520.565584,53.11994534,96.05663858,17.82573665
2023/9/15 23:00,69.13768702,22.43389554,0.961365484,1506.886665,52.87569034,96.60784514,17.33102583
2023/9/16 0:00,70.11266906,22.77290812,0.977529036,1521.601136,53.14147032,95.883637,17.97126044
2023/9/16 1:00,68.58683522,22.25098367,0.961093372,1497.599539,52.6645699,97.01530706,16.99100791
2023/9/16 2:00,68.95402222,22.38035501,0.982720296,1502.456345,52.76568009,96.87254097,17.15153494
2023/9/16 3:00,69.40669699,22.54074242,1.001157731,1509.903381,52.9129593,96.64158588,17.38478117
2023/9/16 4:00,69.09645801,22.42837845,0.980455283,1506.17612,52.84427548,96.79850909,17.21769867
2023/9/16 5:00,68.90915076,22.35232894,0.966704971,1503.297942,52.79451894,96.89110199,17.11988641
2023/9/16 6:00,68.61235601,22.25796323,0.961136946,1497.336741,52.68795172,97.06659277,16.97071064
2023/9/16 7:00,67.89828772,22.01859906,0.931473861,1487.4393,52.4765473,97.40180301,16.62465285
2023/9/16 8:00,69.97753243,22.71706268,0.959762051,1520.051526,53.15011155,96.03355764,17.84073322
2023/9/16 9:00,68.98170413,22.37816139,0.951430429,1505.017663,52.82600084,96.74785471,17.22122152
2023/9/16 10:00,68.72741223,22.28118898,0.902225357,1502.584594,52.80559956,96.667854,17.20287844
2023/9/16 11:00,67.96222813,22.03257847,0.934202955,1488.940107,52.51087822,97.46458937,16.58832463
2023/9/16 12:00,69.71896849,22.62788392,0.936829615,1515.523944,53.06946748,96.06670197,17.77335618
2023/9/16 13:00,68.37647748,22.17466331,0.952666681,1495.123946,52.63609698,97.27184932,16.80001347
2023/9/16 14:00,68.95199315,22.35990941,0.915289027,1506.710699,52.86172772,96.6025263,17.28493004
2023/9/16 15:00,70.14855793,22.78355149,0.981441322,1522.001605,53.1450791,96.04496808,17.89423264
2023/9/16 16:00,69.4452755,22.55018007,0.978707033,1509.98408,52.92991479,96.61598826,17.42011244
2023/9/16 17:00,69.24766621,22.49259715,1.016703937,1505.741552,52.82555409,97.00716377,17.16383952
2023/9/16 18:00,69.69989136,22.63089789,0.997462084,1513.670355,52.9709844,96.52818035,17.52448323
2023/9/16 19:00,68.75556853,22.2993846,0.937110411,1501.758188,52.78118034,96.93737942,17.06578609
2023/9/16 20:00,68.95215501,22.37616283,0.960018282,1504.893508,52.81053251,96.93060746,17.12762639
2023/9/16 21:00,68.84024671,22.33925162,0.954615996,1502.140232,52.75625683,96.96749008,17.08533506
2023/9/16 22:00,68.62403091,22.25510134,0.925350109,1499.863401,52.72919499,96.98231102,17.02446656
2023/9/16 23:00,68.95200085,22.36462132,0.93043817,1505.14509,52.82178199,96.73891393,17.24759597
2023/9/17 0:00,69.4212085,22.50369846,0.863320463,1514.246904,53.03792251,95.97219322,17.74859966
2023/9/17 1:00,69.17191364,22.43656643,0.923522208,1508.652639,52.91597538,96.58221752,17.35914801
2023/9/17 2:00,69.15476842,22.43837815,0.95963347,1507.473648,52.89114231,96.86119844,17.20031742
2023/9/17 3:00,69.48040179,22.56516992,1.0051539,1511.204854,52.90305865,96.83397047,17.32700107
2023/9/17 4:00,69.05391348,22.40857863,0.947168808,1505.641789,52.83123785,96.81622702,17.22686381
2023/9/17 5:00,69.42537653,22.54104471,0.978364651,1511.36182,52.90205484,96.71921046,17.36985957
2023/9/17 6:00,69.33822707,22.50885185,0.97617112,1509.31275,52.87500972,96.77812895,17.32037684
2023/9/17 7:00,67.93451999,22.01033063,0.878244574,1490.254387,52.5273686,97.26702799,16.72274175
2023/9/17 8:00,69.57763379,22.58440534,0.972701094,1513.209859,52.97046791,96.61917014,17.46237131
2023/9/17 9:00,68.84952539,22.32187261,0.906671859,1503.571513,52.78740696,96.75132315,17.22393491
2023/9/17 10:00,68.62169335,22.23321183,0.872485633,1502.119875,52.80166273,96.75340391,17.14500933
2023/9/17 11:00,68.74926459,22.2905541,0.895842043,1504.529749,52.80765623,96.81936792,17.14040416
