serialNo,datetime,heartRate
0,2023-06-05 07:16:00,93.0
1,2023-06-05 07:15:00,91.0
2,2023-06-05 07:14:00,73.0
3,2023-06-05 07:13:00,83.0
4,2023-06-05 07:12:00,95.0
5,2023-06-05 07:11:00,85.0
6,2023-06-05 07:10:00,81.0
7,2023-06-05 07:09:00,83.0
8,2023-06-05 07:08:00,80.0
9,2023-06-05 07:07:00,81.0
10,2023-06-05 07:06:00,80.0
11,2023-06-05 07:05:00,80.0
12,2023-06-05 07:04:00,79.0
13,2023-06-05 07:03:00,85.0
14,2023-06-05 07:02:00,75.0
15,2023-06-05 07:01:00,98.0
16,2023-06-05 07:00:00,93.0
17,2023-06-05 06:59:00,82.0
18,2023-06-05 06:58:00,74.0
19,2023-06-05 06:57:00,68.0
20,2023-06-05 06:56:00,71.0
21,2023-06-05 06:55:00,79.0
22,2023-06-05 06:54:00,82.0
23,2023-06-05 06:53:00,84.0
24,2023-06-05 06:52:00,80.0
25,2023-06-05 06:51:00,93.0
26,2023-06-05 06:50:00,91.0
27,2023-06-05 06:49:00,84.0
28,2023-06-05 06:48:00,90.0
29,2023-06-05 06:47:00,92.0
30,2023-06-05 05:48:00,68.0
31,2023-06-05 05:47:00,65.0
32,2023-06-05 05:46:00,73.0
33,2023-06-05 05:45:00,57.0
34,2023-06-05 05:44:00,53.0
35,2023-06-05 05:43:00,59.0
36,2023-06-05 05:42:00,58.0
37,2023-06-05 05:41:00,51.0
38,2023-06-05 05:40:00,55.0
39,2023-06-05 05:39:00,59.0
40,2023-06-05 05:38:00,58.0
41,2023-06-05 05:37:00,53.0
42,2023-06-05 05:36:00,50.0
43,2023-06-05 05:35:00,63.0
44,2023-06-05 05:34:00,51.0
45,2023-06-05 05:01:00,71.0
46,2023-06-05 05:00:00,55.0
47,2023-06-05 04:59:00,53.0
48,2023-06-05 04:58:00,51.0
49,2023-06-05 04:57:00,52.0
50,2023-06-05 04:56:00,53.0
51,2023-06-05 04:55:00,50.0
52,2023-06-05 04:54:00,67.0
53,2023-06-05 04:53:00,52.0
54,2023-06-05 04:52:00,53.0
55,2023-06-05 04:51:00,70.0
56,2023-06-05 04:50:00,56.0
57,2023-06-05 04:49:00,52.0
58,2023-06-05 04:48:00,51.0
59,2023-06-05 04:47:00,47.0
60,2023-06-05 04:10:00,55.0
61,2023-06-05 04:09:00,55.0
62,2023-06-05 04:08:00,58.0
63,2023-06-05 04:07:00,55.0
64,2023-06-05 04:06:00,54.0
65,2023-06-05 04:05:00,56.0
66,2023-06-05 04:04:00,52.0
67,2023-06-05 04:03:00,53.0
68,2023-06-05 04:02:00,54.0
69,2023-06-05 04:01:00,59.0
70,2023-06-05 04:00:00,56.0
71,2023-06-05 03:59:00,58.0
72,2023-06-05 03:58:00,65.0
73,2023-06-05 03:57:00,54.0
74,2023-06-05 03:56:00,51.0
75,2023-06-05 03:55:00,65.0
76,2023-06-05 03:54:00,57.0
77,2023-06-05 03:53:00,57.0
78,2023-06-05 03:52:00,51.0
79,2023-06-05 03:51:00,53.0
80,2023-06-05 03:50:00,57.0
81,2023-06-05 03:49:00,61.0
82,2023-06-05 03:48:00,63.0
83,2023-06-05 03:47:00,60.0
84,2023-06-05 03:46:00,60.0
85,2023-06-05 03:45:00,60.0
86,2023-06-05 03:44:00,60.0
87,2023-06-05 03:43:00,69.0
88,2023-06-05 03:42:00,54.0
89,2023-06-05 03:41:00,56.0
90,2023-06-05 02:20:00,52.0
91,2023-06-05 02:19:00,50.0
92,2023-06-05 02:18:00,50.0
93,2023-06-05 02:17:00,50.0
94,2023-06-05 02:16:00,54.0
95,2023-06-05 02:15:00,55.0
96,2023-06-05 02:14:00,57.0
97,2023-06-05 02:13:00,61.0
98,2023-06-05 02:12:00,56.0
99,2023-06-05 02:11:00,60.0
100,2023-06-05 02:10:00,49.0
101,2023-06-05 02:09:00,55.0
102,2023-06-05 02:08:00,56.0
103,2023-06-05 02:07:00,49.0
104,2023-06-05 02:06:00,48.0
105,2023-06-05 02:05:00,81.0
106,2023-06-05 02:04:00,53.0
107,2023-06-05 02:03:00,53.0
108,2023-06-05 02:02:00,56.0
109,2023-06-05 02:01:00,55.0
110,2023-06-05 02:00:00,54.0
111,2023-06-05 01:59:00,59.0
112,2023-06-05 01:58:00,61.0
113,2023-06-05 01:57:00,64.0
114,2023-06-05 01:56:00,80.0
115,2023-06-05 01:55:00,93.0
116,2023-06-05 01:54:00,79.0
117,2023-06-05 01:53:00,50.0
118,2023-06-05 01:52:00,51.0
119,2023-06-05 01:51:00,50.0
120,2023-06-05 01:17:00,48.0
121,2023-06-05 01:16:00,49.0
122,2023-06-05 01:15:00,49.0
123,2023-06-05 01:14:00,50.0
124,2023-06-05 01:13:00,49.0
125,2023-06-05 01:12:00,50.0
126,2023-06-05 01:11:00,49.0
127,2023-06-05 01:10:00,51.0
128,2023-06-05 01:09:00,50.0
129,2023-06-05 01:08:00,50.0
130,2023-06-05 01:07:00,50.0
131,2023-06-05 01:06:00,50.0
132,2023-06-05 01:05:00,50.0
133,2023-06-05 01:04:00,49.0
134,2023-06-05 01:03:00,51.0
135,2023-06-05 01:02:00,52.0
136,2023-06-05 01:01:00,51.0
137,2023-06-05 01:00:00,51.0
138,2023-06-05 00:59:00,50.0
139,2023-06-05 00:58:00,49.0
140,2023-06-05 00:57:00,49.0
141,2023-06-05 00:56:00,49.0
142,2023-06-05 00:55:00,53.0
143,2023-06-05 00:54:00,47.0
144,2023-06-05 00:53:00,48.0
145,2023-06-05 00:52:00,58.0
146,2023-06-05 00:51:00,51.0
147,2023-06-05 00:50:00,49.0
148,2023-06-05 00:49:00,49.0
149,2023-06-05 00:48:00,48.0
150,2023-06-05 00:47:00,70.0
151,2023-06-05 00:46:00,61.0
152,2023-06-05 00:45:00,59.0
153,2023-06-05 00:44:00,56.0
154,2023-06-05 00:43:00,54.0
155,2023-06-05 00:42:00,53.0
156,2023-06-05 00:41:00,53.0
157,2023-06-05 00:40:00,51.0
158,2023-06-05 00:39:00,51.0
159,2023-06-05 00:38:00,52.0
160,2023-06-05 00:37:00,51.0
161,2023-06-05 00:36:00,52.0
162,2023-06-05 00:35:00,57.0
163,2023-06-05 00:34:00,71.0
164,2023-06-05 00:33:00,61.0
165,2023-06-05 00:32:00,70.0
166,2023-06-05 00:31:00,62.0
167,2023-06-05 00:30:00,60.0
168,2023-06-05 00:29:00,60.0
169,2023-06-05 00:28:00,66.0
170,2023-06-05 00:27:00,52.0
171,2023-06-05 00:26:00,51.0
172,2023-06-05 00:25:00,50.0
173,2023-06-05 00:24:00,49.0
174,2023-06-05 00:23:00,61.0
175,2023-06-05 00:22:00,53.0
176,2023-06-05 00:21:00,52.0
177,2023-06-05 00:20:00,55.0
178,2023-06-05 00:19:00,58.0
179,2023-06-05 00:18:00,79.0
180,2023-06-05 00:00:00,69.0
181,2023-06-04 23:59:00,56.0
182,2023-06-04 23:58:00,55.0
183,2023-06-04 23:57:00,56.0
184,2023-06-04 23:56:00,55.0
185,2023-06-04 23:55:00,55.0
186,2023-06-04 23:54:00,55.0
187,2023-06-04 23:53:00,56.0
188,2023-06-04 23:52:00,55.0
189,2023-06-04 23:51:00,55.0
190,2023-06-04 23:50:00,55.0
191,2023-06-04 23:49:00,55.0
192,2023-06-04 23:48:00,57.0
193,2023-06-04 23:47:00,54.0
194,2023-06-04 23:46:00,56.0
195,2023-06-04 23:31:00,55.0
196,2023-06-04 23:30:00,60.0
197,2023-06-04 23:29:00,54.0
198,2023-06-04 23:28:00,54.0
199,2023-06-04 23:27:00,53.0
200,2023-06-04 23:26:00,53.0
201,2023-06-04 23:25:00,55.0
202,2023-06-04 23:24:00,61.0
203,2023-06-04 23:23:00,66.0
204,2023-06-04 23:22:00,55.0
205,2023-06-04 23:21:00,55.0
206,2023-06-04 23:20:00,56.0
207,2023-06-04 23:19:00,64.0
208,2023-06-04 23:18:00,56.0
209,2023-06-04 23:17:00,57.0
210,2023-06-04 23:16:00,91.0
211,2023-06-04 23:15:00,69.0
212,2023-06-04 23:14:00,59.0
213,2023-06-04 23:13:00,51.0
214,2023-06-04 23:12:00,53.0
215,2023-06-04 23:11:00,55.0
216,2023-06-04 23:10:00,57.0
217,2023-06-04 23:09:00,55.0
218,2023-06-04 23:08:00,53.0
219,2023-06-04 23:07:00,53.0
220,2023-06-04 23:06:00,56.0
221,2023-06-04 23:05:00,63.0
222,2023-06-04 23:04:00,54.0
223,2023-06-04 23:03:00,54.0
224,2023-06-04 23:02:00,53.0
225,2023-06-04 23:00:00,60.0
226,2023-06-04 22:59:00,58.0
227,2023-06-04 22:58:00,51.0
228,2023-06-04 22:57:00,50.0
229,2023-06-04 22:56:00,50.0
230,2023-06-04 22:55:00,54.0
231,2023-06-04 22:54:00,81.0
232,2023-06-04 22:53:00,85.0
233,2023-06-04 22:52:00,77.0
234,2023-06-04 22:51:00,68.0
235,2023-06-04 22:50:00,58.0
236,2023-06-04 22:49:00,63.0
237,2023-06-04 22:48:00,57.0
238,2023-06-04 22:47:00,52.0
239,2023-06-04 22:46:00,57.0
240,2023-06-04 21:30:00,61.0
241,2023-06-04 21:29:00,60.0
242,2023-06-04 21:28:00,58.0
243,2023-06-04 21:27:00,62.0
244,2023-06-04 21:26:00,62.0
245,2023-06-04 21:25:00,55.0
246,2023-06-04 21:24:00,55.0
247,2023-06-04 21:23:00,57.0
248,2023-06-04 21:22:00,57.0
249,2023-06-04 21:21:00,57.0
250,2023-06-04 21:20:00,56.0
251,2023-06-04 21:19:00,55.0
252,2023-06-04 21:18:00,61.0
253,2023-06-04 21:17:00,59.0
254,2023-06-04 21:16:00,54.0
255,2023-06-04 20:29:00,87.0
256,2023-06-04 20:28:00,86.0
257,2023-06-04 20:27:00,86.0
258,2023-06-04 20:26:00,88.0
259,2023-06-04 20:25:00,89.0
260,2023-06-04 20:24:00,90.0
261,2023-06-04 20:23:00,91.0
262,2023-06-04 20:22:00,86.0
263,2023-06-04 20:21:00,91.0
264,2023-06-04 20:20:00,82.0
265,2023-06-04 20:19:00,82.0
266,2023-06-04 20:18:00,94.0
267,2023-06-04 20:17:00,97.0
268,2023-06-04 20:16:00,91.0
269,2023-06-04 20:15:00,92.0
270,2023-06-04 20:14:00,80.0
271,2023-06-04 20:13:00,82.0
272,2023-06-04 20:12:00,85.0
273,2023-06-04 20:11:00,79.0
274,2023-06-04 20:10:00,80.0
275,2023-06-04 20:09:00,78.0
276,2023-06-04 20:08:00,78.0
277,2023-06-04 20:07:00,84.0
278,2023-06-04 20:06:00,88.0
279,2023-06-04 20:05:00,92.0
280,2023-06-04 20:04:00,89.0
281,2023-06-04 20:03:00,87.0
282,2023-06-04 20:02:00,88.0
283,2023-06-04 20:01:00,89.0
284,2023-06-04 20:00:00,89.0
285,2023-06-04 19:59:00,57.0
286,2023-06-04 19:58:00,57.0
287,2023-06-04 19:57:00,58.0
288,2023-06-04 19:56:00,59.0
289,2023-06-04 19:55:00,61.0
290,2023-06-04 19:54:00,59.0
291,2023-06-04 19:53:00,56.0
292,2023-06-04 19:52:00,56.0
293,2023-06-04 19:51:00,63.0
294,2023-06-04 19:50:00,86.0
295,2023-06-04 19:49:00,71.0
296,2023-06-04 19:48:00,75.0
297,2023-06-04 19:47:00,76.0
298,2023-06-04 19:46:00,77.0
299,2023-06-04 19:45:00,82.0
300,2023-06-04 19:22:00,57.0
301,2023-06-04 19:21:00,56.0
302,2023-06-04 19:20:00,56.0
303,2023-06-04 19:19:00,62.0
304,2023-06-04 19:18:00,59.0
305,2023-06-04 19:17:00,57.0
306,2023-06-04 19:16:00,57.0
307,2023-06-04 19:15:00,56.0
308,2023-06-04 19:14:00,57.0
309,2023-06-04 19:13:00,57.0
310,2023-06-04 19:12:00,58.0
311,2023-06-04 19:11:00,56.0
312,2023-06-04 19:10:00,59.0
313,2023-06-04 19:09:00,56.0
314,2023-06-04 19:08:00,57.0
315,2023-06-04 18:58:00,67.0
316,2023-06-04 18:57:00,65.0
317,2023-06-04 18:56:00,65.0
318,2023-06-04 18:55:00,68.0
319,2023-06-04 18:54:00,66.0
320,2023-06-04 18:53:00,62.0
321,2023-06-04 18:52:00,61.0
322,2023-06-04 18:51:00,59.0
323,2023-06-04 18:50:00,65.0
324,2023-06-04 18:49:00,55.0
325,2023-06-04 18:48:00,56.0
326,2023-06-04 18:47:00,59.0
327,2023-06-04 18:46:00,65.0
328,2023-06-04 18:45:00,75.0
329,2023-06-04 18:44:00,65.0
330,2023-06-04 18:43:00,64.0
331,2023-06-04 18:42:00,65.0
332,2023-06-04 18:41:00,63.0
333,2023-06-04 18:40:00,64.0
334,2023-06-04 18:39:00,64.0
335,2023-06-04 18:38:00,66.0
336,2023-06-04 18:37:00,66.0
337,2023-06-04 18:36:00,65.0
338,2023-06-04 18:35:00,65.0
339,2023-06-04 18:34:00,64.0
340,2023-06-04 18:33:00,63.0
341,2023-06-04 18:32:00,64.0
342,2023-06-04 18:31:00,72.0
343,2023-06-04 18:30:00,73.0
344,2023-06-04 18:29:00,70.0
345,2023-06-04 18:28:00,58.0
346,2023-06-04 18:27:00,71.0
347,2023-06-04 18:26:00,69.0
348,2023-06-04 18:25:00,79.0
349,2023-06-04 18:24:00,87.0
350,2023-06-04 18:23:00,76.0
351,2023-06-04 18:22:00,81.0
352,2023-06-04 18:21:00,82.0
353,2023-06-04 18:20:00,83.0
354,2023-06-04 18:19:00,82.0
355,2023-06-04 18:18:00,76.0
356,2023-06-04 18:17:00,69.0
357,2023-06-04 18:16:00,66.0
358,2023-06-04 18:15:00,63.0
359,2023-06-04 18:14:00,64.0
360,2023-06-04 18:09:00,62.0
361,2023-06-04 18:08:00,60.0
362,2023-06-04 18:07:00,57.0
363,2023-06-04 18:06:00,59.0
364,2023-06-04 18:05:00,64.0
365,2023-06-04 18:04:00,55.0
366,2023-06-04 18:03:00,58.0
367,2023-06-04 18:02:00,59.0
368,2023-06-04 18:01:00,63.0
369,2023-06-04 18:00:00,59.0
370,2023-06-04 17:59:00,60.0
371,2023-06-04 17:58:00,60.0
372,2023-06-04 17:57:00,56.0
373,2023-06-04 17:56:00,54.0
374,2023-06-04 17:55:00,57.0
375,2023-06-04 17:54:00,58.0
376,2023-06-04 17:53:00,81.0
377,2023-06-04 17:52:00,80.0
378,2023-06-04 17:51:00,78.0
379,2023-06-04 17:50:00,76.0
380,2023-06-04 17:49:00,73.0
381,2023-06-04 17:48:00,77.0
382,2023-06-04 17:47:00,79.0
383,2023-06-04 17:46:00,81.0
384,2023-06-04 17:45:00,83.0
385,2023-06-04 17:44:00,82.0
386,2023-06-04 17:43:00,84.0
387,2023-06-04 17:42:00,81.0
388,2023-06-04 17:41:00,89.0
389,2023-06-04 17:40:00,91.0
390,2023-06-04 17:39:00,62.0
391,2023-06-04 17:38:00,63.0
392,2023-06-04 17:37:00,65.0
393,2023-06-04 17:36:00,66.0
394,2023-06-04 17:35:00,67.0
395,2023-06-04 17:34:00,63.0
396,2023-06-04 17:33:00,62.0
397,2023-06-04 17:32:00,57.0
398,2023-06-04 17:31:00,62.0
399,2023-06-04 17:30:00,65.0
400,2023-06-04 17:29:00,54.0
401,2023-06-04 17:28:00,58.0
402,2023-06-04 17:27:00,55.0
403,2023-06-04 17:26:00,57.0
404,2023-06-04 17:25:00,52.0
405,2023-06-04 17:17:00,99.0
406,2023-06-04 17:16:00,87.0
407,2023-06-04 17:15:00,85.0
408,2023-06-04 17:14:00,84.0
409,2023-06-04 17:13:00,82.0
410,2023-06-04 17:12:00,73.0
411,2023-06-04 17:11:00,80.0
412,2023-06-04 17:10:00,83.0
413,2023-06-04 17:09:00,91.0
414,2023-06-04 17:08:00,81.0
415,2023-06-04 17:07:00,74.0
416,2023-06-04 17:06:00,75.0
417,2023-06-04 17:05:00,81.0
418,2023-06-04 17:04:00,82.0
419,2023-06-04 17:03:00,74.0
420,2023-06-04 17:02:00,93.0
421,2023-06-04 17:01:00,83.0
422,2023-06-04 17:00:00,85.0
423,2023-06-04 16:59:00,75.0
424,2023-06-04 16:58:00,70.0
425,2023-06-04 16:57:00,80.0
426,2023-06-04 16:56:00,82.0
427,2023-06-04 16:55:00,76.0
428,2023-06-04 16:54:00,77.0
429,2023-06-04 16:53:00,90.0
430,2023-06-04 16:52:00,96.0
431,2023-06-04 16:51:00,94.0
432,2023-06-04 16:50:00,93.0
433,2023-06-04 16:49:00,103.0
434,2023-06-04 16:48:00,108.0
435,2023-06-04 16:47:00,96.0
436,2023-06-04 16:46:00,94.0
437,2023-06-04 16:45:00,84.0
438,2023-06-04 16:44:00,85.0
439,2023-06-04 16:43:00,90.0
440,2023-06-04 16:42:00,88.0
441,2023-06-04 16:41:00,88.0
442,2023-06-04 16:40:00,84.0
443,2023-06-04 16:39:00,82.0
444,2023-06-04 16:38:00,89.0
445,2023-06-04 16:37:00,85.0
446,2023-06-04 16:36:00,84.0
447,2023-06-04 16:35:00,92.0
448,2023-06-04 16:34:00,100.0
449,2023-06-04 16:33:00,97.0
450,2023-06-04 16:32:00,70.0
451,2023-06-04 16:31:00,60.0
452,2023-06-04 16:30:00,57.0
453,2023-06-04 16:29:00,57.0
454,2023-06-04 16:28:00,61.0
455,2023-06-04 16:27:00,71.0
456,2023-06-04 16:26:00,77.0
457,2023-06-04 16:25:00,89.0
458,2023-06-04 16:24:00,93.0
459,2023-06-04 16:23:00,91.0
460,2023-06-04 16:22:00,101.0
461,2023-06-04 16:21:00,99.0
462,2023-06-04 16:20:00,106.0
463,2023-06-04 16:19:00,98.0
464,2023-06-04 16:18:00,98.0
465,2023-06-04 16:17:00,84.0
466,2023-06-04 16:16:00,87.0
467,2023-06-04 16:15:00,89.0
468,2023-06-04 16:14:00,86.0
469,2023-06-04 16:13:00,88.0
470,2023-06-04 16:12:00,84.0
471,2023-06-04 16:11:00,81.0
472,2023-06-04 16:10:00,80.0
473,2023-06-04 16:09:00,82.0
474,2023-06-04 16:08:00,84.0
475,2023-06-04 16:07:00,85.0
476,2023-06-04 16:06:00,83.0
477,2023-06-04 16:05:00,81.0
478,2023-06-04 16:04:00,76.0
479,2023-06-04 16:03:00,82.0
480,2023-06-04 16:02:00,55.0
481,2023-06-04 16:01:00,59.0
482,2023-06-04 16:00:00,56.0
483,2023-06-04 15:59:00,57.0
484,2023-06-04 15:58:00,57.0
485,2023-06-04 15:57:00,57.0
486,2023-06-04 15:56:00,60.0
487,2023-06-04 15:55:00,63.0
488,2023-06-04 15:54:00,58.0
489,2023-06-04 15:53:00,76.0
490,2023-06-04 15:52:00,79.0
491,2023-06-04 15:51:00,77.0
492,2023-06-04 15:50:00,67.0
493,2023-06-04 15:49:00,78.0
494,2023-06-04 15:48:00,79.0
495,2023-06-04 15:33:00,56.0
496,2023-06-04 15:32:00,59.0
497,2023-06-04 15:31:00,57.0
498,2023-06-04 15:30:00,59.0
499,2023-06-04 15:29:00,59.0
500,2023-06-04 15:28:00,56.0
501,2023-06-04 15:27:00,57.0
502,2023-06-04 15:26:00,61.0
503,2023-06-04 15:25:00,69.0
504,2023-06-04 15:24:00,59.0
505,2023-06-04 15:23:00,57.0
506,2023-06-04 15:22:00,62.0
507,2023-06-04 15:21:00,58.0
508,2023-06-04 15:20:00,59.0
509,2023-06-04 15:19:00,58.0
510,2023-06-04 15:18:00,73.0
511,2023-06-04 15:17:00,57.0
512,2023-06-04 15:16:00,55.0
513,2023-06-04 15:15:00,60.0
514,2023-06-04 15:14:00,57.0
515,2023-06-04 15:13:00,55.0
516,2023-06-04 15:12:00,58.0
517,2023-06-04 15:11:00,58.0
518,2023-06-04 15:10:00,58.0
519,2023-06-04 15:09:00,59.0
520,2023-06-04 15:08:00,60.0
521,2023-06-04 15:07:00,61.0
522,2023-06-04 15:06:00,59.0
523,2023-06-04 15:05:00,59.0
524,2023-06-04 15:04:00,55.0
525,2023-06-04 14:33:00,68.0
526,2023-06-04 14:32:00,48.0
527,2023-06-04 14:31:00,48.0
528,2023-06-04 14:30:00,58.0
529,2023-06-04 14:29:00,65.0
530,2023-06-04 14:28:00,74.0
531,2023-06-04 14:27:00,67.0
532,2023-06-04 14:26:00,68.0
533,2023-06-04 14:25:00,62.0
534,2023-06-04 14:24:00,57.0
535,2023-06-04 14:23:00,55.0
536,2023-06-04 14:22:00,59.0
537,2023-06-04 14:21:00,60.0
538,2023-06-04 14:20:00,56.0
539,2023-06-04 14:19:00,60.0
540,2023-06-04 13:32:00,64.0
541,2023-06-04 13:31:00,54.0
542,2023-06-04 13:30:00,58.0
543,2023-06-04 13:29:00,58.0
544,2023-06-04 13:28:00,58.0
545,2023-06-04 13:27:00,55.0
546,2023-06-04 13:26:00,76.0
547,2023-06-04 13:25:00,79.0
548,2023-06-04 13:24:00,69.0
549,2023-06-04 13:23:00,60.0
550,2023-06-04 13:22:00,61.0
551,2023-06-04 13:21:00,58.0
552,2023-06-04 13:20:00,58.0
553,2023-06-04 13:19:00,59.0
554,2023-06-04 13:18:00,57.0
555,2023-06-04 12:48:00,93.0
556,2023-06-04 12:47:00,67.0
557,2023-06-04 12:46:00,59.0
558,2023-06-04 12:45:00,58.0
559,2023-06-04 12:44:00,57.0
560,2023-06-04 12:43:00,57.0
561,2023-06-04 12:42:00,55.0
562,2023-06-04 12:41:00,54.0
563,2023-06-04 12:40:00,56.0
564,2023-06-04 12:39:00,56.0
565,2023-06-04 12:38:00,55.0
566,2023-06-04 12:37:00,56.0
567,2023-06-04 12:36:00,54.0
568,2023-06-04 12:35:00,54.0
569,2023-06-04 12:34:00,55.0
570,2023-06-04 12:28:00,69.0
571,2023-06-04 12:27:00,69.0
572,2023-06-04 12:26:00,66.0
573,2023-06-04 12:25:00,65.0
574,2023-06-04 12:24:00,64.0
575,2023-06-04 12:23:00,66.0
576,2023-06-04 12:22:00,66.0
577,2023-06-04 12:21:00,64.0
578,2023-06-04 12:20:00,74.0
579,2023-06-04 12:19:00,74.0
580,2023-06-04 12:18:00,73.0
581,2023-06-04 12:17:00,56.0
582,2023-06-04 12:16:00,58.0
583,2023-06-04 12:15:00,64.0
584,2023-06-04 12:14:00,64.0
585,2023-06-04 12:13:00,102.0
586,2023-06-04 12:12:00,107.0
587,2023-06-04 12:11:00,94.0
588,2023-06-04 12:10:00,81.0
589,2023-06-04 12:09:00,74.0
590,2023-06-04 12:08:00,75.0
591,2023-06-04 12:07:00,73.0
592,2023-06-04 12:06:00,74.0
593,2023-06-04 12:05:00,72.0
594,2023-06-04 12:04:00,73.0
595,2023-06-04 12:03:00,77.0
596,2023-06-04 12:02:00,71.0
597,2023-06-04 12:01:00,70.0
598,2023-06-04 12:00:00,79.0
599,2023-06-04 11:59:00,84.0
600,2023-06-04 11:58:00,64.0
601,2023-06-04 11:57:00,62.0
602,2023-06-04 11:56:00,61.0
603,2023-06-04 11:55:00,62.0
604,2023-06-04 11:54:00,58.0
605,2023-06-04 11:53:00,62.0
606,2023-06-04 11:52:00,62.0
607,2023-06-04 11:51:00,55.0
608,2023-06-04 11:50:00,82.0
609,2023-06-04 11:49:00,103.0
610,2023-06-04 11:48:00,98.0
611,2023-06-04 11:47:00,94.0
612,2023-06-04 11:46:00,93.0
613,2023-06-04 11:45:00,96.0
614,2023-06-04 11:44:00,102.0
615,2023-06-04 11:43:00,65.0
616,2023-06-04 11:42:00,66.0
617,2023-06-04 11:41:00,70.0
618,2023-06-04 11:40:00,73.0
619,2023-06-04 11:39:00,81.0
620,2023-06-04 11:38:00,74.0
621,2023-06-04 11:37:00,72.0
622,2023-06-04 11:36:00,84.0
623,2023-06-04 11:35:00,80.0
624,2023-06-04 11:34:00,71.0
625,2023-06-04 11:33:00,65.0
626,2023-06-04 11:32:00,69.0
627,2023-06-04 11:31:00,81.0
628,2023-06-04 11:30:00,70.0
629,2023-06-04 11:29:00,67.0
630,2023-06-04 11:28:00,63.0
631,2023-06-04 11:27:00,67.0
632,2023-06-04 11:26:00,70.0
633,2023-06-04 11:25:00,77.0
634,2023-06-04 11:24:00,72.0
635,2023-06-04 11:23:00,62.0
636,2023-06-04 11:22:00,65.0
637,2023-06-04 11:21:00,76.0
638,2023-06-04 11:20:00,84.0
639,2023-06-04 11:19:00,85.0
640,2023-06-04 11:18:00,78.0
641,2023-06-04 11:17:00,72.0
642,2023-06-04 11:16:00,65.0
643,2023-06-04 11:15:00,75.0
644,2023-06-04 11:14:00,72.0
645,2023-06-04 11:13:00,67.0
646,2023-06-04 11:12:00,62.0
647,2023-06-04 11:11:00,63.0
648,2023-06-04 11:10:00,63.0
649,2023-06-04 11:09:00,63.0
650,2023-06-04 11:08:00,60.0
651,2023-06-04 11:07:00,61.0
652,2023-06-04 11:06:00,62.0
653,2023-06-04 11:05:00,61.0
654,2023-06-04 11:04:00,66.0
655,2023-06-04 11:03:00,61.0
656,2023-06-04 11:02:00,62.0
657,2023-06-04 11:01:00,60.0
658,2023-06-04 11:00:00,59.0
659,2023-06-04 10:59:00,67.0
660,2023-06-04 10:48:00,79.0
661,2023-06-04 10:47:00,87.0
662,2023-06-04 10:46:00,81.0
663,2023-06-04 10:45:00,69.0
664,2023-06-04 10:44:00,62.0
665,2023-06-04 10:43:00,63.0
666,2023-06-04 10:42:00,76.0
667,2023-06-04 10:41:00,74.0
668,2023-06-04 10:40:00,72.0
669,2023-06-04 10:39:00,67.0
670,2023-06-04 10:38:00,69.0
671,2023-06-04 10:37:00,64.0
672,2023-06-04 10:36:00,63.0
673,2023-06-04 10:35:00,69.0
674,2023-06-04 10:34:00,74.0
675,2023-06-04 10:33:00,70.0
676,2023-06-04 10:32:00,75.0
677,2023-06-04 10:31:00,76.0
678,2023-06-04 10:30:00,72.0
679,2023-06-04 10:29:00,65.0
680,2023-06-04 10:28:00,58.0
681,2023-06-04 10:27:00,60.0
682,2023-06-04 10:26:00,65.0
683,2023-06-04 10:25:00,59.0
684,2023-06-04 10:24:00,59.0
685,2023-06-04 10:23:00,65.0
686,2023-06-04 10:22:00,57.0
687,2023-06-04 10:21:00,62.0
688,2023-06-04 10:20:00,55.0
689,2023-06-04 10:19:00,57.0
690,2023-06-04 10:18:00,77.0
691,2023-06-04 10:17:00,80.0
692,2023-06-04 10:16:00,76.0
693,2023-06-04 10:15:00,70.0
694,2023-06-04 10:14:00,70.0
695,2023-06-04 10:13:00,79.0
696,2023-06-04 10:12:00,75.0
697,2023-06-04 10:11:00,78.0
698,2023-06-04 10:10:00,73.0
699,2023-06-04 10:09:00,63.0
700,2023-06-04 10:08:00,65.0
701,2023-06-04 10:07:00,74.0
702,2023-06-04 10:06:00,73.0
703,2023-06-04 10:05:00,72.0
704,2023-06-04 10:04:00,68.0
705,2023-06-04 10:03:00,90.0
706,2023-06-04 10:02:00,104.0
707,2023-06-04 10:01:00,121.0
708,2023-06-04 10:00:00,155.0
709,2023-06-04 09:59:00,132.0
710,2023-06-04 09:58:00,127.0
711,2023-06-04 09:57:00,117.0
712,2023-06-04 09:56:00,95.0
713,2023-06-04 09:55:00,84.0
714,2023-06-04 09:54:00,75.0
715,2023-06-04 09:53:00,79.0
716,2023-06-04 09:52:00,83.0
717,2023-06-04 09:51:00,83.0
718,2023-06-04 09:50:00,87.0
719,2023-06-04 09:49:00,83.0
720,2023-06-04 09:48:00,76.0
721,2023-06-04 09:47:00,74.0
722,2023-06-04 09:46:00,77.0
723,2023-06-04 09:45:00,78.0
724,2023-06-04 09:44:00,80.0
725,2023-06-04 09:43:00,80.0
726,2023-06-04 09:42:00,76.0
727,2023-06-04 09:41:00,76.0
728,2023-06-04 09:40:00,72.0
729,2023-06-04 09:39:00,86.0
730,2023-06-04 09:38:00,93.0
731,2023-06-04 09:37:00,111.0
732,2023-06-04 09:36:00,103.0
733,2023-06-04 09:35:00,96.0
734,2023-06-04 09:34:00,96.0
735,2023-06-04 09:33:00,104.0
736,2023-06-04 09:32:00,101.0
737,2023-06-04 09:31:00,103.0
738,2023-06-04 09:30:00,88.0
739,2023-06-04 09:29:00,76.0
740,2023-06-04 09:28:00,78.0
741,2023-06-04 09:27:00,80.0
742,2023-06-04 09:26:00,77.0
743,2023-06-04 09:25:00,76.0
744,2023-06-04 09:24:00,76.0
745,2023-06-04 09:23:00,77.0
746,2023-06-04 09:22:00,87.0
747,2023-06-04 09:21:00,81.0
748,2023-06-04 09:20:00,76.0
749,2023-06-04 09:19:00,77.0
750,2023-06-04 09:18:00,85.0
751,2023-06-04 09:17:00,88.0
752,2023-06-04 09:16:00,92.0
753,2023-06-04 09:15:00,96.0
754,2023-06-04 09:14:00,98.0
755,2023-06-04 09:13:00,96.0
756,2023-06-04 09:12:00,98.0
757,2023-06-04 09:11:00,104.0
758,2023-06-04 09:10:00,102.0
759,2023-06-04 09:09:00,106.0
760,2023-06-04 09:08:00,105.0
761,2023-06-04 09:07:00,104.0
762,2023-06-04 09:06:00,104.0
763,2023-06-04 09:05:00,105.0
764,2023-06-04 09:04:00,103.0
765,2023-06-04 08:44:00,101.0
766,2023-06-04 08:43:00,100.0
767,2023-06-04 08:42:00,102.0
768,2023-06-04 08:41:00,100.0
769,2023-06-04 08:40:00,100.0
770,2023-06-04 08:39:00,99.0
771,2023-06-04 08:38:00,101.0
772,2023-06-04 08:37:00,103.0
773,2023-06-04 08:36:00,103.0
774,2023-06-04 08:35:00,93.0
775,2023-06-04 08:34:00,85.0
776,2023-06-04 08:33:00,88.0
777,2023-06-04 08:32:00,85.0
778,2023-06-04 08:31:00,86.0
779,2023-06-04 08:30:00,84.0
780,2023-06-04 08:29:00,76.0
781,2023-06-04 08:28:00,79.0
782,2023-06-04 08:27:00,74.0
783,2023-06-04 08:26:00,73.0
784,2023-06-04 08:25:00,73.0
785,2023-06-04 08:24:00,75.0
786,2023-06-04 08:23:00,83.0
787,2023-06-04 08:22:00,88.0
788,2023-06-04 08:21:00,90.0
789,2023-06-04 08:20:00,97.0
790,2023-06-04 08:19:00,98.0
791,2023-06-04 08:18:00,101.0
792,2023-06-04 08:17:00,102.0
793,2023-06-04 08:16:00,102.0
794,2023-06-04 08:15:00,101.0
795,2023-06-04 08:14:00,100.0
796,2023-06-04 08:13:00,81.0
797,2023-06-04 08:12:00,86.0
798,2023-06-04 08:11:00,79.0
799,2023-06-04 08:10:00,78.0
800,2023-06-04 08:09:00,81.0
801,2023-06-04 08:08:00,81.0
802,2023-06-04 08:07:00,82.0
803,2023-06-04 08:06:00,83.0
804,2023-06-04 08:05:00,81.0
805,2023-06-04 08:04:00,80.0
806,2023-06-04 08:03:00,79.0
807,2023-06-04 08:02:00,78.0
808,2023-06-04 08:01:00,76.0
809,2023-06-04 08:00:00,76.0
810,2023-06-04 07:59:00,85.0
811,2023-06-04 07:58:00,89.0
812,2023-06-04 07:57:00,86.0
813,2023-06-04 07:56:00,87.0
814,2023-06-04 07:55:00,77.0
815,2023-06-04 07:54:00,85.0
816,2023-06-04 07:53:00,86.0
817,2023-06-04 07:52:00,91.0
818,2023-06-04 07:51:00,87.0
819,2023-06-04 07:50:00,91.0
820,2023-06-04 07:49:00,103.0
821,2023-06-04 07:48:00,100.0
822,2023-06-04 07:47:00,103.0
823,2023-06-04 07:46:00,100.0
824,2023-06-04 07:45:00,97.0
825,2023-06-04 07:20:00,60.0
826,2023-06-04 07:19:00,70.0
827,2023-06-04 07:18:00,58.0
828,2023-06-04 07:17:00,55.0
829,2023-06-04 07:16:00,57.0
830,2023-06-04 07:15:00,59.0
831,2023-06-04 07:14:00,77.0
832,2023-06-04 07:13:00,79.0
833,2023-06-04 07:12:00,64.0
834,2023-06-04 07:11:00,69.0
835,2023-06-04 07:10:00,68.0
836,2023-06-04 07:09:00,66.0
837,2023-06-04 07:08:00,68.0
838,2023-06-04 07:07:00,82.0
839,2023-06-04 07:06:00,87.0
840,2023-06-04 07:00:00,59.0
841,2023-06-04 06:59:00,73.0
842,2023-06-04 06:58:00,80.0
843,2023-06-04 06:57:00,86.0
844,2023-06-04 06:56:00,90.0
845,2023-06-04 06:55:00,77.0
846,2023-06-04 06:54:00,57.0
847,2023-06-04 06:53:00,57.0
848,2023-06-04 06:52:00,55.0
849,2023-06-04 06:51:00,55.0
850,2023-06-04 06:50:00,58.0
851,2023-06-04 06:49:00,57.0
852,2023-06-04 06:48:00,54.0
853,2023-06-04 06:47:00,56.0
854,2023-06-04 06:46:00,59.0
855,2023-06-04 06:45:00,61.0
856,2023-06-04 06:44:00,81.0
857,2023-06-04 06:43:00,90.0
858,2023-06-04 06:42:00,93.0
859,2023-06-04 06:41:00,63.0
860,2023-06-04 06:40:00,57.0
861,2023-06-04 06:39:00,63.0
862,2023-06-04 06:38:00,68.0
863,2023-06-04 06:37:00,60.0
864,2023-06-04 06:36:00,57.0
865,2023-06-04 06:35:00,59.0
866,2023-06-04 06:34:00,57.0
867,2023-06-04 06:33:00,63.0
868,2023-06-04 06:32:00,64.0
869,2023-06-04 06:31:00,59.0
870,2023-06-04 06:30:00,81.0
871,2023-06-04 06:29:00,71.0
872,2023-06-04 06:28:00,57.0
873,2023-06-04 06:27:00,58.0
874,2023-06-04 06:26:00,70.0
875,2023-06-04 06:25:00,87.0
876,2023-06-04 06:24:00,81.0
877,2023-06-04 06:23:00,76.0
878,2023-06-04 06:22:00,80.0
879,2023-06-04 06:21:00,82.0
880,2023-06-04 06:20:00,78.0
881,2023-06-04 06:19:00,70.0
882,2023-06-04 06:18:00,77.0
883,2023-06-04 06:17:00,84.0
884,2023-06-04 06:16:00,68.0
885,2023-06-04 05:58:00,54.0
886,2023-06-04 05:57:00,55.0
887,2023-06-04 05:56:00,55.0
888,2023-06-04 05:55:00,57.0
889,2023-06-04 05:54:00,74.0
890,2023-06-04 05:53:00,56.0
891,2023-06-04 05:52:00,65.0
892,2023-06-04 05:51:00,57.0
893,2023-06-04 05:50:00,67.0
894,2023-06-04 05:49:00,63.0
895,2023-06-04 05:48:00,56.0
896,2023-06-04 05:47:00,56.0
897,2023-06-04 05:46:00,65.0
898,2023-06-04 05:45:00,67.0
899,2023-06-04 05:44:00,57.0
900,2023-06-04 05:31:00,74.0
901,2023-06-04 05:30:00,57.0
902,2023-06-04 05:29:00,54.0
903,2023-06-04 05:28:00,59.0
904,2023-06-04 05:27:00,53.0
905,2023-06-04 05:26:00,53.0
906,2023-06-04 05:25:00,51.0
907,2023-06-04 05:24:00,54.0
908,2023-06-04 05:23:00,53.0
909,2023-06-04 05:22:00,51.0
910,2023-06-04 05:21:00,53.0
911,2023-06-04 05:20:00,55.0
912,2023-06-04 05:19:00,53.0
913,2023-06-04 05:18:00,55.0
914,2023-06-04 05:17:00,55.0
915,2023-06-04 04:55:00,75.0
916,2023-06-04 04:54:00,56.0
917,2023-06-04 04:53:00,54.0
918,2023-06-04 04:52:00,53.0
919,2023-06-04 04:51:00,62.0
920,2023-06-04 04:50:00,54.0
921,2023-06-04 04:49:00,53.0
922,2023-06-04 04:48:00,52.0
923,2023-06-04 04:47:00,52.0
924,2023-06-04 04:46:00,64.0
925,2023-06-04 04:45:00,52.0
926,2023-06-04 04:44:00,54.0
927,2023-06-04 04:43:00,50.0
928,2023-06-04 04:42:00,52.0
929,2023-06-04 04:41:00,53.0
930,2023-06-04 04:00:00,80.0
931,2023-06-04 03:59:00,52.0
932,2023-06-04 03:58:00,60.0
933,2023-06-04 03:57:00,52.0
934,2023-06-04 03:56:00,57.0
935,2023-06-04 03:55:00,52.0
936,2023-06-04 03:54:00,51.0
937,2023-06-04 03:53:00,72.0
938,2023-06-04 03:52:00,63.0
939,2023-06-04 03:51:00,51.0
940,2023-06-04 03:50:00,50.0
941,2023-06-04 03:49:00,55.0
942,2023-06-04 03:48:00,53.0
943,2023-06-04 03:47:00,64.0
944,2023-06-04 03:46:00,51.0
945,2023-06-04 02:16:00,59.0
946,2023-06-04 02:15:00,56.0
947,2023-06-04 02:14:00,56.0
948,2023-06-04 02:13:00,56.0
949,2023-06-04 02:12:00,56.0
950,2023-06-04 02:11:00,56.0
951,2023-06-04 02:10:00,58.0
952,2023-06-04 02:09:00,57.0
953,2023-06-04 02:08:00,58.0
954,2023-06-04 02:07:00,56.0
955,2023-06-04 02:06:00,55.0
956,2023-06-04 02:05:00,66.0
957,2023-06-04 02:04:00,56.0
958,2023-06-04 02:03:00,58.0
959,2023-06-04 02:02:00,57.0
960,2023-06-04 01:56:00,61.0
961,2023-06-04 01:55:00,53.0
962,2023-06-04 01:54:00,53.0
963,2023-06-04 01:53:00,55.0
964,2023-06-04 01:52:00,65.0
965,2023-06-04 01:51:00,58.0
966,2023-06-04 01:50:00,55.0
967,2023-06-04 01:49:00,57.0
968,2023-06-04 01:48:00,57.0
969,2023-06-04 01:47:00,55.0
970,2023-06-04 01:46:00,55.0
971,2023-06-04 01:45:00,55.0
972,2023-06-04 01:44:00,56.0
973,2023-06-04 01:43:00,56.0
974,2023-06-04 01:42:00,56.0
975,2023-06-04 01:41:00,53.0
976,2023-06-04 01:40:00,51.0
977,2023-06-04 01:39:00,51.0
978,2023-06-04 01:38:00,51.0
979,2023-06-04 01:37:00,49.0
980,2023-06-04 01:36:00,50.0
981,2023-06-04 01:35:00,51.0
982,2023-06-04 01:34:00,51.0
983,2023-06-04 01:33:00,50.0
984,2023-06-04 01:32:00,50.0
985,2023-06-04 01:31:00,51.0
986,2023-06-04 01:30:00,51.0
987,2023-06-04 01:29:00,51.0
988,2023-06-04 01:28:00,54.0
989,2023-06-04 01:27:00,66.0
990,2023-06-04 01:17:00,59.0
991,2023-06-04 01:16:00,54.0
992,2023-06-04 01:15:00,54.0
993,2023-06-04 01:14:00,52.0
994,2023-06-04 01:13:00,51.0
995,2023-06-04 01:12:00,52.0
996,2023-06-04 01:11:00,53.0
997,2023-06-04 01:10:00,53.0
998,2023-06-04 01:09:00,52.0
999,2023-06-04 01:08:00,52.0
1000,2023-06-04 01:07:00,77.0
1001,2023-06-04 01:06:00,61.0
1002,2023-06-04 01:05:00,58.0
1003,2023-06-04 01:04:00,63.0
1004,2023-06-04 01:03:00,55.0
1005,2023-06-04 00:50:00,60.0
1006,2023-06-04 00:49:00,58.0
1007,2023-06-04 00:48:00,56.0
1008,2023-06-04 00:47:00,57.0
1009,2023-06-04 00:46:00,55.0
1010,2023-06-04 00:45:00,55.0
1011,2023-06-04 00:44:00,55.0
1012,2023-06-04 00:43:00,54.0
1013,2023-06-04 00:42:00,55.0
1014,2023-06-04 00:41:00,55.0
1015,2023-06-04 00:40:00,54.0
1016,2023-06-04 00:39:00,54.0
1017,2023-06-04 00:38:00,53.0
1018,2023-06-04 00:37:00,54.0
1019,2023-06-04 00:36:00,54.0
1020,2023-06-04 00:35:00,67.0
1021,2023-06-04 00:34:00,59.0
1022,2023-06-04 00:33:00,60.0
1023,2023-06-04 00:32:00,57.0
1024,2023-06-04 00:31:00,59.0
1025,2023-06-04 00:30:00,59.0
1026,2023-06-04 00:29:00,58.0
1027,2023-06-04 00:28:00,58.0
1028,2023-06-04 00:27:00,58.0
1029,2023-06-04 00:26:00,59.0
1030,2023-06-04 00:25:00,59.0
1031,2023-06-04 00:24:00,56.0
1032,2023-06-04 00:23:00,57.0
1033,2023-06-04 00:22:00,67.0
1034,2023-06-04 00:21:00,61.0
1035,2023-06-03 23:46:00,73.0
1036,2023-06-03 23:45:00,60.0
1037,2023-06-03 23:44:00,55.0
1038,2023-06-03 23:43:00,59.0
1039,2023-06-03 23:42:00,54.0
1040,2023-06-03 23:41:00,57.0
1041,2023-06-03 23:40:00,56.0
1042,2023-06-03 23:39:00,58.0
1043,2023-06-03 23:38:00,77.0
1044,2023-06-03 23:37:00,72.0
1045,2023-06-03 23:36:00,64.0
1046,2023-06-03 23:35:00,66.0
1047,2023-06-03 23:34:00,59.0
1048,2023-06-03 23:33:00,59.0
1050,2023-06-03 23:26:00,57.0
1051,2023-06-03 23:25:00,59.0
1052,2023-06-03 23:24:00,57.0
1053,2023-06-03 23:23:00,58.0
1054,2023-06-03 23:22:00,58.0
1055,2023-06-03 23:21:00,58.0
1056,2023-06-03 23:20:00,57.0
1057,2023-06-03 23:19:00,58.0
1058,2023-06-03 23:18:00,56.0
1059,2023-06-03 23:17:00,58.0
1060,2023-06-03 23:16:00,57.0
1061,2023-06-03 23:15:00,59.0
1062,2023-06-03 23:14:00,59.0
1063,2023-06-03 23:13:00,58.0
1064,2023-06-03 23:12:00,58.0
1065,2023-06-03 23:11:00,69.0
1066,2023-06-03 23:10:00,76.0
1067,2023-06-03 23:09:00,69.0
1068,2023-06-03 23:08:00,63.0
1069,2023-06-03 23:07:00,66.0
1070,2023-06-03 23:06:00,62.0
1071,2023-06-03 23:05:00,66.0
1072,2023-06-03 23:04:00,65.0
1073,2023-06-03 23:03:00,60.0
1074,2023-06-03 23:02:00,59.0
1075,2023-06-03 23:01:00,60.0
1076,2023-06-03 23:00:00,60.0
1077,2023-06-03 22:59:00,61.0
1078,2023-06-03 22:58:00,60.0
1079,2023-06-03 22:57:00,59.0
1080,2023-06-03 22:56:00,71.0
1081,2023-06-03 22:55:00,59.0
1082,2023-06-03 22:54:00,60.0
1083,2023-06-03 22:53:00,58.0
1084,2023-06-03 22:52:00,62.0
1085,2023-06-03 22:51:00,58.0
1086,2023-06-03 22:50:00,60.0
1087,2023-06-03 22:49:00,57.0
1088,2023-06-03 22:48:00,57.0
1089,2023-06-03 22:47:00,57.0
1090,2023-06-03 22:46:00,58.0
1091,2023-06-03 22:45:00,60.0
1092,2023-06-03 22:44:00,60.0
1093,2023-06-03 22:43:00,58.0
1094,2023-06-03 22:42:00,56.0
1095,2023-06-03 22:13:00,62.0
1096,2023-06-03 22:12:00,61.0
1097,2023-06-03 22:11:00,66.0
1098,2023-06-03 22:10:00,66.0
1099,2023-06-03 22:09:00,66.0
1100,2023-06-03 22:08:00,60.0
1101,2023-06-03 22:07:00,62.0
1102,2023-06-03 22:06:00,64.0
1103,2023-06-03 22:05:00,74.0
1104,2023-06-03 22:04:00,74.0
1105,2023-06-03 22:03:00,68.0
1106,2023-06-03 22:02:00,75.0
1107,2023-06-03 22:01:00,64.0
1108,2023-06-03 22:00:00,67.0
1109,2023-06-03 21:59:00,63.0
1110,2023-06-03 21:35:00,74.0
1111,2023-06-03 21:34:00,89.0
1112,2023-06-03 21:33:00,85.0
1113,2023-06-03 21:32:00,86.0
1114,2023-06-03 21:31:00,83.0
1115,2023-06-03 21:30:00,82.0
1116,2023-06-03 21:29:00,87.0
1117,2023-06-03 21:28:00,89.0
1118,2023-06-03 21:27:00,88.0
1119,2023-06-03 21:26:00,89.0
1120,2023-06-03 21:25:00,90.0
1121,2023-06-03 21:24:00,94.0
1122,2023-06-03 21:23:00,91.0
1123,2023-06-03 21:22:00,89.0
1124,2023-06-03 21:21:00,100.0
1125,2023-06-03 21:20:00,80.0
1126,2023-06-03 21:19:00,85.0
1127,2023-06-03 21:18:00,90.0
1128,2023-06-03 21:17:00,83.0
1129,2023-06-03 21:16:00,86.0
1130,2023-06-03 21:15:00,84.0
1131,2023-06-03 21:14:00,80.0
1132,2023-06-03 21:13:00,83.0
1133,2023-06-03 21:12:00,78.0
1134,2023-06-03 21:11:00,79.0
1135,2023-06-03 21:10:00,77.0
1136,2023-06-03 21:09:00,80.0
1137,2023-06-03 21:08:00,86.0
1138,2023-06-03 21:07:00,86.0
1139,2023-06-03 21:06:00,73.0
1140,2023-06-03 21:05:00,58.0
1141,2023-06-03 21:04:00,73.0
1142,2023-06-03 21:03:00,78.0
1143,2023-06-03 21:02:00,85.0
1144,2023-06-03 21:01:00,79.0
1145,2023-06-03 21:00:00,77.0
1146,2023-06-03 20:59:00,78.0
1147,2023-06-03 20:58:00,80.0
1148,2023-06-03 20:57:00,79.0
1149,2023-06-03 20:56:00,86.0
1150,2023-06-03 20:55:00,87.0
1151,2023-06-03 20:54:00,92.0
1152,2023-06-03 20:53:00,97.0
1153,2023-06-03 20:52:00,91.0
1154,2023-06-03 20:51:00,83.0
1155,2023-06-03 20:24:00,67.0
1156,2023-06-03 20:23:00,67.0
1157,2023-06-03 20:22:00,66.0
1158,2023-06-03 20:21:00,67.0
1159,2023-06-03 20:20:00,65.0
1160,2023-06-03 20:19:00,66.0
1161,2023-06-03 20:18:00,68.0
1162,2023-06-03 20:17:00,66.0
1163,2023-06-03 20:16:00,66.0
1164,2023-06-03 20:15:00,66.0
1165,2023-06-03 20:14:00,67.0
1166,2023-06-03 20:13:00,66.0
1167,2023-06-03 20:12:00,67.0
1168,2023-06-03 20:11:00,73.0
1169,2023-06-03 20:10:00,66.0
1170,2023-06-03 20:09:00,56.0
1171,2023-06-03 20:08:00,58.0
1172,2023-06-03 20:07:00,60.0
1173,2023-06-03 20:06:00,58.0
1174,2023-06-03 20:05:00,57.0
1175,2023-06-03 20:04:00,60.0
1176,2023-06-03 20:03:00,57.0
1177,2023-06-03 20:02:00,61.0
1178,2023-06-03 20:01:00,56.0
1179,2023-06-03 20:00:00,61.0
1180,2023-06-03 19:59:00,57.0
1181,2023-06-03 19:58:00,63.0
1182,2023-06-03 19:57:00,69.0
1183,2023-06-03 19:56:00,67.0
1184,2023-06-03 19:55:00,69.0
1185,2023-06-03 19:54:00,66.0
1186,2023-06-03 19:53:00,60.0
1187,2023-06-03 19:52:00,57.0
1188,2023-06-03 19:51:00,58.0
1189,2023-06-03 19:50:00,59.0
1190,2023-06-03 19:49:00,61.0
1191,2023-06-03 19:48:00,59.0
1192,2023-06-03 19:47:00,57.0
1193,2023-06-03 19:46:00,58.0
1194,2023-06-03 19:45:00,61.0
1195,2023-06-03 19:44:00,64.0
1196,2023-06-03 19:43:00,56.0
1197,2023-06-03 19:42:00,56.0
1198,2023-06-03 19:41:00,58.0
1199,2023-06-03 19:40:00,59.0
1200,2023-06-03 19:28:00,66.0
1201,2023-06-03 19:27:00,67.0
1202,2023-06-03 19:26:00,64.0
1203,2023-06-03 19:25:00,64.0
1204,2023-06-03 19:24:00,63.0
1205,2023-06-03 19:23:00,65.0
1206,2023-06-03 19:22:00,65.0
1207,2023-06-03 19:21:00,65.0
1208,2023-06-03 19:20:00,65.0
1209,2023-06-03 19:19:00,65.0
1210,2023-06-03 19:18:00,64.0
1211,2023-06-03 19:17:00,78.0
1212,2023-06-03 19:16:00,79.0
1213,2023-06-03 19:15:00,67.0
1214,2023-06-03 19:14:00,60.0
1215,2023-06-03 19:07:00,68.0
1216,2023-06-03 19:06:00,64.0
1217,2023-06-03 19:05:00,64.0
1218,2023-06-03 19:04:00,65.0
1219,2023-06-03 19:03:00,66.0
1220,2023-06-03 19:02:00,66.0
1221,2023-06-03 19:01:00,64.0
1222,2023-06-03 19:00:00,64.0
1223,2023-06-03 18:59:00,65.0
1224,2023-06-03 18:58:00,66.0
1225,2023-06-03 18:57:00,64.0
1226,2023-06-03 18:56:00,65.0
1227,2023-06-03 18:55:00,63.0
1228,2023-06-03 18:54:00,64.0
1229,2023-06-03 18:53:00,63.0
1230,2023-06-03 18:52:00,71.0
1231,2023-06-03 18:51:00,71.0
1232,2023-06-03 18:50:00,74.0
1233,2023-06-03 18:49:00,81.0
1234,2023-06-03 18:48:00,71.0
1235,2023-06-03 18:47:00,73.0
1236,2023-06-03 18:46:00,74.0
1237,2023-06-03 18:45:00,78.0
1238,2023-06-03 18:44:00,72.0
1239,2023-06-03 18:43:00,73.0
1240,2023-06-03 18:42:00,92.0
1241,2023-06-03 18:41:00,85.0
1242,2023-06-03 18:40:00,74.0
1243,2023-06-03 18:39:00,73.0
1244,2023-06-03 18:38:00,92.0
1245,2023-06-03 18:24:00,82.0
1246,2023-06-03 18:23:00,82.0
1247,2023-06-03 18:22:00,86.0
1248,2023-06-03 18:21:00,84.0
1249,2023-06-03 18:20:00,81.0
1250,2023-06-03 18:19:00,76.0
1251,2023-06-03 18:18:00,75.0
1252,2023-06-03 18:17:00,78.0
1253,2023-06-03 18:16:00,87.0
1254,2023-06-03 18:15:00,73.0
1255,2023-06-03 18:14:00,70.0
1256,2023-06-03 18:13:00,77.0
1257,2023-06-03 18:12:00,79.0
1258,2023-06-03 18:11:00,79.0
1259,2023-06-03 18:10:00,91.0
1260,2023-06-03 18:09:00,61.0
1261,2023-06-03 18:08:00,59.0
1262,2023-06-03 18:07:00,61.0
1263,2023-06-03 18:06:00,62.0
1264,2023-06-03 18:05:00,63.0
1265,2023-06-03 18:04:00,72.0
1266,2023-06-03 18:03:00,82.0
1267,2023-06-03 18:02:00,70.0
1268,2023-06-03 18:01:00,75.0
1269,2023-06-03 18:00:00,81.0
1270,2023-06-03 17:59:00,78.0
1271,2023-06-03 17:58:00,77.0
1272,2023-06-03 17:57:00,79.0
1273,2023-06-03 17:56:00,79.0
1274,2023-06-03 17:55:00,80.0
1275,2023-06-03 17:54:00,77.0
1276,2023-06-03 17:53:00,74.0
1277,2023-06-03 17:52:00,82.0
1278,2023-06-03 17:51:00,67.0
1279,2023-06-03 17:50:00,78.0
1280,2023-06-03 17:49:00,83.0
1281,2023-06-03 17:48:00,76.0
1282,2023-06-03 17:47:00,81.0
1283,2023-06-03 17:46:00,71.0
1284,2023-06-03 17:45:00,79.0
1285,2023-06-03 17:44:00,86.0
1286,2023-06-03 17:43:00,96.0
1287,2023-06-03 17:42:00,89.0
1288,2023-06-03 17:41:00,68.0
1289,2023-06-03 17:40:00,62.0
1290,2023-06-03 17:39:00,82.0
1291,2023-06-03 17:38:00,76.0
1292,2023-06-03 17:37:00,71.0
1293,2023-06-03 17:36:00,76.0
1294,2023-06-03 17:35:00,80.0
1295,2023-06-03 17:34:00,81.0
1296,2023-06-03 17:33:00,82.0
1297,2023-06-03 17:32:00,79.0
1298,2023-06-03 17:31:00,76.0
1299,2023-06-03 17:30:00,84.0
1300,2023-06-03 17:29:00,83.0
1301,2023-06-03 17:28:00,84.0
1302,2023-06-03 17:27:00,93.0
1303,2023-06-03 17:26:00,96.0
1304,2023-06-03 17:25:00,88.0
1305,2023-06-03 17:24:00,71.0
1306,2023-06-03 17:23:00,68.0
1307,2023-06-03 17:22:00,71.0
1308,2023-06-03 17:21:00,74.0
1309,2023-06-03 17:20:00,70.0
1310,2023-06-03 17:19:00,70.0
1311,2023-06-03 17:18:00,73.0
1312,2023-06-03 17:17:00,85.0
1313,2023-06-03 17:16:00,83.0
1314,2023-06-03 17:15:00,91.0
1315,2023-06-03 17:14:00,92.0
1316,2023-06-03 17:13:00,96.0
1317,2023-06-03 17:12:00,93.0
1318,2023-06-03 17:11:00,91.0
1319,2023-06-03 17:10:00,86.0
1320,2023-06-03 17:09:00,102.0
1321,2023-06-03 17:08:00,102.0
1322,2023-06-03 17:07:00,87.0
1323,2023-06-03 17:06:00,79.0
1324,2023-06-03 17:05:00,83.0
1325,2023-06-03 17:04:00,86.0
1326,2023-06-03 17:03:00,82.0
1327,2023-06-03 17:02:00,86.0
1328,2023-06-03 17:01:00,84.0
1329,2023-06-03 17:00:00,78.0
1330,2023-06-03 16:59:00,78.0
1331,2023-06-03 16:58:00,79.0
1332,2023-06-03 16:57:00,80.0
1333,2023-06-03 16:56:00,82.0
1334,2023-06-03 16:55:00,79.0
1335,2023-06-03 16:54:00,91.0
1336,2023-06-03 16:53:00,99.0
1337,2023-06-03 16:52:00,102.0
1338,2023-06-03 16:51:00,102.0
1339,2023-06-03 16:50:00,104.0
1340,2023-06-03 16:49:00,97.0
1341,2023-06-03 16:48:00,97.0
1342,2023-06-03 16:47:00,91.0
1343,2023-06-03 16:46:00,96.0
1344,2023-06-03 16:45:00,88.0
1345,2023-06-03 16:44:00,93.0
1346,2023-06-03 16:43:00,97.0
1347,2023-06-03 16:42:00,85.0
1348,2023-06-03 16:41:00,93.0
1349,2023-06-03 16:40:00,93.0
1350,2023-06-03 16:39:00,90.0
1351,2023-06-03 16:38:00,84.0
1352,2023-06-03 16:37:00,92.0
1353,2023-06-03 16:36:00,93.0
1354,2023-06-03 16:35:00,85.0
1355,2023-06-03 16:34:00,89.0
1356,2023-06-03 16:33:00,90.0
1357,2023-06-03 16:32:00,82.0
1358,2023-06-03 16:31:00,83.0
1359,2023-06-03 16:30:00,77.0
1360,2023-06-03 16:29:00,74.0
1361,2023-06-03 16:28:00,75.0
1362,2023-06-03 16:27:00,78.0
1363,2023-06-03 16:26:00,86.0
1364,2023-06-03 16:25:00,94.0
1365,2023-06-03 16:24:00,91.0
1366,2023-06-03 16:23:00,92.0
1367,2023-06-03 16:22:00,94.0
1368,2023-06-03 16:21:00,89.0
1369,2023-06-03 16:20:00,88.0
1370,2023-06-03 16:19:00,91.0
1371,2023-06-03 16:18:00,94.0
1372,2023-06-03 16:17:00,94.0
1373,2023-06-03 16:16:00,84.0
1374,2023-06-03 16:15:00,82.0
1375,2023-06-03 16:14:00,82.0
1376,2023-06-03 16:13:00,82.0
1377,2023-06-03 16:12:00,91.0
1378,2023-06-03 16:11:00,94.0
1379,2023-06-03 16:10:00,84.0
1380,2023-06-03 16:09:00,86.0
1381,2023-06-03 16:08:00,70.0
1382,2023-06-03 16:07:00,73.0
1383,2023-06-03 16:06:00,73.0
1384,2023-06-03 16:05:00,81.0
1385,2023-06-03 16:04:00,89.0
1386,2023-06-03 16:03:00,87.0
1387,2023-06-03 16:02:00,95.0
1388,2023-06-03 16:01:00,99.0
1389,2023-06-03 16:00:00,97.0
1390,2023-06-03 15:59:00,96.0
1391,2023-06-03 15:58:00,92.0
1392,2023-06-03 15:57:00,96.0
1393,2023-06-03 15:56:00,96.0
1394,2023-06-03 15:55:00,96.0
1395,2023-06-03 15:54:00,69.0
1396,2023-06-03 15:53:00,63.0
1397,2023-06-03 15:52:00,64.0
1398,2023-06-03 15:51:00,65.0
1399,2023-06-03 15:50:00,63.0
1400,2023-06-03 15:49:00,63.0
1401,2023-06-03 15:48:00,77.0
1402,2023-06-03 15:47:00,60.0
1403,2023-06-03 15:46:00,83.0
1404,2023-06-03 15:45:00,91.0
1405,2023-06-03 15:44:00,95.0
1406,2023-06-03 15:43:00,87.0
1407,2023-06-03 15:42:00,81.0
1408,2023-06-03 15:41:00,92.0
1409,2023-06-03 15:40:00,95.0
1410,2023-06-03 14:50:00,72.0
1411,2023-06-03 14:49:00,66.0
1412,2023-06-03 14:48:00,67.0
1413,2023-06-03 14:47:00,66.0
1414,2023-06-03 14:46:00,69.0
1415,2023-06-03 14:45:00,69.0
1416,2023-06-03 14:44:00,69.0
1417,2023-06-03 14:43:00,68.0
1418,2023-06-03 14:42:00,69.0
1419,2023-06-03 14:41:00,70.0
1420,2023-06-03 14:40:00,68.0
1421,2023-06-03 14:39:00,70.0
1422,2023-06-03 14:38:00,69.0
1423,2023-06-03 14:37:00,66.0
1424,2023-06-03 14:36:00,68.0
1425,2023-06-03 14:35:00,78.0
1426,2023-06-03 14:34:00,76.0
1427,2023-06-03 14:33:00,78.0
1428,2023-06-03 14:32:00,71.0
1429,2023-06-03 14:31:00,71.0
1430,2023-06-03 14:30:00,70.0
1431,2023-06-03 14:29:00,70.0
1432,2023-06-03 14:28:00,82.0
1433,2023-06-03 14:27:00,94.0
1434,2023-06-03 14:26:00,75.0
1435,2023-06-03 14:25:00,66.0
1436,2023-06-03 14:24:00,63.0
1437,2023-06-03 14:23:00,65.0
1438,2023-06-03 14:22:00,68.0
1439,2023-06-03 14:21:00,84.0
1440,2023-06-03 13:20:00,72.0
1441,2023-06-03 13:19:00,73.0
1442,2023-06-03 13:18:00,72.0
1443,2023-06-03 13:17:00,74.0
1444,2023-06-03 13:16:00,73.0
1445,2023-06-03 13:15:00,75.0
1446,2023-06-03 13:14:00,75.0
1447,2023-06-03 13:13:00,73.0
1448,2023-06-03 13:12:00,75.0
1449,2023-06-03 13:11:00,73.0
1450,2023-06-03 13:10:00,72.0
1451,2023-06-03 13:09:00,73.0
1452,2023-06-03 13:08:00,72.0
1453,2023-06-03 13:07:00,71.0
1454,2023-06-03 13:06:00,63.0
1455,2023-06-03 13:05:00,73.0
1456,2023-06-03 13:04:00,80.0
1457,2023-06-03 13:03:00,80.0
1458,2023-06-03 13:02:00,78.0
1459,2023-06-03 13:01:00,76.0
1460,2023-06-03 13:00:00,76.0
1461,2023-06-03 12:59:00,75.0
1462,2023-06-03 12:58:00,72.0
1463,2023-06-03 12:57:00,74.0
1464,2023-06-03 12:56:00,73.0
1465,2023-06-03 12:55:00,75.0
1466,2023-06-03 12:54:00,74.0
1467,2023-06-03 12:53:00,75.0
1468,2023-06-03 12:52:00,71.0
1469,2023-06-03 12:51:00,73.0
1470,2023-06-03 12:50:00,70.0
1471,2023-06-03 12:49:00,92.0
1472,2023-06-03 12:48:00,89.0
1473,2023-06-03 12:47:00,87.0
1474,2023-06-03 12:46:00,91.0
1475,2023-06-03 12:45:00,84.0
1476,2023-06-03 12:44:00,84.0
1477,2023-06-03 12:43:00,85.0
1478,2023-06-03 12:42:00,88.0
1479,2023-06-03 12:41:00,88.0
1480,2023-06-03 12:40:00,84.0
1481,2023-06-03 12:39:00,92.0
1482,2023-06-03 12:38:00,81.0
1483,2023-06-03 12:37:00,73.0
1484,2023-06-03 12:36:00,73.0
1485,2023-06-03 12:35:00,85.0
1486,2023-06-03 12:34:00,92.0
1487,2023-06-03 12:33:00,85.0
1488,2023-06-03 12:32:00,75.0
1489,2023-06-03 12:31:00,68.0
1490,2023-06-03 12:30:00,69.0
1491,2023-06-03 12:29:00,70.0
1492,2023-06-03 12:28:00,71.0
1493,2023-06-03 12:27:00,71.0
1494,2023-06-03 12:26:00,71.0
1495,2023-06-03 12:25:00,71.0
1496,2023-06-03 12:24:00,68.0
1497,2023-06-03 12:23:00,73.0
1498,2023-06-03 12:22:00,70.0
1499,2023-06-03 12:21:00,72.0
1500,2023-06-03 12:17:00,83.0
1501,2023-06-03 12:16:00,75.0
1502,2023-06-03 12:15:00,78.0
1503,2023-06-03 12:14:00,82.0
1504,2023-06-03 12:13:00,85.0
1505,2023-06-03 12:12:00,84.0
1506,2023-06-03 12:11:00,87.0
1507,2023-06-03 12:10:00,86.0
1508,2023-06-03 12:09:00,83.0
1509,2023-06-03 12:08:00,85.0
1510,2023-06-03 12:07:00,88.0
1511,2023-06-03 12:06:00,89.0
1512,2023-06-03 12:05:00,92.0
1513,2023-06-03 12:04:00,90.0
1514,2023-06-03 12:03:00,87.0
1515,2023-06-03 12:02:00,74.0
1516,2023-06-03 12:01:00,65.0
1517,2023-06-03 12:00:00,65.0
1518,2023-06-03 11:59:00,76.0
1519,2023-06-03 11:58:00,68.0
1520,2023-06-03 11:57:00,70.0
1521,2023-06-03 11:56:00,65.0
1522,2023-06-03 11:55:00,67.0
1523,2023-06-03 11:54:00,64.0
1524,2023-06-03 11:53:00,80.0
1525,2023-06-03 11:52:00,88.0
1526,2023-06-03 11:51:00,94.0
1527,2023-06-03 11:50:00,85.0
1528,2023-06-03 11:49:00,89.0
1529,2023-06-03 11:48:00,87.0
1530,2023-06-03 11:44:00,85.0
1531,2023-06-03 11:43:00,87.0
1532,2023-06-03 11:42:00,80.0
1533,2023-06-03 11:41:00,82.0
1534,2023-06-03 11:40:00,88.0
1535,2023-06-03 11:39:00,89.0
1536,2023-06-03 11:38:00,88.0
1537,2023-06-03 11:37:00,93.0
1538,2023-06-03 11:36:00,90.0
1539,2023-06-03 11:35:00,93.0
1540,2023-06-03 11:34:00,96.0
1541,2023-06-03 11:33:00,93.0
1542,2023-06-03 11:32:00,89.0
1543,2023-06-03 11:31:00,82.0
1544,2023-06-03 11:30:00,82.0
1545,2023-06-03 11:29:00,80.0
1546,2023-06-03 11:28:00,70.0
1547,2023-06-03 11:27:00,85.0
1548,2023-06-03 11:26:00,83.0
1549,2023-06-03 11:25:00,83.0
1550,2023-06-03 11:24:00,88.0
1551,2023-06-03 11:23:00,90.0
1552,2023-06-03 11:22:00,86.0
1553,2023-06-03 11:21:00,81.0
1554,2023-06-03 11:20:00,80.0
1555,2023-06-03 11:19:00,77.0
1556,2023-06-03 11:18:00,81.0
1557,2023-06-03 11:17:00,82.0
1558,2023-06-03 11:16:00,86.0
1559,2023-06-03 11:15:00,81.0
1560,2023-06-03 11:14:00,88.0
1561,2023-06-03 11:13:00,87.0
1562,2023-06-03 11:12:00,89.0
1563,2023-06-03 11:11:00,91.0
1564,2023-06-03 11:10:00,84.0
1565,2023-06-03 11:09:00,86.0
1566,2023-06-03 11:08:00,87.0
1567,2023-06-03 11:07:00,93.0
1568,2023-06-03 11:06:00,91.0
1569,2023-06-03 11:05:00,85.0
1570,2023-06-03 11:04:00,78.0
1571,2023-06-03 11:03:00,76.0
1572,2023-06-03 11:02:00,76.0
1573,2023-06-03 11:01:00,78.0
1574,2023-06-03 11:00:00,85.0
1575,2023-06-03 10:59:00,85.0
1576,2023-06-03 10:58:00,86.0
1577,2023-06-03 10:57:00,87.0
1578,2023-06-03 10:56:00,93.0
1579,2023-06-03 10:55:00,90.0
1580,2023-06-03 10:54:00,89.0
1581,2023-06-03 10:53:00,92.0
1582,2023-06-03 10:52:00,91.0
1583,2023-06-03 10:51:00,88.0
1584,2023-06-03 10:50:00,84.0
1585,2023-06-03 10:49:00,85.0
1586,2023-06-03 10:48:00,88.0
1587,2023-06-03 10:47:00,90.0
1588,2023-06-03 10:46:00,90.0
1589,2023-06-03 10:45:00,89.0
1590,2023-06-03 10:39:00,64.0
1591,2023-06-03 10:38:00,62.0
1592,2023-06-03 10:37:00,65.0
1593,2023-06-03 10:36:00,63.0
1594,2023-06-03 10:35:00,63.0
1595,2023-06-03 10:34:00,65.0
1596,2023-06-03 10:33:00,64.0
1597,2023-06-03 10:32:00,62.0
1598,2023-06-03 10:31:00,64.0
1599,2023-06-03 10:30:00,62.0
1600,2023-06-03 10:29:00,63.0
1601,2023-06-03 10:28:00,62.0
1602,2023-06-03 10:27:00,63.0
1603,2023-06-03 10:26:00,62.0
1604,2023-06-03 10:25:00,63.0
1605,2023-06-03 10:24:00,71.0
1606,2023-06-03 10:23:00,67.0
1607,2023-06-03 10:22:00,67.0
1608,2023-06-03 10:21:00,67.0
1609,2023-06-03 10:20:00,65.0
1610,2023-06-03 10:19:00,66.0
1611,2023-06-03 10:18:00,68.0
1612,2023-06-03 10:17:00,67.0
1613,2023-06-03 10:16:00,68.0
1614,2023-06-03 10:15:00,78.0
1615,2023-06-03 10:14:00,72.0
1616,2023-06-03 10:13:00,73.0
1617,2023-06-03 10:12:00,78.0
1618,2023-06-03 10:11:00,64.0
1619,2023-06-03 10:10:00,66.0
1620,2023-06-03 09:57:00,97.0
1621,2023-06-03 09:56:00,92.0
1622,2023-06-03 09:55:00,78.0
1623,2023-06-03 09:54:00,77.0
1624,2023-06-03 09:53:00,77.0
1625,2023-06-03 09:52:00,74.0
1626,2023-06-03 09:51:00,76.0
1627,2023-06-03 09:50:00,75.0
1628,2023-06-03 09:49:00,77.0
1629,2023-06-03 09:48:00,80.0
1630,2023-06-03 09:47:00,77.0
1631,2023-06-03 09:46:00,73.0
1632,2023-06-03 09:45:00,75.0
1633,2023-06-03 09:44:00,74.0
1634,2023-06-03 09:43:00,75.0
1635,2023-06-03 09:42:00,106.0
1636,2023-06-03 09:41:00,102.0
1637,2023-06-03 09:40:00,101.0
1638,2023-06-03 09:39:00,98.0
1639,2023-06-03 09:38:00,104.0
1640,2023-06-03 09:37:00,107.0
1641,2023-06-03 09:36:00,108.0
1642,2023-06-03 09:35:00,103.0
1643,2023-06-03 09:34:00,103.0
1644,2023-06-03 09:33:00,100.0
1645,2023-06-03 09:32:00,88.0
1646,2023-06-03 09:31:00,82.0
1647,2023-06-03 09:30:00,83.0
1648,2023-06-03 09:29:00,88.0
1649,2023-06-03 09:28:00,93.0
1650,2023-06-03 09:27:00,81.0
1651,2023-06-03 09:26:00,85.0
1652,2023-06-03 09:25:00,95.0
1653,2023-06-03 09:24:00,92.0
1654,2023-06-03 09:23:00,86.0
1655,2023-06-03 09:22:00,85.0
1656,2023-06-03 09:21:00,91.0
1657,2023-06-03 09:20:00,93.0
1658,2023-06-03 09:19:00,91.0
1659,2023-06-03 09:18:00,91.0
1660,2023-06-03 09:17:00,84.0
1661,2023-06-03 09:16:00,86.0
1662,2023-06-03 09:15:00,101.0
1663,2023-06-03 09:14:00,103.0
1664,2023-06-03 09:13:00,104.0
1665,2023-06-03 09:12:00,92.0
1666,2023-06-03 09:11:00,93.0
1667,2023-06-03 09:10:00,88.0
1668,2023-06-03 09:09:00,93.0
1669,2023-06-03 09:08:00,94.0
1670,2023-06-03 09:07:00,87.0
1671,2023-06-03 09:06:00,92.0
1672,2023-06-03 09:05:00,96.0
1673,2023-06-03 09:04:00,91.0
1674,2023-06-03 09:03:00,93.0
1675,2023-06-03 09:02:00,89.0
1676,2023-06-03 09:01:00,81.0
1677,2023-06-03 09:00:00,89.0
1678,2023-06-03 08:59:00,93.0
1679,2023-06-03 08:58:00,87.0
1680,2023-06-03 08:57:00,92.0
1681,2023-06-03 08:56:00,96.0
1682,2023-06-03 08:55:00,94.0
1683,2023-06-03 08:54:00,96.0
1684,2023-06-03 08:53:00,97.0
1685,2023-06-03 08:52:00,96.0
1686,2023-06-03 08:51:00,98.0
1687,2023-06-03 08:50:00,97.0
1688,2023-06-03 08:49:00,93.0
1689,2023-06-03 08:48:00,93.0
1690,2023-06-03 08:47:00,92.0
1691,2023-06-03 08:46:00,95.0
1692,2023-06-03 08:45:00,96.0
1693,2023-06-03 08:44:00,95.0
1694,2023-06-03 08:43:00,92.0
1695,2023-06-03 08:42:00,117.0
1696,2023-06-03 08:41:00,116.0
1697,2023-06-03 08:40:00,119.0
1698,2023-06-03 08:39:00,114.0
1699,2023-06-03 08:38:00,110.0
1700,2023-06-03 08:37:00,116.0
1701,2023-06-03 08:36:00,120.0
1702,2023-06-03 08:35:00,114.0
1703,2023-06-03 08:34:00,109.0
1704,2023-06-03 08:33:00,103.0
1705,2023-06-03 08:32:00,94.0
1706,2023-06-03 08:31:00,90.0
1707,2023-06-03 08:30:00,93.0
1708,2023-06-03 08:29:00,95.0
1709,2023-06-03 08:28:00,94.0
1710,2023-06-03 08:27:00,109.0
1711,2023-06-03 08:26:00,105.0
1712,2023-06-03 08:25:00,105.0
1713,2023-06-03 08:24:00,100.0
1714,2023-06-03 08:23:00,93.0
1715,2023-06-03 08:22:00,92.0
1716,2023-06-03 08:21:00,93.0
1717,2023-06-03 08:20:00,90.0
1718,2023-06-03 08:19:00,98.0
1719,2023-06-03 08:18:00,108.0
1720,2023-06-03 08:17:00,112.0
1721,2023-06-03 08:16:00,123.0
1722,2023-06-03 08:15:00,120.0
1723,2023-06-03 08:14:00,114.0
1724,2023-06-03 08:13:00,117.0
1725,2023-06-03 08:12:00,93.0
1726,2023-06-03 08:11:00,91.0
1727,2023-06-03 08:10:00,94.0
1728,2023-06-03 08:09:00,92.0
1729,2023-06-03 08:08:00,92.0
1730,2023-06-03 08:07:00,92.0
1731,2023-06-03 08:06:00,101.0
1732,2023-06-03 08:05:00,91.0
1733,2023-06-03 08:04:00,91.0
1734,2023-06-03 08:03:00,92.0
1735,2023-06-03 08:02:00,95.0
1736,2023-06-03 08:01:00,96.0
1737,2023-06-03 08:00:00,95.0
1738,2023-06-03 07:59:00,101.0
1739,2023-06-03 07:58:00,108.0
1740,2023-06-03 07:57:00,93.0
1741,2023-06-03 07:56:00,92.0
1742,2023-06-03 07:55:00,90.0
1743,2023-06-03 07:54:00,90.0
1744,2023-06-03 07:53:00,79.0
1745,2023-06-03 07:52:00,83.0
1746,2023-06-03 07:51:00,94.0
1747,2023-06-03 07:50:00,92.0
1748,2023-06-03 07:49:00,91.0
1749,2023-06-03 07:48:00,91.0
1750,2023-06-03 07:47:00,90.0
1751,2023-06-03 07:46:00,90.0
1752,2023-06-03 07:45:00,93.0
1753,2023-06-03 07:44:00,95.0
1754,2023-06-03 07:43:00,91.0
1755,2023-06-03 07:28:00,147.0
1756,2023-06-03 07:27:00,148.0
1757,2023-06-03 07:26:00,140.0
1758,2023-06-03 07:25:00,128.0
1759,2023-06-03 07:24:00,115.0
1760,2023-06-03 07:23:00,114.0
1761,2023-06-03 07:22:00,111.0
1762,2023-06-03 07:21:00,113.0
1763,2023-06-03 07:20:00,117.0
1764,2023-06-03 07:19:00,117.0
1765,2023-06-03 07:18:00,117.0
1766,2023-06-03 07:17:00,112.0
1767,2023-06-03 07:16:00,105.0
1768,2023-06-03 07:15:00,107.0
1769,2023-06-03 07:14:00,90.0
1770,2023-06-03 07:13:00,164.0
1771,2023-06-03 07:12:00,162.0
1772,2023-06-03 07:11:00,143.0
1773,2023-06-03 07:10:00,162.0
1774,2023-06-03 07:09:00,165.0
1775,2023-06-03 07:08:00,145.0
1776,2023-06-03 07:07:00,134.0
1777,2023-06-03 07:06:00,129.0
1778,2023-06-03 07:05:00,131.0
1779,2023-06-03 07:04:00,129.0
1780,2023-06-03 07:03:00,133.0
1781,2023-06-03 07:02:00,135.0
1782,2023-06-03 07:01:00,126.0
1783,2023-06-03 07:00:00,138.0
1784,2023-06-03 06:59:00,135.0
1785,2023-06-03 06:58:00,150.0
1786,2023-06-03 06:57:00,141.0
1787,2023-06-03 06:56:00,151.0
1788,2023-06-03 06:55:00,149.0
1789,2023-06-03 06:54:00,157.0
1790,2023-06-03 06:53:00,165.0
1791,2023-06-03 06:52:00,165.0
1792,2023-06-03 06:51:00,163.0
1793,2023-06-03 06:50:00,160.0
1794,2023-06-03 06:49:00,159.0
1795,2023-06-03 06:48:00,156.0
1796,2023-06-03 06:47:00,161.0
1797,2023-06-03 06:46:00,159.0
1798,2023-06-03 06:45:00,161.0
1799,2023-06-03 06:44:00,161.0
1800,2023-06-03 06:43:00,173.0
1801,2023-06-03 06:42:00,169.0
1802,2023-06-03 06:41:00,156.0
1803,2023-06-03 06:40:00,140.0
1804,2023-06-03 06:39:00,147.0
1805,2023-06-03 06:38:00,148.0
1806,2023-06-03 06:37:00,148.0
1807,2023-06-03 06:36:00,154.0
1808,2023-06-03 06:35:00,151.0
1809,2023-06-03 06:34:00,140.0
1810,2023-06-03 06:33:00,154.0
1811,2023-06-03 06:32:00,161.0
1812,2023-06-03 06:31:00,158.0
1813,2023-06-03 06:30:00,154.0
1814,2023-06-03 06:29:00,158.0
1815,2023-06-03 06:28:00,138.0
1816,2023-06-03 06:27:00,134.0
1817,2023-06-03 06:26:00,140.0
1818,2023-06-03 06:25:00,150.0
1819,2023-06-03 06:24:00,155.0
1820,2023-06-03 06:23:00,154.0
1821,2023-06-03 06:22:00,155.0
1822,2023-06-03 06:21:00,161.0
1823,2023-06-03 06:20:00,167.0
1824,2023-06-03 06:19:00,167.0
1825,2023-06-03 06:18:00,170.0
1826,2023-06-03 06:17:00,172.0
1827,2023-06-03 06:16:00,174.0
1828,2023-06-03 06:15:00,171.0
1829,2023-06-03 06:14:00,171.0
1830,2023-06-03 06:13:00,94.0
1831,2023-06-03 06:12:00,88.0
1832,2023-06-03 06:11:00,84.0
1833,2023-06-03 06:10:00,88.0
1834,2023-06-03 06:09:00,93.0
1835,2023-06-03 06:08:00,114.0
1836,2023-06-03 06:07:00,131.0
1837,2023-06-03 06:06:00,130.0
1838,2023-06-03 06:05:00,142.0
1839,2023-06-03 06:04:00,138.0
1840,2023-06-03 06:03:00,138.0
1841,2023-06-03 06:02:00,141.0
1842,2023-06-03 06:01:00,141.0
1843,2023-06-03 06:00:00,136.0
1844,2023-06-03 05:59:00,138.0
1845,2023-06-03 05:58:00,86.0
1846,2023-06-03 05:57:00,67.0
1847,2023-06-03 05:56:00,59.0
1848,2023-06-03 05:55:00,64.0
1849,2023-06-03 05:54:00,69.0
1850,2023-06-03 05:53:00,69.0
1851,2023-06-03 05:52:00,86.0
1852,2023-06-03 05:51:00,91.0
1853,2023-06-03 05:50:00,86.0
1854,2023-06-03 05:49:00,87.0
1855,2023-06-03 05:48:00,81.0
1856,2023-06-03 05:47:00,80.0
1857,2023-06-03 05:46:00,85.0
1858,2023-06-03 05:45:00,88.0
1859,2023-06-03 05:44:00,92.0
1860,2023-06-03 05:34:00,59.0
1861,2023-06-03 05:33:00,57.0
1862,2023-06-03 05:32:00,56.0
1863,2023-06-03 05:31:00,56.0
1864,2023-06-03 05:30:00,51.0
1865,2023-06-03 05:29:00,52.0
1866,2023-06-03 05:28:00,57.0
1867,2023-06-03 05:27:00,51.0
1868,2023-06-03 05:26:00,52.0
1869,2023-06-03 05:25:00,51.0
1870,2023-06-03 05:24:00,54.0
1871,2023-06-03 05:23:00,52.0
1872,2023-06-03 05:22:00,52.0
1873,2023-06-03 05:21:00,54.0
1874,2023-06-03 05:20:00,60.0
1875,2023-06-03 05:13:00,58.0
1876,2023-06-03 05:12:00,51.0
1877,2023-06-03 05:11:00,70.0
1878,2023-06-03 05:10:00,77.0
1879,2023-06-03 05:09:00,88.0
1880,2023-06-03 05:08:00,87.0
1881,2023-06-03 05:07:00,87.0
1882,2023-06-03 05:06:00,82.0
1883,2023-06-03 05:05:00,89.0
1884,2023-06-03 05:04:00,85.0
1885,2023-06-03 05:03:00,80.0
1886,2023-06-03 05:02:00,78.0
1887,2023-06-03 05:01:00,87.0
1888,2023-06-03 05:00:00,84.0
1889,2023-06-03 04:59:00,81.0
1890,2023-06-03 04:57:00,62.0
1891,2023-06-03 04:56:00,57.0
1892,2023-06-03 04:55:00,57.0
1893,2023-06-03 04:54:00,62.0
1894,2023-06-03 04:53:00,55.0
1895,2023-06-03 04:52:00,58.0
1896,2023-06-03 04:51:00,55.0
1897,2023-06-03 04:50:00,52.0
1898,2023-06-03 04:49:00,60.0
1899,2023-06-03 04:48:00,54.0
1900,2023-06-03 04:47:00,52.0
1901,2023-06-03 04:46:00,56.0
1902,2023-06-03 04:45:00,55.0
1903,2023-06-03 04:44:00,51.0
1904,2023-06-03 04:43:00,53.0
1905,2023-06-03 04:32:00,83.0
1906,2023-06-03 04:31:00,55.0
1907,2023-06-03 04:30:00,58.0
1908,2023-06-03 04:29:00,53.0
1909,2023-06-03 04:28:00,52.0
1910,2023-06-03 04:27:00,51.0
1911,2023-06-03 04:26:00,50.0
1912,2023-06-03 04:25:00,50.0
1913,2023-06-03 04:24:00,50.0
1914,2023-06-03 04:23:00,49.0
1915,2023-06-03 04:22:00,49.0
1916,2023-06-03 04:21:00,49.0
1917,2023-06-03 04:20:00,50.0
1918,2023-06-03 04:19:00,49.0
1919,2023-06-03 04:18:00,51.0
1920,2023-06-03 03:32:00,76.0
1921,2023-06-03 03:31:00,56.0
1922,2023-06-03 03:30:00,53.0
1923,2023-06-03 03:29:00,53.0
1924,2023-06-03 03:28:00,53.0
1925,2023-06-03 03:27:00,51.0
1926,2023-06-03 03:26:00,53.0
1927,2023-06-03 03:25:00,52.0
1928,2023-06-03 03:24:00,52.0
1929,2023-06-03 03:23:00,51.0
1930,2023-06-03 03:22:00,51.0
1931,2023-06-03 03:21:00,53.0
1932,2023-06-03 03:20:00,51.0
1933,2023-06-03 03:19:00,52.0
1934,2023-06-03 03:18:00,52.0
1935,2023-06-03 01:55:00,80.0
1936,2023-06-03 01:54:00,61.0
1937,2023-06-03 01:53:00,62.0
1938,2023-06-03 01:52:00,58.0
1939,2023-06-03 01:51:00,56.0
1940,2023-06-03 01:50:00,57.0
1941,2023-06-03 01:49:00,55.0
1942,2023-06-03 01:48:00,56.0
1943,2023-06-03 01:47:00,56.0
1944,2023-06-03 01:46:00,57.0
1945,2023-06-03 01:45:00,55.0
1946,2023-06-03 01:44:00,55.0
1947,2023-06-03 01:43:00,61.0
1948,2023-06-03 01:42:00,77.0
1949,2023-06-03 01:41:00,63.0
1950,2023-06-03 01:31:00,65.0
1951,2023-06-03 01:30:00,51.0
1952,2023-06-03 01:29:00,50.0
1953,2023-06-03 01:28:00,49.0
1954,2023-06-03 01:27:00,50.0
1955,2023-06-03 01:26:00,52.0
1956,2023-06-03 01:25:00,57.0
1957,2023-06-03 01:24:00,51.0
1958,2023-06-03 01:23:00,59.0
1959,2023-06-03 01:22:00,53.0
1960,2023-06-03 01:21:00,65.0
1961,2023-06-03 01:20:00,56.0
1962,2023-06-03 01:19:00,56.0
1963,2023-06-03 01:18:00,64.0
1964,2023-06-03 01:17:00,56.0
1965,2023-06-03 01:07:00,55.0
1966,2023-06-03 01:06:00,55.0
1967,2023-06-03 01:05:00,56.0
1968,2023-06-03 01:04:00,57.0
1969,2023-06-03 01:03:00,56.0
1970,2023-06-03 01:02:00,56.0
1971,2023-06-03 01:01:00,57.0
1972,2023-06-03 01:00:00,55.0
1973,2023-06-03 00:59:00,55.0
1974,2023-06-03 00:58:00,56.0
1975,2023-06-03 00:57:00,55.0
1976,2023-06-03 00:56:00,55.0
1977,2023-06-03 00:55:00,55.0
1978,2023-06-03 00:54:00,56.0
1979,2023-06-03 00:53:00,73.0
1980,2023-06-03 00:52:00,72.0
1981,2023-06-03 00:51:00,56.0
1982,2023-06-03 00:50:00,58.0
1983,2023-06-03 00:49:00,58.0
1984,2023-06-03 00:48:00,59.0
1985,2023-06-03 00:47:00,57.0
1986,2023-06-03 00:46:00,55.0
1987,2023-06-03 00:45:00,55.0
1988,2023-06-03 00:44:00,55.0
1989,2023-06-03 00:43:00,56.0
1990,2023-06-03 00:42:00,56.0
1991,2023-06-03 00:41:00,56.0
1992,2023-06-03 00:40:00,55.0
1993,2023-06-03 00:39:00,56.0
1994,2023-06-03 00:38:00,56.0
1995,2023-06-03 00:15:00,56.0
1996,2023-06-03 00:14:00,56.0
1997,2023-06-03 00:13:00,56.0
1998,2023-06-03 00:12:00,56.0
1999,2023-06-03 00:11:00,55.0
2000,2023-06-03 00:10:00,54.0
2001,2023-06-03 00:09:00,55.0
2002,2023-06-03 00:08:00,56.0
2003,2023-06-03 00:07:00,69.0
2004,2023-06-03 00:06:00,57.0
2005,2023-06-03 00:05:00,57.0
2006,2023-06-03 00:04:00,56.0
2007,2023-06-03 00:03:00,60.0
2008,2023-06-03 00:02:00,55.0
2009,2023-06-03 00:01:00,56.0
2010,2023-06-03 00:00:00,58.0
2011,2023-06-02 23:59:00,56.0
2012,2023-06-02 23:58:00,55.0
2013,2023-06-02 23:57:00,55.0
2014,2023-06-02 23:56:00,54.0
2015,2023-06-02 23:55:00,53.0
2016,2023-06-02 23:54:00,54.0
2017,2023-06-02 23:53:00,55.0
2018,2023-06-02 23:52:00,57.0
2019,2023-06-02 23:51:00,55.0
2020,2023-06-02 23:50:00,55.0
2021,2023-06-02 23:49:00,55.0
2022,2023-06-02 23:48:00,54.0
2023,2023-06-02 23:47:00,56.0
2024,2023-06-02 23:46:00,54.0
2025,2023-06-02 23:54:00,86.0
2026,2023-06-02 23:53:00,64.0
2027,2023-06-02 23:52:00,58.0
2028,2023-06-02 23:51:00,57.0
2029,2023-06-02 23:50:00,63.0
2030,2023-06-02 23:49:00,57.0
2040,2023-06-02 23:14:00,62.0
2041,2023-06-02 23:13:00,60.0
2042,2023-06-02 23:12:00,62.0
2043,2023-06-02 23:11:00,60.0
2044,2023-06-02 23:10:00,62.0
2045,2023-06-02 23:09:00,60.0
2046,2023-06-02 23:08:00,61.0
2047,2023-06-02 23:07:00,72.0
2048,2023-06-02 23:06:00,76.0
2049,2023-06-02 23:05:00,61.0
2050,2023-06-02 23:04:00,61.0
2051,2023-06-02 23:03:00,61.0
2052,2023-06-02 23:02:00,60.0
2053,2023-06-02 23:01:00,59.0
2054,2023-06-02 23:00:00,58.0
2055,2023-06-02 22:42:00,60.0
2056,2023-06-02 22:41:00,61.0
2057,2023-06-02 22:40:00,61.0
2058,2023-06-02 22:39:00,60.0
2059,2023-06-02 22:38:00,59.0
2060,2023-06-02 22:37:00,60.0
2061,2023-06-02 22:36:00,71.0
2062,2023-06-02 22:35:00,57.0
2063,2023-06-02 22:34:00,59.0
2064,2023-06-02 22:33:00,61.0
2065,2023-06-02 22:32:00,61.0
2066,2023-06-02 22:31:00,60.0
2067,2023-06-02 22:30:00,59.0
2068,2023-06-02 22:29:00,60.0
2069,2023-06-02 22:28:00,61.0
2070,2023-06-02 22:27:00,70.0
2071,2023-06-02 22:26:00,62.0
2072,2023-06-02 22:25:00,64.0
2073,2023-06-02 22:24:00,60.0
2074,2023-06-02 22:23:00,59.0
2075,2023-06-02 22:22:00,59.0
2076,2023-06-02 22:21:00,61.0
2077,2023-06-02 22:20:00,62.0
2078,2023-06-02 22:19:00,60.0
2079,2023-06-02 22:18:00,67.0
2080,2023-06-02 22:17:00,63.0
2081,2023-06-02 22:16:00,65.0
2082,2023-06-02 22:15:00,60.0
2083,2023-06-02 22:14:00,57.0
2084,2023-06-02 22:13:00,59.0
2085,2023-06-02 21:59:00,74.0
2086,2023-06-02 21:58:00,66.0
2087,2023-06-02 21:57:00,69.0
2088,2023-06-02 21:56:00,68.0
2089,2023-06-02 21:55:00,68.0
2090,2023-06-02 21:54:00,66.0
2091,2023-06-02 21:53:00,66.0
2092,2023-06-02 21:52:00,63.0
2093,2023-06-02 21:51:00,60.0
2094,2023-06-02 21:50:00,65.0
2095,2023-06-02 21:49:00,65.0
2096,2023-06-02 21:48:00,64.0
2097,2023-06-02 21:47:00,63.0
2098,2023-06-02 21:46:00,62.0
2099,2023-06-02 21:45:00,64.0
2100,2023-06-02 21:44:00,83.0
2101,2023-06-02 21:43:00,87.0
2102,2023-06-02 21:42:00,91.0
2103,2023-06-02 21:41:00,91.0
2104,2023-06-02 21:40:00,91.0
2105,2023-06-02 21:39:00,91.0
2106,2023-06-02 21:38:00,91.0
2107,2023-06-02 21:37:00,93.0
2108,2023-06-02 21:36:00,83.0
2109,2023-06-02 21:35:00,82.0
2110,2023-06-02 21:34:00,90.0
2111,2023-06-02 21:33:00,90.0
2112,2023-06-02 21:32:00,98.0
2113,2023-06-02 21:31:00,85.0
2114,2023-06-02 21:30:00,89.0
2115,2023-06-02 21:29:00,82.0
2116,2023-06-02 21:28:00,82.0
2117,2023-06-02 21:27:00,88.0
2118,2023-06-02 21:26:00,81.0
2119,2023-06-02 21:25:00,86.0
2120,2023-06-02 21:24:00,90.0
2121,2023-06-02 21:23:00,88.0
2122,2023-06-02 21:22:00,79.0
2123,2023-06-02 21:21:00,85.0
2124,2023-06-02 21:20:00,88.0
2125,2023-06-02 21:19:00,95.0
2126,2023-06-02 21:18:00,96.0
2127,2023-06-02 21:17:00,90.0
2128,2023-06-02 21:16:00,91.0
2129,2023-06-02 21:15:00,85.0
2130,2023-06-02 21:14:00,85.0
2131,2023-06-02 21:13:00,82.0
2132,2023-06-02 21:12:00,76.0
2133,2023-06-02 21:11:00,87.0
2134,2023-06-02 21:10:00,94.0
2135,2023-06-02 21:09:00,79.0
2136,2023-06-02 21:08:00,93.0
2137,2023-06-02 21:07:00,98.0
2138,2023-06-02 21:06:00,90.0
2139,2023-06-02 21:05:00,90.0
2140,2023-06-02 21:04:00,86.0
2141,2023-06-02 21:03:00,77.0
2142,2023-06-02 21:02:00,77.0
2143,2023-06-02 21:01:00,78.0
2144,2023-06-02 21:00:00,81.0
2145,2023-06-02 20:59:00,93.0
2146,2023-06-02 20:58:00,93.0
2147,2023-06-02 20:57:00,96.0
2148,2023-06-02 20:56:00,101.0
2149,2023-06-02 20:55:00,100.0
2150,2023-06-02 20:54:00,97.0
2151,2023-06-02 20:53:00,96.0
2152,2023-06-02 20:52:00,89.0
2153,2023-06-02 20:51:00,88.0
2154,2023-06-02 20:50:00,87.0
2155,2023-06-02 20:49:00,86.0
2156,2023-06-02 20:48:00,84.0
2157,2023-06-02 20:47:00,94.0
2158,2023-06-02 20:46:00,87.0
2159,2023-06-02 20:45:00,82.0
2160,2023-06-02 20:44:00,93.0
2161,2023-06-02 20:43:00,90.0
2162,2023-06-02 20:42:00,89.0
2163,2023-06-02 20:41:00,84.0
2164,2023-06-02 20:40:00,80.0
2165,2023-06-02 20:39:00,82.0
2166,2023-06-02 20:38:00,86.0
2167,2023-06-02 20:37:00,87.0
2168,2023-06-02 20:36:00,89.0
2169,2023-06-02 20:35:00,92.0
2170,2023-06-02 20:34:00,95.0
2171,2023-06-02 20:33:00,94.0
2172,2023-06-02 20:32:00,97.0
2173,2023-06-02 20:31:00,94.0
2174,2023-06-02 20:30:00,89.0
2175,2023-06-02 20:29:00,101.0
2176,2023-06-02 20:28:00,99.0
2177,2023-06-02 20:27:00,99.0
2178,2023-06-02 20:26:00,98.0
2179,2023-06-02 20:25:00,97.0
2180,2023-06-02 20:24:00,95.0
2181,2023-06-02 20:23:00,87.0
2182,2023-06-02 20:22:00,87.0
2183,2023-06-02 20:21:00,88.0
2184,2023-06-02 20:20:00,89.0
2185,2023-06-02 20:19:00,89.0
2186,2023-06-02 20:18:00,90.0
2187,2023-06-02 20:17:00,93.0
2188,2023-06-02 20:16:00,91.0
2189,2023-06-02 20:15:00,88.0
2190,2023-06-02 20:14:00,69.0
2191,2023-06-02 20:13:00,82.0
2192,2023-06-02 20:12:00,78.0
2193,2023-06-02 20:11:00,79.0
2194,2023-06-02 20:10:00,88.0
2195,2023-06-02 20:09:00,91.0
2196,2023-06-02 20:08:00,79.0
2197,2023-06-02 20:07:00,91.0
2198,2023-06-02 20:06:00,91.0
2199,2023-06-02 20:05:00,82.0
2200,2023-06-02 20:04:00,88.0
2201,2023-06-02 20:03:00,101.0
2202,2023-06-02 20:02:00,97.0
2203,2023-06-02 20:01:00,94.0
2204,2023-06-02 20:00:00,98.0
2205,2023-06-02 19:59:00,73.0
2206,2023-06-02 19:58:00,60.0
2207,2023-06-02 19:57:00,60.0
2208,2023-06-02 19:56:00,59.0
2209,2023-06-02 19:55:00,61.0
2210,2023-06-02 19:54:00,59.0
2211,2023-06-02 19:53:00,65.0
2212,2023-06-02 19:52:00,64.0
2213,2023-06-02 19:51:00,76.0
2214,2023-06-02 19:50:00,93.0
2215,2023-06-02 19:49:00,92.0
2216,2023-06-02 19:48:00,86.0
2217,2023-06-02 19:47:00,94.0
2218,2023-06-02 19:46:00,92.0
2219,2023-06-02 19:45:00,64.0
2220,2023-06-02 19:34:00,68.0
2221,2023-06-02 19:33:00,65.0
2222,2023-06-02 19:32:00,67.0
2223,2023-06-02 19:31:00,66.0
2224,2023-06-02 19:30:00,69.0
2225,2023-06-02 19:29:00,67.0
2226,2023-06-02 19:28:00,67.0
2227,2023-06-02 19:27:00,68.0
2228,2023-06-02 19:26:00,73.0
2229,2023-06-02 19:25:00,82.0
2230,2023-06-02 19:24:00,65.0
2231,2023-06-02 19:23:00,69.0
2232,2023-06-02 19:22:00,66.0
2233,2023-06-02 19:21:00,66.0
2234,2023-06-02 19:20:00,66.0
2235,2023-06-02 19:19:00,83.0
2236,2023-06-02 19:18:00,85.0
2237,2023-06-02 19:17:00,85.0
2238,2023-06-02 19:16:00,88.0
2239,2023-06-02 19:15:00,91.0
2240,2023-06-02 19:14:00,84.0
2241,2023-06-02 19:13:00,85.0
2242,2023-06-02 19:12:00,73.0
2243,2023-06-02 19:11:00,71.0
2244,2023-06-02 19:10:00,71.0
2245,2023-06-02 19:09:00,69.0
2246,2023-06-02 19:08:00,68.0
2247,2023-06-02 19:07:00,69.0
2248,2023-06-02 19:06:00,68.0
2249,2023-06-02 19:05:00,67.0
2250,2023-06-02 19:04:00,65.0
2251,2023-06-02 19:03:00,82.0
2252,2023-06-02 19:02:00,99.0
2253,2023-06-02 19:01:00,105.0
2254,2023-06-02 19:00:00,88.0
2255,2023-06-02 18:59:00,91.0
2256,2023-06-02 18:58:00,92.0
2257,2023-06-02 18:57:00,86.0
2258,2023-06-02 18:56:00,85.0
2259,2023-06-02 18:55:00,86.0
2260,2023-06-02 18:54:00,86.0
2261,2023-06-02 18:53:00,85.0
2262,2023-06-02 18:52:00,87.0
2263,2023-06-02 18:51:00,89.0
2264,2023-06-02 18:50:00,86.0
2265,2023-06-02 18:49:00,72.0
2266,2023-06-02 18:48:00,77.0
2267,2023-06-02 18:47:00,72.0
2268,2023-06-02 18:46:00,73.0
2269,2023-06-02 18:45:00,78.0
2270,2023-06-02 18:44:00,77.0
2271,2023-06-02 18:43:00,70.0
2272,2023-06-02 18:42:00,69.0
2273,2023-06-02 18:41:00,73.0
2274,2023-06-02 18:40:00,71.0
2275,2023-06-02 18:39:00,73.0
2276,2023-06-02 18:38:00,68.0
2277,2023-06-02 18:37:00,69.0
2278,2023-06-02 18:36:00,70.0
2279,2023-06-02 18:35:00,67.0
2280,2023-06-02 18:34:00,74.0
2281,2023-06-02 18:33:00,73.0
2282,2023-06-02 18:32:00,69.0
2283,2023-06-02 18:31:00,70.0
2284,2023-06-02 18:30:00,72.0
2285,2023-06-02 18:29:00,70.0
2286,2023-06-02 18:28:00,68.0
2287,2023-06-02 18:27:00,70.0
2288,2023-06-02 18:26:00,75.0
2289,2023-06-02 18:25:00,75.0
2290,2023-06-02 18:24:00,71.0
2291,2023-06-02 18:23:00,77.0
2292,2023-06-02 18:22:00,74.0
2293,2023-06-02 18:21:00,74.0
2294,2023-06-02 18:20:00,69.0
2295,2023-06-02 18:19:00,58.0
2296,2023-06-02 18:18:00,67.0
2297,2023-06-02 18:17:00,78.0
2298,2023-06-02 18:16:00,83.0
2299,2023-06-02 18:15:00,74.0
2300,2023-06-02 18:14:00,70.0
2301,2023-06-02 18:13:00,71.0
2302,2023-06-02 18:12:00,69.0
2303,2023-06-02 18:11:00,67.0
2304,2023-06-02 18:10:00,65.0
2305,2023-06-02 18:09:00,48.0
2306,2023-06-02 18:08:00,51.0
2307,2023-06-02 18:07:00,59.0
2308,2023-06-02 18:06:00,69.0
2309,2023-06-02 18:05:00,69.0
2310,2023-06-02 18:04:00,63.0
2311,2023-06-02 18:03:00,61.0
2312,2023-06-02 18:02:00,78.0
2313,2023-06-02 18:01:00,61.0
2314,2023-06-02 18:00:00,57.0
2315,2023-06-02 17:59:00,62.0
2316,2023-06-02 17:58:00,57.0
2317,2023-06-02 17:57:00,57.0
2318,2023-06-02 17:56:00,57.0
2319,2023-06-02 17:55:00,58.0
2320,2023-06-02 17:54:00,56.0
2321,2023-06-02 17:53:00,58.0
2322,2023-06-02 17:52:00,58.0
2323,2023-06-02 17:51:00,61.0
2324,2023-06-02 17:50:00,60.0
2325,2023-06-02 17:49:00,74.0
2326,2023-06-02 17:48:00,73.0
2327,2023-06-02 17:47:00,61.0
2328,2023-06-02 17:46:00,65.0
2329,2023-06-02 17:45:00,66.0
2330,2023-06-02 17:44:00,59.0
2331,2023-06-02 17:43:00,59.0
2332,2023-06-02 17:42:00,58.0
2333,2023-06-02 17:41:00,59.0
2334,2023-06-02 17:40:00,70.0
2335,2023-06-02 17:39:00,84.0
2336,2023-06-02 17:38:00,77.0
2337,2023-06-02 17:37:00,59.0
2338,2023-06-02 17:36:00,60.0
2339,2023-06-02 17:35:00,60.0
2340,2023-06-02 17:17:00,88.0
2341,2023-06-02 17:16:00,88.0
2342,2023-06-02 17:15:00,87.0
2343,2023-06-02 17:14:00,83.0
2344,2023-06-02 17:13:00,75.0
2345,2023-06-02 17:12:00,66.0
2346,2023-06-02 17:11:00,68.0
2347,2023-06-02 17:10:00,65.0
2348,2023-06-02 17:09:00,63.0
2349,2023-06-02 17:08:00,62.0
2350,2023-06-02 17:07:00,61.0
2351,2023-06-02 17:06:00,62.0
2352,2023-06-02 17:05:00,62.0
2353,2023-06-02 17:04:00,63.0
2354,2023-06-02 17:03:00,64.0
2355,2023-06-02 17:02:00,78.0
2356,2023-06-02 17:01:00,82.0
2357,2023-06-02 17:00:00,89.0
2358,2023-06-02 16:59:00,94.0
2359,2023-06-02 16:58:00,88.0
2360,2023-06-02 16:57:00,83.0
2361,2023-06-02 16:56:00,85.0
2362,2023-06-02 16:55:00,86.0
2363,2023-06-02 16:54:00,90.0
2364,2023-06-02 16:53:00,89.0
2365,2023-06-02 16:52:00,82.0
2366,2023-06-02 16:51:00,85.0
2367,2023-06-02 16:50:00,91.0
2368,2023-06-02 16:49:00,89.0
2369,2023-06-02 16:48:00,86.0
2370,2023-06-02 16:47:00,91.0
2371,2023-06-02 16:46:00,87.0
2372,2023-06-02 16:45:00,87.0
2373,2023-06-02 16:44:00,91.0
2374,2023-06-02 16:43:00,96.0
2375,2023-06-02 16:42:00,86.0
2376,2023-06-02 16:41:00,80.0
2377,2023-06-02 16:40:00,77.0
2378,2023-06-02 16:39:00,79.0
2379,2023-06-02 16:38:00,77.0
2380,2023-06-02 16:37:00,98.0
2381,2023-06-02 16:36:00,97.0
2382,2023-06-02 16:35:00,105.0
2383,2023-06-02 16:34:00,108.0
2384,2023-06-02 16:33:00,80.0
2385,2023-06-02 16:32:00,73.0
2386,2023-06-02 16:31:00,72.0
2387,2023-06-02 16:30:00,73.0
2388,2023-06-02 16:29:00,75.0
2389,2023-06-02 16:28:00,76.0
2390,2023-06-02 16:27:00,73.0
2391,2023-06-02 16:26:00,74.0
2392,2023-06-02 16:25:00,75.0
2393,2023-06-02 16:24:00,74.0
2394,2023-06-02 16:23:00,74.0
2395,2023-06-02 16:22:00,75.0
2396,2023-06-02 16:21:00,75.0
2397,2023-06-02 16:20:00,81.0
2398,2023-06-02 16:19:00,88.0
2399,2023-06-02 16:18:00,90.0
2400,2023-06-02 16:17:00,80.0
2401,2023-06-02 16:16:00,84.0
2402,2023-06-02 16:15:00,85.0
2403,2023-06-02 16:14:00,85.0
2404,2023-06-02 16:13:00,84.0
2405,2023-06-02 16:12:00,74.0
2406,2023-06-02 16:11:00,70.0
2407,2023-06-02 16:10:00,71.0
2408,2023-06-02 16:09:00,75.0
2409,2023-06-02 16:08:00,73.0
2410,2023-06-02 16:07:00,72.0
2411,2023-06-02 16:06:00,72.0
2412,2023-06-02 16:05:00,74.0
2413,2023-06-02 16:04:00,75.0
2414,2023-06-02 16:03:00,75.0
2415,2023-06-02 16:02:00,95.0
2416,2023-06-02 16:01:00,86.0
2417,2023-06-02 16:00:00,89.0
2418,2023-06-02 15:59:00,73.0
2419,2023-06-02 15:58:00,74.0
2420,2023-06-02 15:57:00,75.0
2421,2023-06-02 15:56:00,76.0
2422,2023-06-02 15:55:00,76.0
2423,2023-06-02 15:54:00,76.0
2424,2023-06-02 15:53:00,75.0
2425,2023-06-02 15:52:00,76.0
2426,2023-06-02 15:51:00,74.0
2427,2023-06-02 15:50:00,73.0
2428,2023-06-02 15:49:00,78.0
2429,2023-06-02 15:48:00,82.0
2430,2023-06-02 15:47:00,84.0
2431,2023-06-02 15:46:00,85.0
2432,2023-06-02 15:45:00,79.0
2433,2023-06-02 15:44:00,77.0
2434,2023-06-02 15:43:00,77.0
2435,2023-06-02 15:42:00,76.0
2436,2023-06-02 15:41:00,84.0
2437,2023-06-02 15:40:00,85.0
2438,2023-06-02 15:39:00,82.0
2439,2023-06-02 15:38:00,77.0
2440,2023-06-02 15:37:00,80.0
2441,2023-06-02 15:36:00,82.0
2442,2023-06-02 15:35:00,83.0
2443,2023-06-02 15:34:00,86.0
2444,2023-06-02 15:33:00,85.0
2445,2023-06-02 15:32:00,75.0
2446,2023-06-02 15:31:00,74.0
2447,2023-06-02 15:30:00,75.0
2448,2023-06-02 15:29:00,78.0
2449,2023-06-02 15:28:00,77.0
2450,2023-06-02 15:27:00,81.0
2451,2023-06-02 15:26:00,83.0
2452,2023-06-02 15:25:00,88.0
2453,2023-06-02 15:24:00,85.0
2454,2023-06-02 15:23:00,86.0
2455,2023-06-02 15:22:00,85.0
2456,2023-06-02 15:21:00,82.0
2457,2023-06-02 15:20:00,79.0
2458,2023-06-02 15:19:00,85.0
2459,2023-06-02 15:18:00,83.0
2460,2023-06-02 15:17:00,75.0
2461,2023-06-02 15:16:00,75.0
2462,2023-06-02 15:15:00,74.0
2463,2023-06-02 15:14:00,84.0
2464,2023-06-02 15:13:00,77.0
2465,2023-06-02 15:12:00,80.0
2466,2023-06-02 15:11:00,76.0
2467,2023-06-02 15:10:00,76.0
2468,2023-06-02 15:09:00,77.0
2469,2023-06-02 15:08:00,77.0
2470,2023-06-02 15:07:00,81.0
2471,2023-06-02 15:06:00,95.0
2472,2023-06-02 15:05:00,91.0
2473,2023-06-02 15:04:00,80.0
2474,2023-06-02 15:03:00,75.0
2475,2023-06-02 15:02:00,70.0
2476,2023-06-02 15:01:00,71.0
2477,2023-06-02 15:00:00,76.0
2478,2023-06-02 14:59:00,85.0
2479,2023-06-02 14:58:00,86.0
2480,2023-06-02 14:57:00,82.0
2481,2023-06-02 14:56:00,78.0
2482,2023-06-02 14:55:00,77.0
2483,2023-06-02 14:54:00,78.0
2484,2023-06-02 14:53:00,84.0
2485,2023-06-02 14:52:00,86.0
2486,2023-06-02 14:51:00,79.0
2487,2023-06-02 14:50:00,77.0
2488,2023-06-02 14:49:00,76.0
2489,2023-06-02 14:48:00,75.0
2490,2023-06-02 14:47:00,72.0
2491,2023-06-02 14:46:00,71.0
2492,2023-06-02 14:45:00,72.0
2493,2023-06-02 14:44:00,77.0
2494,2023-06-02 14:43:00,71.0
2495,2023-06-02 14:42:00,71.0
2496,2023-06-02 14:41:00,72.0
2497,2023-06-02 14:40:00,73.0
2498,2023-06-02 14:39:00,72.0
2499,2023-06-02 14:38:00,74.0
2500,2023-06-02 14:37:00,75.0
2501,2023-06-02 14:36:00,75.0
2502,2023-06-02 14:35:00,74.0
2503,2023-06-02 14:34:00,73.0
2504,2023-06-02 14:33:00,70.0
2505,2023-06-02 14:32:00,72.0
2506,2023-06-02 14:31:00,73.0
2507,2023-06-02 14:30:00,70.0
2508,2023-06-02 14:29:00,73.0
2509,2023-06-02 14:28:00,76.0
2510,2023-06-02 14:27:00,75.0
2511,2023-06-02 14:26:00,76.0
2512,2023-06-02 14:25:00,74.0
2513,2023-06-02 14:24:00,75.0
2514,2023-06-02 14:23:00,74.0
2515,2023-06-02 14:22:00,76.0
2516,2023-06-02 14:21:00,71.0
2517,2023-06-02 14:20:00,71.0
2518,2023-06-02 14:19:00,71.0
2519,2023-06-02 14:18:00,71.0
2520,2023-06-02 14:17:00,72.0
2521,2023-06-02 14:16:00,73.0
2522,2023-06-02 14:15:00,73.0
2523,2023-06-02 14:14:00,72.0
2524,2023-06-02 14:13:00,77.0
2525,2023-06-02 14:12:00,74.0
2526,2023-06-02 14:11:00,72.0
2527,2023-06-02 14:10:00,70.0
2528,2023-06-02 14:09:00,70.0
2529,2023-06-02 14:08:00,71.0
2530,2023-06-02 14:07:00,91.0
2531,2023-06-02 14:06:00,92.0
2532,2023-06-02 14:05:00,76.0
2533,2023-06-02 14:04:00,78.0
2534,2023-06-02 14:03:00,76.0
2535,2023-06-02 14:02:00,58.0
2536,2023-06-02 14:01:00,57.0
2537,2023-06-02 14:00:00,59.0
2538,2023-06-02 13:59:00,57.0
2539,2023-06-02 13:58:00,60.0
2540,2023-06-02 13:57:00,58.0
2541,2023-06-02 13:56:00,57.0
2542,2023-06-02 13:55:00,58.0
2543,2023-06-02 13:54:00,59.0
2544,2023-06-02 13:53:00,99.0
2545,2023-06-02 13:52:00,99.0
2546,2023-06-02 13:51:00,85.0
2547,2023-06-02 13:50:00,89.0
2548,2023-06-02 13:49:00,89.0
2549,2023-06-02 13:48:00,74.0
2550,2023-06-02 13:47:00,63.0
2551,2023-06-02 13:46:00,62.0
2552,2023-06-02 13:45:00,62.0
2553,2023-06-02 13:44:00,61.0
2554,2023-06-02 13:43:00,61.0
2555,2023-06-02 13:42:00,61.0
2556,2023-06-02 13:41:00,61.0
2557,2023-06-02 13:40:00,61.0
2558,2023-06-02 13:39:00,60.0
2559,2023-06-02 13:38:00,60.0
2560,2023-06-02 13:37:00,59.0
2561,2023-06-02 13:36:00,59.0
2562,2023-06-02 13:35:00,59.0
2563,2023-06-02 13:34:00,69.0
2564,2023-06-02 13:33:00,60.0
2565,2023-06-02 13:26:00,76.0
2566,2023-06-02 13:25:00,83.0
2567,2023-06-02 13:24:00,84.0
2568,2023-06-02 13:23:00,84.0
2569,2023-06-02 13:22:00,71.0
2570,2023-06-02 13:21:00,69.0
2571,2023-06-02 13:20:00,71.0
2572,2023-06-02 13:19:00,73.0
2573,2023-06-02 13:18:00,74.0
2574,2023-06-02 13:17:00,72.0
2575,2023-06-02 13:16:00,69.0
2576,2023-06-02 13:15:00,68.0
2577,2023-06-02 13:14:00,67.0
2578,2023-06-02 13:13:00,66.0
2579,2023-06-02 13:12:00,65.0
2580,2023-06-02 13:11:00,81.0
2581,2023-06-02 13:10:00,81.0
2582,2023-06-02 13:09:00,77.0
2583,2023-06-02 13:08:00,78.0
2584,2023-06-02 13:07:00,82.0
2585,2023-06-02 13:06:00,76.0
2586,2023-06-02 13:05:00,80.0
2587,2023-06-02 13:04:00,80.0
2588,2023-06-02 13:03:00,76.0
2589,2023-06-02 13:02:00,79.0
2590,2023-06-02 13:01:00,74.0
2591,2023-06-02 13:00:00,76.0
2592,2023-06-02 12:59:00,75.0
2593,2023-06-02 12:58:00,76.0
2594,2023-06-02 12:57:00,75.0
2595,2023-06-02 12:56:00,83.0
2596,2023-06-02 12:55:00,83.0
2597,2023-06-02 12:54:00,90.0
2598,2023-06-02 12:53:00,83.0
2599,2023-06-02 12:52:00,82.0
2600,2023-06-02 12:51:00,84.0
2601,2023-06-02 12:50:00,84.0
2602,2023-06-02 12:49:00,81.0
2603,2023-06-02 12:48:00,79.0
2604,2023-06-02 12:47:00,80.0
2605,2023-06-02 12:46:00,81.0
2606,2023-06-02 12:45:00,80.0
2607,2023-06-02 12:44:00,79.0
2608,2023-06-02 12:43:00,81.0
2609,2023-06-02 12:42:00,82.0
2610,2023-06-02 12:41:00,87.0
2611,2023-06-02 12:40:00,80.0
2612,2023-06-02 12:39:00,84.0
2613,2023-06-02 12:38:00,95.0
2614,2023-06-02 12:37:00,101.0
2615,2023-06-02 12:36:00,95.0
2616,2023-06-02 12:35:00,84.0
2617,2023-06-02 12:34:00,81.0
2618,2023-06-02 12:33:00,87.0
2619,2023-06-02 12:32:00,84.0
2620,2023-06-02 12:31:00,87.0
2621,2023-06-02 12:30:00,83.0
2622,2023-06-02 12:29:00,88.0
2623,2023-06-02 12:28:00,88.0
2624,2023-06-02 12:27:00,86.0
2625,2023-06-02 12:26:00,88.0
2626,2023-06-02 12:25:00,84.0
2627,2023-06-02 12:24:00,82.0
2628,2023-06-02 12:23:00,82.0
2629,2023-06-02 12:22:00,86.0
2630,2023-06-02 12:21:00,86.0
2631,2023-06-02 12:20:00,87.0
2632,2023-06-02 12:19:00,85.0
2633,2023-06-02 12:18:00,83.0
2634,2023-06-02 12:17:00,87.0
2635,2023-06-02 12:16:00,87.0
2636,2023-06-02 12:15:00,93.0
2637,2023-06-02 12:14:00,101.0
2638,2023-06-02 12:13:00,101.0
2639,2023-06-02 12:12:00,97.0
2640,2023-06-02 12:11:00,75.0
2641,2023-06-02 12:10:00,75.0
2642,2023-06-02 12:09:00,80.0
2643,2023-06-02 12:08:00,78.0
2644,2023-06-02 12:07:00,84.0
2645,2023-06-02 12:06:00,93.0
2646,2023-06-02 12:05:00,102.0
2647,2023-06-02 12:04:00,99.0
2648,2023-06-02 12:03:00,95.0
2649,2023-06-02 12:02:00,89.0
2650,2023-06-02 12:01:00,79.0
2651,2023-06-02 12:00:00,83.0
2652,2023-06-02 11:59:00,96.0
2653,2023-06-02 11:58:00,103.0
2654,2023-06-02 11:57:00,94.0
2655,2023-06-02 11:56:00,78.0
2656,2023-06-02 11:55:00,76.0
2657,2023-06-02 11:54:00,73.0
2658,2023-06-02 11:53:00,72.0
2659,2023-06-02 11:52:00,76.0
2660,2023-06-02 11:51:00,79.0
2661,2023-06-02 11:50:00,78.0
2662,2023-06-02 11:49:00,79.0
2663,2023-06-02 11:48:00,76.0
2664,2023-06-02 11:47:00,76.0
2665,2023-06-02 11:46:00,79.0
2666,2023-06-02 11:45:00,80.0
2667,2023-06-02 11:44:00,77.0
2668,2023-06-02 11:43:00,79.0
2669,2023-06-02 11:42:00,75.0
2670,2023-06-02 11:41:00,81.0
2671,2023-06-02 11:40:00,80.0
2672,2023-06-02 11:39:00,80.0
2673,2023-06-02 11:38:00,77.0
2674,2023-06-02 11:37:00,78.0
2675,2023-06-02 11:36:00,81.0
2676,2023-06-02 11:35:00,80.0
2677,2023-06-02 11:34:00,81.0
2678,2023-06-02 11:33:00,83.0
2679,2023-06-02 11:32:00,80.0
2680,2023-06-02 11:31:00,76.0
2681,2023-06-02 11:30:00,78.0
2682,2023-06-02 11:29:00,77.0
2683,2023-06-02 11:28:00,74.0
2684,2023-06-02 11:27:00,80.0
2685,2023-06-02 11:26:00,84.0
2686,2023-06-02 11:25:00,84.0
2687,2023-06-02 11:24:00,81.0
2688,2023-06-02 11:23:00,82.0
2689,2023-06-02 11:22:00,82.0
2690,2023-06-02 11:21:00,80.0
2691,2023-06-02 11:20:00,80.0
2692,2023-06-02 11:19:00,85.0
2693,2023-06-02 11:18:00,83.0
2694,2023-06-02 11:17:00,82.0
2695,2023-06-02 11:16:00,80.0
2696,2023-06-02 11:15:00,82.0
2697,2023-06-02 11:14:00,81.0
2698,2023-06-02 11:13:00,80.0
2699,2023-06-02 11:12:00,83.0
2700,2023-06-02 11:11:00,78.0
2701,2023-06-02 11:10:00,78.0
2702,2023-06-02 11:09:00,77.0
2703,2023-06-02 11:08:00,81.0
2704,2023-06-02 11:07:00,88.0
2705,2023-06-02 11:06:00,93.0
2706,2023-06-02 11:05:00,91.0
2707,2023-06-02 11:04:00,90.0
2708,2023-06-02 11:03:00,92.0
2709,2023-06-02 11:02:00,91.0
2710,2023-06-02 11:01:00,103.0
2711,2023-06-02 11:00:00,85.0
2712,2023-06-02 10:59:00,83.0
2713,2023-06-02 10:58:00,81.0
2714,2023-06-02 10:57:00,81.0
2715,2023-06-02 10:56:00,88.0
2716,2023-06-02 10:55:00,85.0
2717,2023-06-02 10:54:00,82.0
2718,2023-06-02 10:53:00,77.0
2719,2023-06-02 10:52:00,78.0
2720,2023-06-02 10:51:00,80.0
2721,2023-06-02 10:50:00,77.0
2722,2023-06-02 10:49:00,76.0
2723,2023-06-02 10:48:00,77.0
2724,2023-06-02 10:47:00,76.0
2725,2023-06-02 10:46:00,77.0
2726,2023-06-02 10:45:00,85.0
2727,2023-06-02 10:44:00,84.0
2728,2023-06-02 10:43:00,81.0
2729,2023-06-02 10:42:00,79.0
2730,2023-06-02 10:41:00,87.0
2731,2023-06-02 10:40:00,89.0
2732,2023-06-02 10:39:00,85.0
2733,2023-06-02 10:38:00,81.0
2734,2023-06-02 10:37:00,78.0
2735,2023-06-02 10:36:00,88.0
2736,2023-06-02 10:35:00,88.0
2737,2023-06-02 10:34:00,86.0
2738,2023-06-02 10:33:00,85.0
2739,2023-06-02 10:32:00,84.0
2740,2023-06-02 10:31:00,81.0
2741,2023-06-02 10:30:00,82.0
2742,2023-06-02 10:29:00,87.0
2743,2023-06-02 10:28:00,94.0
2744,2023-06-02 10:27:00,92.0
2745,2023-06-02 10:26:00,96.0
2746,2023-06-02 10:25:00,100.0
2747,2023-06-02 10:24:00,98.0
2748,2023-06-02 10:23:00,93.0
2749,2023-06-02 10:22:00,88.0
2750,2023-06-02 10:21:00,87.0
2751,2023-06-02 10:20:00,86.0
2752,2023-06-02 10:19:00,88.0
2753,2023-06-02 10:18:00,91.0
2754,2023-06-02 10:17:00,89.0
2755,2023-06-02 10:16:00,88.0
2756,2023-06-02 10:15:00,83.0
2757,2023-06-02 10:14:00,86.0
2758,2023-06-02 10:13:00,77.0
2759,2023-06-02 10:12:00,78.0
2760,2023-06-02 10:11:00,90.0
2761,2023-06-02 10:10:00,83.0
2762,2023-06-02 10:09:00,87.0
2763,2023-06-02 10:08:00,94.0
2764,2023-06-02 10:07:00,97.0
2765,2023-06-02 10:06:00,95.0
2766,2023-06-02 10:05:00,93.0
2767,2023-06-02 10:04:00,96.0
2768,2023-06-02 10:03:00,93.0
2769,2023-06-02 10:02:00,92.0
2770,2023-06-02 10:01:00,97.0
2771,2023-06-02 10:00:00,99.0
2772,2023-06-02 09:59:00,95.0
2773,2023-06-02 09:58:00,96.0
2774,2023-06-02 09:57:00,95.0
2775,2023-06-02 09:56:00,93.0
2776,2023-06-02 09:55:00,97.0
2777,2023-06-02 09:54:00,93.0
2778,2023-06-02 09:53:00,98.0
2779,2023-06-02 09:52:00,113.0
2780,2023-06-02 09:51:00,105.0
2781,2023-06-02 09:50:00,100.0
2782,2023-06-02 09:49:00,97.0
2783,2023-06-02 09:48:00,95.0
2784,2023-06-02 09:47:00,95.0
2785,2023-06-02 09:46:00,94.0
2786,2023-06-02 09:45:00,94.0
2787,2023-06-02 09:44:00,91.0
2788,2023-06-02 09:43:00,92.0
2789,2023-06-02 09:42:00,91.0
2790,2023-06-02 09:41:00,90.0
2791,2023-06-02 09:40:00,89.0
2792,2023-06-02 09:39:00,89.0
2793,2023-06-02 09:38:00,89.0
2794,2023-06-02 09:37:00,88.0
2795,2023-06-02 09:36:00,87.0
2796,2023-06-02 09:35:00,86.0
2797,2023-06-02 09:34:00,97.0
2798,2023-06-02 09:33:00,91.0
2799,2023-06-02 09:32:00,91.0
2800,2023-06-02 09:31:00,94.0
2801,2023-06-02 09:30:00,96.0
2802,2023-06-02 09:29:00,98.0
2803,2023-06-02 09:28:00,102.0
2804,2023-06-02 09:27:00,96.0
2805,2023-06-02 09:26:00,90.0
2806,2023-06-02 09:25:00,88.0
2807,2023-06-02 09:24:00,85.0
2808,2023-06-02 09:23:00,84.0
2809,2023-06-02 09:22:00,86.0
2810,2023-06-02 09:21:00,86.0
2811,2023-06-02 09:20:00,89.0
2812,2023-06-02 09:19:00,88.0
2813,2023-06-02 09:18:00,89.0
2814,2023-06-02 09:17:00,88.0
2815,2023-06-02 09:16:00,89.0
2816,2023-06-02 09:15:00,86.0
2817,2023-06-02 09:14:00,87.0
2818,2023-06-02 09:13:00,88.0
2819,2023-06-02 09:12:00,86.0
2820,2023-06-02 09:11:00,97.0
2821,2023-06-02 09:10:00,95.0
2822,2023-06-02 09:09:00,93.0
2823,2023-06-02 09:08:00,95.0
2824,2023-06-02 09:07:00,95.0
2825,2023-06-02 09:06:00,91.0
2826,2023-06-02 09:05:00,91.0
2827,2023-06-02 09:04:00,91.0
2828,2023-06-02 09:03:00,92.0
2829,2023-06-02 09:02:00,90.0
2830,2023-06-02 09:01:00,91.0
2831,2023-06-02 09:00:00,94.0
2832,2023-06-02 08:59:00,94.0
2833,2023-06-02 08:58:00,89.0
2834,2023-06-02 08:57:00,89.0
2835,2023-06-02 08:56:00,84.0
2836,2023-06-02 08:55:00,85.0
2837,2023-06-02 08:54:00,90.0
2838,2023-06-02 08:53:00,99.0
2839,2023-06-02 08:52:00,99.0
2840,2023-06-02 08:51:00,96.0
2841,2023-06-02 08:50:00,92.0
2842,2023-06-02 08:49:00,94.0
2843,2023-06-02 08:48:00,94.0
2844,2023-06-02 08:47:00,96.0
2845,2023-06-02 08:46:00,98.0
2846,2023-06-02 08:45:00,100.0
2847,2023-06-02 08:44:00,101.0
2848,2023-06-02 08:43:00,105.0
2849,2023-06-02 08:42:00,103.0
2850,2023-06-02 08:41:00,103.0
2851,2023-06-02 08:40:00,101.0
2852,2023-06-02 08:39:00,98.0
2853,2023-06-02 08:38:00,96.0
2854,2023-06-02 08:37:00,98.0
2855,2023-06-02 08:36:00,99.0
2856,2023-06-02 08:35:00,106.0
2857,2023-06-02 08:34:00,108.0
2858,2023-06-02 08:33:00,86.0
2859,2023-06-02 08:32:00,84.0
2860,2023-06-02 08:31:00,86.0
2861,2023-06-02 08:30:00,88.0
2862,2023-06-02 08:29:00,83.0
2863,2023-06-02 08:28:00,83.0
2864,2023-06-02 08:27:00,87.0
2865,2023-06-02 08:26:00,92.0
2866,2023-06-02 08:25:00,91.0
2867,2023-06-02 08:24:00,86.0
2868,2023-06-02 08:23:00,83.0
2869,2023-06-02 08:22:00,87.0
2870,2023-06-02 08:21:00,88.0
2871,2023-06-02 08:20:00,90.0
2872,2023-06-02 08:19:00,90.0
2873,2023-06-02 08:18:00,91.0
2874,2023-06-02 08:17:00,90.0
2875,2023-06-02 08:16:00,92.0
2876,2023-06-02 08:15:00,92.0
2877,2023-06-02 08:14:00,102.0
2878,2023-06-02 08:13:00,107.0
2879,2023-06-02 08:12:00,115.0
2880,2023-06-02 07:44:00,137.0
2881,2023-06-02 07:43:00,152.0
2882,2023-06-02 07:42:00,151.0
2883,2023-06-02 07:41:00,140.0
2884,2023-06-02 07:40:00,155.0
2885,2023-06-02 07:39:00,162.0
2886,2023-06-02 07:38:00,149.0
2887,2023-06-02 07:37:00,136.0
2888,2023-06-02 07:36:00,129.0
2889,2023-06-02 07:35:00,121.0
2890,2023-06-02 07:34:00,119.0
2891,2023-06-02 07:33:00,130.0
2892,2023-06-02 07:32:00,135.0
2893,2023-06-02 07:31:00,119.0
2894,2023-06-02 07:30:00,110.0
2895,2023-06-02 07:29:00,127.0
2896,2023-06-02 07:28:00,136.0
2897,2023-06-02 07:27:00,146.0
2898,2023-06-02 07:26:00,151.0
2899,2023-06-02 07:25:00,163.0
2900,2023-06-02 07:24:00,167.0
2901,2023-06-02 07:23:00,167.0
2902,2023-06-02 07:22:00,169.0
2903,2023-06-02 07:21:00,170.0
2904,2023-06-02 07:20:00,170.0
2905,2023-06-02 07:19:00,149.0
2906,2023-06-02 07:18:00,133.0
2907,2023-06-02 07:17:00,131.0
2908,2023-06-02 07:16:00,140.0
2909,2023-06-02 07:15:00,137.0
2910,2023-06-02 07:14:00,150.0
2911,2023-06-02 07:13:00,161.0
2912,2023-06-02 07:12:00,153.0
2913,2023-06-02 07:11:00,157.0
2914,2023-06-02 07:10:00,164.0
2915,2023-06-02 07:09:00,169.0
2916,2023-06-02 07:08:00,173.0
2917,2023-06-02 07:07:00,162.0
2918,2023-06-02 07:06:00,154.0
2919,2023-06-02 07:05:00,165.0
2920,2023-06-02 07:04:00,170.0
2921,2023-06-02 07:03:00,171.0
2922,2023-06-02 07:02:00,168.0
2923,2023-06-02 07:01:00,157.0
2924,2023-06-02 07:00:00,169.0
2925,2023-06-02 06:33:00,92.0
2926,2023-06-02 06:32:00,90.0
2927,2023-06-02 06:31:00,89.0
2928,2023-06-02 06:30:00,83.0
2929,2023-06-02 06:29:00,79.0
2930,2023-06-02 06:28:00,88.0
2931,2023-06-02 06:27:00,102.0
2932,2023-06-02 06:26:00,98.0
2933,2023-06-02 06:25:00,90.0
2934,2023-06-02 06:24:00,100.0
2935,2023-06-02 06:23:00,102.0
2936,2023-06-02 06:22:00,126.0
2937,2023-06-02 06:21:00,134.0
2938,2023-06-02 06:20:00,136.0
2939,2023-06-02 06:19:00,136.0
2940,2023-06-02 06:18:00,88.0
2941,2023-06-02 06:17:00,90.0
2942,2023-06-02 06:16:00,103.0
2943,2023-06-02 06:15:00,89.0
2944,2023-06-02 06:14:00,90.0
2945,2023-06-02 06:13:00,84.0
2946,2023-06-02 06:12:00,84.0
2947,2023-06-02 06:11:00,94.0
2948,2023-06-02 06:10:00,91.0
2949,2023-06-02 06:09:00,78.0
2950,2023-06-02 06:08:00,82.0
2951,2023-06-02 06:07:00,88.0
2952,2023-06-02 06:06:00,91.0
2953,2023-06-02 06:05:00,90.0
2954,2023-06-02 06:04:00,92.0
2955,2023-06-02 06:03:00,87.0
2956,2023-06-02 06:02:00,66.0
2957,2023-06-02 06:01:00,64.0
2958,2023-06-02 06:00:00,60.0
2959,2023-06-02 05:59:00,62.0
2960,2023-06-02 05:58:00,60.0
2961,2023-06-02 05:57:00,61.0
2962,2023-06-02 05:56:00,55.0
2963,2023-06-02 05:55:00,60.0
2964,2023-06-02 05:54:00,61.0
2965,2023-06-02 05:53:00,76.0
2966,2023-06-02 05:52:00,87.0
2967,2023-06-02 05:51:00,86.0
2968,2023-06-02 05:50:00,69.0
2969,2023-06-02 05:49:00,55.0
2970,2023-06-02 05:22:00,63.0
2971,2023-06-02 05:21:00,63.0
2972,2023-06-02 05:20:00,54.0
2973,2023-06-02 05:19:00,54.0
2974,2023-06-02 05:18:00,51.0
2975,2023-06-02 05:17:00,55.0
2976,2023-06-02 05:16:00,54.0
2977,2023-06-02 05:15:00,48.0
2978,2023-06-02 05:14:00,48.0
2979,2023-06-02 05:13:00,48.0
2980,2023-06-02 05:12:00,48.0
2981,2023-06-02 05:11:00,49.0
2982,2023-06-02 05:10:00,49.0
2983,2023-06-02 05:09:00,48.0
2984,2023-06-02 05:08:00,47.0
2985,2023-06-02 04:09:00,57.0
2986,2023-06-02 04:08:00,48.0
2987,2023-06-02 04:07:00,50.0
2988,2023-06-02 04:06:00,50.0
2989,2023-06-02 04:05:00,49.0
2990,2023-06-02 04:04:00,49.0
2991,2023-06-02 04:03:00,48.0
2992,2023-06-02 04:02:00,50.0
2993,2023-06-02 04:01:00,50.0
2994,2023-06-02 04:00:00,50.0
2995,2023-06-02 03:59:00,71.0
2996,2023-06-02 03:58:00,51.0
2997,2023-06-02 03:57:00,49.0
2998,2023-06-02 03:56:00,49.0
2999,2023-06-02 03:55:00,50.0
3000,2023-06-02 03:51:00,57.0
3001,2023-06-02 03:50:00,52.0
3002,2023-06-02 03:49:00,53.0
3003,2023-06-02 03:48:00,53.0
3004,2023-06-02 03:47:00,51.0
3005,2023-06-02 03:46:00,51.0
3006,2023-06-02 03:45:00,50.0
3007,2023-06-02 03:44:00,52.0
3008,2023-06-02 03:43:00,51.0
3009,2023-06-02 03:42:00,53.0
3010,2023-06-02 03:41:00,61.0
3011,2023-06-02 03:40:00,51.0
3012,2023-06-02 03:39:00,53.0
3013,2023-06-02 03:38:00,55.0
3014,2023-06-02 03:37:00,51.0
3015,2023-06-02 03:28:00,69.0
3016,2023-06-02 03:27:00,54.0
3017,2023-06-02 03:26:00,52.0
3018,2023-06-02 03:25:00,52.0
3019,2023-06-02 03:24:00,57.0
3020,2023-06-02 03:23:00,58.0
3021,2023-06-02 03:22:00,51.0
3022,2023-06-02 03:21:00,50.0
3023,2023-06-02 03:20:00,51.0
3024,2023-06-02 03:19:00,49.0
3025,2023-06-02 03:18:00,49.0
3026,2023-06-02 03:17:00,48.0
3027,2023-06-02 03:16:00,48.0
3028,2023-06-02 03:15:00,48.0
3029,2023-06-02 03:14:00,47.0
3030,2023-06-02 02:37:00,58.0
3031,2023-06-02 02:36:00,51.0
3032,2023-06-02 02:35:00,51.0
3033,2023-06-02 02:34:00,52.0
3034,2023-06-02 02:33:00,52.0
3035,2023-06-02 02:32:00,51.0
3036,2023-06-02 02:31:00,63.0
3037,2023-06-02 02:30:00,57.0
3038,2023-06-02 02:29:00,51.0
3039,2023-06-02 02:28:00,56.0
3040,2023-06-02 02:27:00,51.0
3041,2023-06-02 02:26:00,65.0
3042,2023-06-02 02:25:00,53.0
3043,2023-06-02 02:24:00,53.0
3044,2023-06-02 02:23:00,53.0
3045,2023-06-02 02:22:00,88.0
3046,2023-06-02 02:21:00,80.0
3047,2023-06-02 02:20:00,62.0
3048,2023-06-02 02:19:00,52.0
3049,2023-06-02 02:18:00,52.0
3050,2023-06-02 02:17:00,50.0
3051,2023-06-02 02:16:00,50.0
3052,2023-06-02 02:15:00,67.0
3053,2023-06-02 02:14:00,49.0
3054,2023-06-02 02:13:00,52.0
3055,2023-06-02 02:12:00,51.0
3056,2023-06-02 02:11:00,51.0
3057,2023-06-02 02:10:00,53.0
3058,2023-06-02 02:09:00,60.0
3059,2023-06-02 02:08:00,54.0
3060,2023-06-02 01:43:00,76.0
3061,2023-06-02 01:42:00,68.0
3062,2023-06-02 01:41:00,53.0
3063,2023-06-02 01:40:00,52.0
3064,2023-06-02 01:39:00,51.0
3065,2023-06-02 01:38:00,51.0
3066,2023-06-02 01:37:00,50.0
3067,2023-06-02 01:36:00,52.0
3068,2023-06-02 01:35:00,52.0
3069,2023-06-02 01:34:00,52.0
3070,2023-06-02 01:33:00,51.0
3071,2023-06-02 01:32:00,52.0
3072,2023-06-02 01:31:00,56.0
3073,2023-06-02 01:30:00,59.0
3074,2023-06-02 01:29:00,55.0
3075,2023-06-02 01:25:00,79.0
3076,2023-06-02 01:24:00,74.0
3077,2023-06-02 01:23:00,54.0
3078,2023-06-02 01:22:00,53.0
3079,2023-06-02 01:21:00,53.0
3080,2023-06-02 01:20:00,60.0
3081,2023-06-02 01:19:00,52.0
3082,2023-06-02 01:18:00,56.0
3083,2023-06-02 01:17:00,52.0
3084,2023-06-02 01:16:00,52.0
3085,2023-06-02 01:15:00,51.0
3086,2023-06-02 01:14:00,51.0
3087,2023-06-02 01:13:00,52.0
3088,2023-06-02 01:12:00,62.0
3089,2023-06-02 01:11:00,50.0
3090,2023-06-02 00:01:00,77.0
3091,2023-06-02 00:00:00,60.0
3092,2023-06-01 23:59:00,55.0
3093,2023-06-01 23:58:00,55.0
3094,2023-06-01 23:57:00,54.0
3095,2023-06-01 23:56:00,54.0
3096,2023-06-01 23:55:00,54.0
3097,2023-06-01 23:54:00,55.0
3098,2023-06-01 23:53:00,53.0
3099,2023-06-01 23:52:00,53.0
3100,2023-06-01 23:51:00,54.0
3101,2023-06-01 23:50:00,54.0
3102,2023-06-01 23:49:00,56.0
3103,2023-06-01 23:48:00,56.0
3104,2023-06-01 23:47:00,59.0
3105,2023-06-01 23:09:00,64.0
3106,2023-06-01 23:08:00,61.0
3107,2023-06-01 23:07:00,62.0
3108,2023-06-01 23:06:00,58.0
3109,2023-06-01 23:05:00,58.0
3110,2023-06-01 23:04:00,71.0
3111,2023-06-01 23:03:00,64.0
3112,2023-06-01 23:02:00,62.0
3113,2023-06-01 23:01:00,58.0
3114,2023-06-01 23:00:00,57.0
3115,2023-06-01 22:59:00,60.0
3116,2023-06-01 22:58:00,59.0
3117,2023-06-01 22:57:00,60.0
3118,2023-06-01 22:56:00,57.0
3119,2023-06-01 22:55:00,63.0
3120,2023-06-01 22:54:00,61.0
3121,2023-06-01 22:53:00,69.0
3122,2023-06-01 22:52:00,70.0
3123,2023-06-01 22:51:00,66.0
3124,2023-06-01 22:50:00,65.0
3125,2023-06-01 22:49:00,66.0
3126,2023-06-01 22:48:00,65.0
3127,2023-06-01 22:47:00,72.0
3128,2023-06-01 22:46:00,73.0
3129,2023-06-01 22:45:00,65.0
3130,2023-06-01 22:44:00,60.0
3131,2023-06-01 22:43:00,60.0
3132,2023-06-01 22:42:00,66.0
3133,2023-06-01 22:41:00,66.0
3134,2023-06-01 22:40:00,66.0
3135,2023-06-01 22:39:00,63.0
3136,2023-06-01 22:38:00,69.0
3137,2023-06-01 22:37:00,67.0
3138,2023-06-01 22:36:00,58.0
3139,2023-06-01 22:35:00,61.0
3140,2023-06-01 22:34:00,58.0
3141,2023-06-01 22:33:00,61.0
3142,2023-06-01 22:32:00,61.0
3143,2023-06-01 22:31:00,58.0
3144,2023-06-01 22:30:00,61.0
3145,2023-06-01 22:29:00,62.0
3146,2023-06-01 22:28:00,66.0
3147,2023-06-01 22:27:00,65.0
3148,2023-06-01 22:26:00,62.0
3149,2023-06-01 22:25:00,65.0
3150,2023-06-01 22:24:00,66.0
3151,2023-06-01 22:23:00,60.0
3152,2023-06-01 22:22:00,60.0
3153,2023-06-01 22:21:00,60.0
3154,2023-06-01 22:20:00,58.0
3155,2023-06-01 22:19:00,57.0
3156,2023-06-01 22:18:00,58.0
3157,2023-06-01 22:17:00,54.0
3158,2023-06-01 22:16:00,80.0
3159,2023-06-01 22:15:00,87.0
3160,2023-06-01 22:14:00,77.0
3161,2023-06-01 22:13:00,68.0
3162,2023-06-01 22:12:00,63.0
3163,2023-06-01 22:11:00,62.0
3164,2023-06-01 22:10:00,65.0
3165,2023-06-01 22:09:00,62.0
3166,2023-06-01 22:08:00,59.0
3167,2023-06-01 22:07:00,58.0
3168,2023-06-01 22:06:00,64.0
3169,2023-06-01 22:05:00,75.0
3170,2023-06-01 22:04:00,76.0
3171,2023-06-01 22:03:00,70.0
3172,2023-06-01 22:02:00,76.0
3173,2023-06-01 22:01:00,87.0
3174,2023-06-01 22:00:00,84.0
3175,2023-06-01 21:59:00,87.0
3176,2023-06-01 21:58:00,94.0
3177,2023-06-01 21:57:00,84.0
3178,2023-06-01 21:56:00,84.0
3179,2023-06-01 21:55:00,69.0
3180,2023-06-01 21:37:00,62.0
3181,2023-06-01 21:36:00,63.0
3182,2023-06-01 21:35:00,60.0
3183,2023-06-01 21:34:00,59.0
3184,2023-06-01 21:33:00,61.0
3185,2023-06-01 21:32:00,61.0
3186,2023-06-01 21:31:00,62.0
3187,2023-06-01 21:30:00,60.0
3188,2023-06-01 21:29:00,60.0
3189,2023-06-01 21:28:00,59.0
3190,2023-06-01 21:27:00,60.0
3191,2023-06-01 21:26:00,60.0
3192,2023-06-01 21:25:00,60.0
3193,2023-06-01 21:24:00,60.0
3194,2023-06-01 21:23:00,61.0
3195,2023-06-01 21:18:00,52.0
3196,2023-06-01 21:17:00,58.0
3197,2023-06-01 21:16:00,61.0
3198,2023-06-01 21:15:00,61.0
3199,2023-06-01 21:14:00,65.0
3200,2023-06-01 21:13:00,60.0
3201,2023-06-01 21:12:00,61.0
3202,2023-06-01 21:11:00,67.0
3203,2023-06-01 21:10:00,59.0
3204,2023-06-01 21:09:00,59.0
3205,2023-06-01 21:08:00,65.0
3206,2023-06-01 21:07:00,60.0
3207,2023-06-01 21:06:00,60.0
3208,2023-06-01 21:05:00,60.0
3209,2023-06-01 21:04:00,61.0
3210,2023-06-01 20:42:00,69.0
3211,2023-06-01 20:41:00,67.0
3212,2023-06-01 20:40:00,78.0
3213,2023-06-01 20:39:00,82.0
3214,2023-06-01 20:38:00,76.0
3215,2023-06-01 20:37:00,63.0
3216,2023-06-01 20:36:00,68.0
3217,2023-06-01 20:35:00,70.0
3218,2023-06-01 20:34:00,67.0
3219,2023-06-01 20:33:00,64.0
3220,2023-06-01 20:32:00,65.0
3221,2023-06-01 20:31:00,65.0
3222,2023-06-01 20:30:00,66.0
3223,2023-06-01 20:29:00,63.0
3224,2023-06-01 20:28:00,63.0
3225,2023-06-01 20:27:00,73.0
3226,2023-06-01 20:26:00,76.0
3227,2023-06-01 20:25:00,71.0
3228,2023-06-01 20:24:00,73.0
3229,2023-06-01 20:23:00,72.0
3230,2023-06-01 20:22:00,71.0
3231,2023-06-01 20:21:00,71.0
3232,2023-06-01 20:20:00,70.0
3233,2023-06-01 20:19:00,73.0
3234,2023-06-01 20:18:00,70.0
3235,2023-06-01 20:17:00,71.0
3236,2023-06-01 20:16:00,69.0
3237,2023-06-01 20:15:00,75.0
3238,2023-06-01 20:14:00,72.0
3239,2023-06-01 20:13:00,70.0
3240,2023-06-01 20:12:00,71.0
3241,2023-06-01 20:11:00,70.0
3242,2023-06-01 20:10:00,71.0
3243,2023-06-01 20:09:00,73.0
3244,2023-06-01 20:08:00,69.0
3245,2023-06-01 20:07:00,68.0
3246,2023-06-01 20:06:00,68.0
3247,2023-06-01 20:05:00,66.0
3248,2023-06-01 20:04:00,67.0
3249,2023-06-01 20:03:00,69.0
3250,2023-06-01 20:02:00,72.0
3251,2023-06-01 20:01:00,70.0
3252,2023-06-01 20:00:00,70.0
3253,2023-06-01 19:59:00,71.0
3254,2023-06-01 19:58:00,72.0
3255,2023-06-01 19:57:00,84.0
3256,2023-06-01 19:56:00,76.0
3257,2023-06-01 19:55:00,73.0
3258,2023-06-01 19:54:00,72.0
3259,2023-06-01 19:53:00,71.0
3260,2023-06-01 19:52:00,72.0
3261,2023-06-01 19:51:00,78.0
3262,2023-06-01 19:50:00,84.0
3263,2023-06-01 19:49:00,75.0
3264,2023-06-01 19:48:00,75.0
3265,2023-06-01 19:47:00,71.0
3266,2023-06-01 19:46:00,74.0
3267,2023-06-01 19:45:00,69.0
3268,2023-06-01 19:44:00,72.0
3269,2023-06-01 19:43:00,68.0
3270,2023-06-01 19:42:00,90.0
3271,2023-06-01 19:41:00,89.0
3272,2023-06-01 19:40:00,84.0
3273,2023-06-01 19:39:00,86.0
3274,2023-06-01 19:38:00,82.0
3275,2023-06-01 19:37:00,80.0
3276,2023-06-01 19:36:00,79.0
3277,2023-06-01 19:35:00,77.0
3278,2023-06-01 19:34:00,86.0
3279,2023-06-01 19:33:00,84.0
3280,2023-06-01 19:32:00,76.0
3281,2023-06-01 19:31:00,72.0
3282,2023-06-01 19:30:00,74.0
3283,2023-06-01 19:29:00,75.0
3284,2023-06-01 19:28:00,77.0
3285,2023-06-01 19:27:00,80.0
3286,2023-06-01 19:26:00,78.0
3287,2023-06-01 19:25:00,76.0
3288,2023-06-01 19:24:00,75.0
3289,2023-06-01 19:23:00,75.0
3290,2023-06-01 19:22:00,74.0
3291,2023-06-01 19:21:00,79.0
3292,2023-06-01 19:20:00,75.0
3293,2023-06-01 19:19:00,74.0
3294,2023-06-01 19:18:00,79.0
3295,2023-06-01 19:17:00,73.0
3296,2023-06-01 19:16:00,71.0
3297,2023-06-01 19:15:00,76.0
3298,2023-06-01 19:14:00,85.0
3299,2023-06-01 19:13:00,89.0
3300,2023-06-01 19:12:00,71.0
3301,2023-06-01 19:11:00,75.0
3302,2023-06-01 19:10:00,76.0
3303,2023-06-01 19:09:00,75.0
3304,2023-06-01 19:08:00,77.0
3305,2023-06-01 19:07:00,89.0
3306,2023-06-01 19:06:00,98.0
3307,2023-06-01 19:05:00,74.0
3308,2023-06-01 19:04:00,76.0
3309,2023-06-01 19:03:00,75.0
3310,2023-06-01 19:02:00,77.0
3311,2023-06-01 19:01:00,76.0
3312,2023-06-01 19:00:00,78.0
3313,2023-06-01 18:59:00,80.0
3314,2023-06-01 18:58:00,81.0
3315,2023-06-01 18:57:00,71.0
3316,2023-06-01 18:56:00,77.0
3317,2023-06-01 18:55:00,85.0
3318,2023-06-01 18:54:00,77.0
3319,2023-06-01 18:53:00,78.0
3320,2023-06-01 18:52:00,82.0
3321,2023-06-01 18:51:00,95.0
3322,2023-06-01 18:50:00,100.0
3323,2023-06-01 18:49:00,99.0
3324,2023-06-01 18:48:00,88.0
3325,2023-06-01 18:47:00,82.0
3326,2023-06-01 18:46:00,86.0
3327,2023-06-01 18:45:00,86.0
3328,2023-06-01 18:44:00,76.0
3329,2023-06-01 18:43:00,66.0
3330,2023-06-01 18:42:00,72.0
3331,2023-06-01 18:41:00,76.0
3332,2023-06-01 18:40:00,70.0
3333,2023-06-01 18:39:00,76.0
3334,2023-06-01 18:38:00,75.0
3335,2023-06-01 18:37:00,79.0
3336,2023-06-01 18:36:00,74.0
3337,2023-06-01 18:35:00,77.0
3338,2023-06-01 18:34:00,82.0
3339,2023-06-01 18:33:00,71.0
3340,2023-06-01 18:32:00,68.0
3341,2023-06-01 18:31:00,66.0
3342,2023-06-01 18:30:00,65.0
3343,2023-06-01 18:29:00,65.0
3344,2023-06-01 18:28:00,63.0
3345,2023-06-01 18:27:00,66.0
3346,2023-06-01 18:26:00,64.0
3347,2023-06-01 18:25:00,63.0
3348,2023-06-01 18:24:00,64.0
3349,2023-06-01 18:23:00,63.0
3350,2023-06-01 18:22:00,63.0
3351,2023-06-01 18:21:00,64.0
3352,2023-06-01 18:20:00,66.0
3353,2023-06-01 18:19:00,65.0
3354,2023-06-01 18:18:00,64.0
3355,2023-06-01 18:17:00,72.0
3356,2023-06-01 18:16:00,87.0
3357,2023-06-01 18:15:00,81.0
3358,2023-06-01 18:14:00,73.0
3359,2023-06-01 18:13:00,72.0
3360,2023-06-01 18:07:00,80.0
3361,2023-06-01 18:06:00,83.0
3362,2023-06-01 18:05:00,87.0
3363,2023-06-01 18:04:00,77.0
3364,2023-06-01 18:03:00,75.0
3365,2023-06-01 18:02:00,73.0
3366,2023-06-01 18:01:00,75.0
3367,2023-06-01 18:00:00,69.0
3368,2023-06-01 17:59:00,65.0
3369,2023-06-01 17:58:00,64.0
3370,2023-06-01 17:57:00,67.0
3371,2023-06-01 17:56:00,65.0
3372,2023-06-01 17:55:00,67.0
3373,2023-06-01 17:54:00,68.0
3374,2023-06-01 17:53:00,68.0
3375,2023-06-01 17:52:00,76.0
3376,2023-06-01 17:51:00,75.0
3377,2023-06-01 17:50:00,80.0
3378,2023-06-01 17:49:00,86.0
3379,2023-06-01 17:48:00,81.0
3380,2023-06-01 17:47:00,83.0
3381,2023-06-01 17:46:00,79.0
3382,2023-06-01 17:45:00,75.0
3383,2023-06-01 17:44:00,75.0
3384,2023-06-01 17:43:00,80.0
3385,2023-06-01 17:42:00,74.0
3386,2023-06-01 17:41:00,82.0
3387,2023-06-01 17:40:00,80.0
3388,2023-06-01 17:39:00,74.0
3389,2023-06-01 17:38:00,80.0
3390,2023-06-01 17:37:00,75.0
3391,2023-06-01 17:36:00,76.0
3392,2023-06-01 17:35:00,74.0
3393,2023-06-01 17:34:00,76.0
3394,2023-06-01 17:33:00,75.0
3395,2023-06-01 17:32:00,77.0
3396,2023-06-01 17:31:00,83.0
3397,2023-06-01 17:30:00,77.0
3398,2023-06-01 17:29:00,75.0
3399,2023-06-01 17:28:00,70.0
3400,2023-06-01 17:27:00,73.0
3401,2023-06-01 17:26:00,72.0
3402,2023-06-01 17:25:00,72.0
3403,2023-06-01 17:24:00,77.0
3404,2023-06-01 17:23:00,78.0
3405,2023-06-01 17:22:00,72.0
3406,2023-06-01 17:21:00,76.0
3407,2023-06-01 17:20:00,77.0
3408,2023-06-01 17:19:00,75.0
3409,2023-06-01 17:18:00,79.0
3410,2023-06-01 17:17:00,77.0
3411,2023-06-01 17:16:00,76.0
3412,2023-06-01 17:15:00,74.0
3413,2023-06-01 17:14:00,79.0
3414,2023-06-01 17:13:00,76.0
3415,2023-06-01 17:12:00,80.0
3416,2023-06-01 17:11:00,80.0
3417,2023-06-01 17:10:00,78.0
3418,2023-06-01 17:09:00,80.0
3419,2023-06-01 17:08:00,74.0
3420,2023-06-01 17:07:00,77.0
3421,2023-06-01 17:06:00,85.0
3422,2023-06-01 17:05:00,78.0
3423,2023-06-01 17:04:00,80.0
3424,2023-06-01 17:03:00,83.0
3425,2023-06-01 17:02:00,84.0
3426,2023-06-01 17:01:00,82.0
3427,2023-06-01 17:00:00,81.0
3428,2023-06-01 16:59:00,78.0
3429,2023-06-01 16:58:00,78.0
3430,2023-06-01 16:57:00,75.0
3431,2023-06-01 16:56:00,77.0
3432,2023-06-01 16:55:00,78.0
3433,2023-06-01 16:54:00,80.0
3434,2023-06-01 16:53:00,84.0
3435,2023-06-01 16:52:00,77.0
3436,2023-06-01 16:51:00,79.0
3437,2023-06-01 16:50:00,81.0
3438,2023-06-01 16:49:00,76.0
3439,2023-06-01 16:48:00,77.0
3440,2023-06-01 16:47:00,85.0
3441,2023-06-01 16:46:00,92.0
3442,2023-06-01 16:45:00,98.0
3443,2023-06-01 16:44:00,98.0
3444,2023-06-01 16:43:00,100.0
3445,2023-06-01 16:42:00,84.0
3446,2023-06-01 16:41:00,92.0
3447,2023-06-01 16:40:00,91.0
3448,2023-06-01 16:39:00,86.0
3449,2023-06-01 16:38:00,79.0
3450,2023-06-01 16:37:00,92.0
3451,2023-06-01 16:36:00,89.0
3452,2023-06-01 16:35:00,83.0
3453,2023-06-01 16:34:00,79.0
3454,2023-06-01 16:33:00,81.0
3455,2023-06-01 16:32:00,80.0
3456,2023-06-01 16:31:00,84.0
3457,2023-06-01 16:30:00,81.0
3458,2023-06-01 16:29:00,86.0
3459,2023-06-01 16:28:00,82.0
3460,2023-06-01 16:27:00,81.0
3461,2023-06-01 16:26:00,80.0
3462,2023-06-01 16:25:00,80.0
3463,2023-06-01 16:24:00,82.0
3464,2023-06-01 16:23:00,80.0
3465,2023-06-01 16:22:00,88.0
3466,2023-06-01 16:21:00,92.0
3467,2023-06-01 16:20:00,92.0
3468,2023-06-01 16:19:00,94.0
3469,2023-06-01 16:18:00,94.0
3470,2023-06-01 16:17:00,90.0
3471,2023-06-01 16:16:00,92.0
3472,2023-06-01 16:15:00,87.0
3473,2023-06-01 16:14:00,84.0
3474,2023-06-01 16:13:00,86.0
3475,2023-06-01 16:12:00,90.0
3476,2023-06-01 16:11:00,89.0
3477,2023-06-01 16:10:00,94.0
3478,2023-06-01 16:09:00,93.0
3479,2023-06-01 16:08:00,91.0
3480,2023-06-01 16:07:00,77.0
3481,2023-06-01 16:06:00,78.0
3482,2023-06-01 16:05:00,79.0
3483,2023-06-01 16:04:00,81.0
3484,2023-06-01 16:03:00,81.0
3485,2023-06-01 16:02:00,80.0
3486,2023-06-01 16:01:00,81.0
3487,2023-06-01 16:00:00,81.0
3488,2023-06-01 15:59:00,82.0
3489,2023-06-01 15:58:00,92.0
3490,2023-06-01 15:57:00,89.0
3491,2023-06-01 15:56:00,85.0
3492,2023-06-01 15:55:00,84.0
3493,2023-06-01 15:54:00,79.0
3494,2023-06-01 15:53:00,83.0
3495,2023-06-01 15:52:00,89.0
3496,2023-06-01 15:51:00,90.0
3497,2023-06-01 15:50:00,90.0
3498,2023-06-01 15:49:00,86.0
3499,2023-06-01 15:48:00,83.0
3500,2023-06-01 15:47:00,76.0
3501,2023-06-01 15:46:00,70.0
3502,2023-06-01 15:45:00,73.0
3503,2023-06-01 15:44:00,69.0
3504,2023-06-01 15:43:00,67.0
3505,2023-06-01 15:42:00,67.0
3506,2023-06-01 15:41:00,69.0
3507,2023-06-01 15:40:00,74.0
3508,2023-06-01 15:39:00,77.0
3509,2023-06-01 15:38:00,74.0
3510,2023-06-01 15:37:00,68.0
3511,2023-06-01 15:36:00,75.0
3512,2023-06-01 15:35:00,84.0
3513,2023-06-01 15:34:00,73.0
3514,2023-06-01 15:33:00,89.0
3515,2023-06-01 15:32:00,95.0
3516,2023-06-01 15:31:00,95.0
3517,2023-06-01 15:30:00,74.0
3518,2023-06-01 15:29:00,78.0
3519,2023-06-01 15:28:00,90.0
3520,2023-06-01 15:27:00,87.0
3521,2023-06-01 15:26:00,91.0
3522,2023-06-01 15:25:00,91.0
3523,2023-06-01 15:24:00,85.0
3524,2023-06-01 15:23:00,82.0
3525,2023-06-01 15:22:00,72.0
3526,2023-06-01 15:21:00,67.0
3527,2023-06-01 15:20:00,64.0
3528,2023-06-01 15:19:00,67.0
3529,2023-06-01 15:18:00,68.0
3530,2023-06-01 15:17:00,63.0
3531,2023-06-01 15:16:00,61.0
3532,2023-06-01 15:15:00,64.0
3533,2023-06-01 15:14:00,62.0
3534,2023-06-01 15:13:00,64.0
3535,2023-06-01 15:12:00,62.0
3536,2023-06-01 15:11:00,62.0
3537,2023-06-01 15:10:00,62.0
3538,2023-06-01 15:09:00,71.0
3539,2023-06-01 15:08:00,66.0
3540,2023-06-01 15:07:00,88.0
3541,2023-06-01 15:06:00,91.0
3542,2023-06-01 15:05:00,93.0
3543,2023-06-01 15:04:00,91.0
3544,2023-06-01 15:03:00,94.0
3545,2023-06-01 15:02:00,97.0
3546,2023-06-01 15:01:00,66.0
3547,2023-06-01 15:00:00,65.0
3548,2023-06-01 14:59:00,70.0
3549,2023-06-01 14:58:00,66.0
3550,2023-06-01 14:57:00,65.0
3551,2023-06-01 14:56:00,68.0
3552,2023-06-01 14:55:00,66.0
3553,2023-06-01 14:54:00,66.0
3554,2023-06-01 14:53:00,63.0
3555,2023-06-01 14:52:00,58.0
3556,2023-06-01 14:51:00,56.0
3557,2023-06-01 14:50:00,64.0
3558,2023-06-01 14:49:00,75.0
3559,2023-06-01 14:48:00,80.0
3560,2023-06-01 14:47:00,87.0
3561,2023-06-01 14:46:00,80.0
3562,2023-06-01 14:45:00,85.0
3563,2023-06-01 14:44:00,80.0
3564,2023-06-01 14:43:00,65.0
3565,2023-06-01 14:42:00,64.0
3566,2023-06-01 14:41:00,65.0
3567,2023-06-01 14:40:00,63.0
3568,2023-06-01 14:39:00,75.0
3569,2023-06-01 14:38:00,81.0
3570,2023-06-01 14:37:00,48.0
3571,2023-06-01 14:36:00,50.0
3572,2023-06-01 14:35:00,64.0
3573,2023-06-01 14:34:00,61.0
3574,2023-06-01 14:33:00,71.0
3575,2023-06-01 14:32:00,63.0
3576,2023-06-01 14:31:00,62.0
3577,2023-06-01 14:30:00,62.0
3578,2023-06-01 14:29:00,56.0
3579,2023-06-01 14:28:00,57.0
3580,2023-06-01 14:27:00,57.0
3581,2023-06-01 14:26:00,58.0
3582,2023-06-01 14:25:00,59.0
3583,2023-06-01 14:24:00,59.0
3584,2023-06-01 14:23:00,59.0
3585,2023-06-01 14:22:00,89.0
3586,2023-06-01 14:21:00,85.0
3587,2023-06-01 14:20:00,90.0
3588,2023-06-01 14:19:00,88.0
3589,2023-06-01 14:18:00,71.0
3590,2023-06-01 14:17:00,72.0
3591,2023-06-01 14:16:00,77.0
3592,2023-06-01 14:15:00,78.0
3593,2023-06-01 14:14:00,73.0
3594,2023-06-01 14:13:00,55.0
3595,2023-06-01 14:12:00,49.0
3596,2023-06-01 14:11:00,64.0
3597,2023-06-01 14:10:00,64.0
3598,2023-06-01 14:09:00,54.0
3599,2023-06-01 14:08:00,48.0
3600,2023-06-01 14:07:00,64.0
3601,2023-06-01 14:06:00,66.0
3602,2023-06-01 14:05:00,67.0
3603,2023-06-01 14:04:00,59.0
3604,2023-06-01 14:03:00,73.0
3605,2023-06-01 14:02:00,78.0
3606,2023-06-01 14:01:00,66.0
3607,2023-06-01 14:00:00,69.0
3608,2023-06-01 13:59:00,76.0
3609,2023-06-01 13:58:00,72.0
3610,2023-06-01 13:57:00,70.0
3611,2023-06-01 13:56:00,75.0
3612,2023-06-01 13:55:00,85.0
3613,2023-06-01 13:54:00,85.0
3614,2023-06-01 13:53:00,83.0
3615,2023-06-01 13:52:00,61.0
3616,2023-06-01 13:51:00,62.0
3617,2023-06-01 13:50:00,63.0
3618,2023-06-01 13:49:00,63.0
3619,2023-06-01 13:48:00,68.0
3620,2023-06-01 13:47:00,64.0
3621,2023-06-01 13:46:00,63.0
3622,2023-06-01 13:45:00,65.0
3623,2023-06-01 13:44:00,58.0
3624,2023-06-01 13:43:00,62.0
3625,2023-06-01 13:42:00,62.0
3626,2023-06-01 13:41:00,64.0
3627,2023-06-01 13:40:00,73.0
3628,2023-06-01 13:39:00,75.0
3629,2023-06-01 13:38:00,68.0
3630,2023-06-01 13:37:00,71.0
3631,2023-06-01 13:36:00,68.0
3632,2023-06-01 13:35:00,67.0
3633,2023-06-01 13:34:00,63.0
3634,2023-06-01 13:33:00,62.0
3635,2023-06-01 13:32:00,64.0
3636,2023-06-01 13:31:00,69.0
3637,2023-06-01 13:30:00,64.0
3638,2023-06-01 13:29:00,69.0
3639,2023-06-01 13:28:00,73.0
3640,2023-06-01 13:27:00,74.0
3641,2023-06-01 13:26:00,76.0
3642,2023-06-01 13:25:00,80.0
3643,2023-06-01 13:24:00,70.0
3644,2023-06-01 13:23:00,62.0
3645,2023-06-01 13:22:00,67.0
3646,2023-06-01 13:21:00,68.0
3647,2023-06-01 13:20:00,69.0
3648,2023-06-01 13:19:00,68.0
3649,2023-06-01 13:18:00,68.0
3650,2023-06-01 13:17:00,67.0
3651,2023-06-01 13:16:00,67.0
3652,2023-06-01 13:15:00,67.0
3653,2023-06-01 13:14:00,67.0
3654,2023-06-01 13:13:00,67.0
3655,2023-06-01 13:12:00,66.0
3656,2023-06-01 13:11:00,66.0
3657,2023-06-01 13:10:00,64.0
3658,2023-06-01 13:09:00,70.0
3659,2023-06-01 13:08:00,72.0
3660,2023-06-01 13:07:00,72.0
3661,2023-06-01 13:06:00,69.0
3662,2023-06-01 13:05:00,75.0
3663,2023-06-01 13:04:00,81.0
3664,2023-06-01 13:03:00,71.0
3665,2023-06-01 13:02:00,65.0
3666,2023-06-01 13:01:00,68.0
3667,2023-06-01 13:00:00,68.0
3668,2023-06-01 12:59:00,68.0
3669,2023-06-01 12:58:00,71.0
3670,2023-06-01 12:57:00,70.0
3671,2023-06-01 12:56:00,68.0
3672,2023-06-01 12:55:00,70.0
3673,2023-06-01 12:54:00,64.0
3674,2023-06-01 12:53:00,66.0
3675,2023-06-01 12:42:00,73.0
3676,2023-06-01 12:41:00,72.0
3677,2023-06-01 12:40:00,73.0
3678,2023-06-01 12:39:00,72.0
3679,2023-06-01 12:38:00,69.0
3680,2023-06-01 12:37:00,73.0
3681,2023-06-01 12:36:00,69.0
3682,2023-06-01 12:35:00,69.0
3683,2023-06-01 12:34:00,66.0
3684,2023-06-01 12:33:00,69.0
3685,2023-06-01 12:32:00,71.0
3686,2023-06-01 12:31:00,69.0
3687,2023-06-01 12:30:00,69.0
3688,2023-06-01 12:29:00,68.0
3689,2023-06-01 12:28:00,68.0
3690,2023-06-01 12:27:00,71.0
3691,2023-06-01 12:26:00,69.0
3692,2023-06-01 12:25:00,68.0
3693,2023-06-01 12:24:00,73.0
3694,2023-06-01 12:23:00,74.0
3695,2023-06-01 12:22:00,74.0
3696,2023-06-01 12:21:00,71.0
3697,2023-06-01 12:20:00,70.0
3698,2023-06-01 12:19:00,73.0
3699,2023-06-01 12:18:00,72.0
3700,2023-06-01 12:17:00,70.0
3701,2023-06-01 12:16:00,71.0
3702,2023-06-01 12:15:00,69.0
3703,2023-06-01 12:14:00,71.0
3704,2023-06-01 12:13:00,70.0
3705,2023-06-01 12:12:00,77.0
3706,2023-06-01 12:11:00,74.0
3707,2023-06-01 12:10:00,74.0
3708,2023-06-01 12:09:00,78.0
3709,2023-06-01 12:08:00,76.0
3710,2023-06-01 12:07:00,87.0
3711,2023-06-01 12:06:00,81.0
3712,2023-06-01 12:05:00,73.0
3713,2023-06-01 12:04:00,73.0
3714,2023-06-01 12:03:00,75.0
3715,2023-06-01 12:02:00,75.0
3716,2023-06-01 12:01:00,75.0
3717,2023-06-01 12:00:00,74.0
3718,2023-06-01 11:59:00,71.0
3719,2023-06-01 11:58:00,72.0
3720,2023-06-01 11:57:00,95.0
3721,2023-06-01 11:56:00,86.0
3722,2023-06-01 11:55:00,84.0
3723,2023-06-01 11:54:00,81.0
3724,2023-06-01 11:53:00,96.0
3725,2023-06-01 11:52:00,95.0
3726,2023-06-01 11:51:00,95.0
3727,2023-06-01 11:50:00,77.0
3728,2023-06-01 11:49:00,78.0
3729,2023-06-01 11:48:00,76.0
3730,2023-06-01 11:47:00,76.0
3731,2023-06-01 11:46:00,78.0
3732,2023-06-01 11:45:00,77.0
3733,2023-06-01 11:44:00,76.0
3734,2023-06-01 11:43:00,74.0
3735,2023-06-01 11:42:00,98.0
3736,2023-06-01 11:41:00,95.0
3737,2023-06-01 11:40:00,96.0
3738,2023-06-01 11:39:00,98.0
3739,2023-06-01 11:38:00,95.0
3740,2023-06-01 11:37:00,96.0
3741,2023-06-01 11:36:00,92.0
3742,2023-06-01 11:35:00,97.0
3743,2023-06-01 11:34:00,101.0
3744,2023-06-01 11:33:00,96.0
3745,2023-06-01 11:32:00,83.0
3746,2023-06-01 11:31:00,84.0
3747,2023-06-01 11:30:00,90.0
3748,2023-06-01 11:29:00,95.0
3749,2023-06-01 11:28:00,94.0
3750,2023-06-01 11:27:00,77.0
3751,2023-06-01 11:26:00,85.0
3752,2023-06-01 11:25:00,92.0
3753,2023-06-01 11:24:00,91.0
3754,2023-06-01 11:23:00,83.0
3755,2023-06-01 11:22:00,85.0
3756,2023-06-01 11:21:00,80.0
3757,2023-06-01 11:20:00,83.0
3758,2023-06-01 11:19:00,91.0
3759,2023-06-01 11:18:00,93.0
3760,2023-06-01 11:17:00,95.0
3761,2023-06-01 11:16:00,99.0
3762,2023-06-01 11:15:00,95.0
3763,2023-06-01 11:14:00,98.0
3764,2023-06-01 11:13:00,102.0
3765,2023-06-01 11:12:00,85.0
3766,2023-06-01 11:11:00,79.0
3767,2023-06-01 11:10:00,84.0
3768,2023-06-01 11:09:00,88.0
3769,2023-06-01 11:08:00,91.0
3770,2023-06-01 11:07:00,97.0
3771,2023-06-01 11:06:00,93.0
3772,2023-06-01 11:05:00,89.0
3773,2023-06-01 11:04:00,89.0
3774,2023-06-01 11:03:00,90.0
3775,2023-06-01 11:02:00,94.0
3776,2023-06-01 11:01:00,95.0
3777,2023-06-01 11:00:00,87.0
3778,2023-06-01 10:59:00,82.0
3779,2023-06-01 10:58:00,79.0
3780,2023-06-01 10:57:00,76.0
3781,2023-06-01 10:56:00,75.0
3782,2023-06-01 10:55:00,69.0
3783,2023-06-01 10:54:00,64.0
3784,2023-06-01 10:53:00,65.0
3785,2023-06-01 10:52:00,65.0
3786,2023-06-01 10:51:00,69.0
3787,2023-06-01 10:50:00,72.0
3788,2023-06-01 10:49:00,83.0
3789,2023-06-01 10:48:00,89.0
3790,2023-06-01 10:47:00,88.0
3791,2023-06-01 10:46:00,93.0
3792,2023-06-01 10:45:00,95.0
3793,2023-06-01 10:44:00,92.0
3794,2023-06-01 10:43:00,94.0
3795,2023-06-01 10:42:00,70.0
3796,2023-06-01 10:41:00,67.0
3797,2023-06-01 10:40:00,76.0
3798,2023-06-01 10:39:00,74.0
3799,2023-06-01 10:38:00,71.0
3800,2023-06-01 10:37:00,77.0
3801,2023-06-01 10:36:00,76.0
3802,2023-06-01 10:35:00,79.0
3803,2023-06-01 10:34:00,71.0
3804,2023-06-01 10:33:00,88.0
3805,2023-06-01 10:32:00,95.0
3806,2023-06-01 10:31:00,80.0
3807,2023-06-01 10:30:00,73.0
3808,2023-06-01 10:29:00,75.0
3809,2023-06-01 10:28:00,75.0
3810,2023-06-01 10:27:00,87.0
3811,2023-06-01 10:26:00,90.0
3812,2023-06-01 10:25:00,77.0
3813,2023-06-01 10:24:00,73.0
3814,2023-06-01 10:23:00,71.0
3815,2023-06-01 10:22:00,74.0
3816,2023-06-01 10:21:00,76.0
3817,2023-06-01 10:20:00,72.0
3818,2023-06-01 10:19:00,77.0
3819,2023-06-01 10:18:00,78.0
3820,2023-06-01 10:17:00,69.0
3821,2023-06-01 10:16:00,74.0
3822,2023-06-01 10:15:00,73.0
3823,2023-06-01 10:14:00,73.0
3824,2023-06-01 10:13:00,72.0
3825,2023-06-01 10:12:00,64.0
3826,2023-06-01 10:11:00,68.0
3827,2023-06-01 10:10:00,68.0
3828,2023-06-01 10:09:00,66.0
3829,2023-06-01 10:08:00,65.0
3830,2023-06-01 10:07:00,63.0
3831,2023-06-01 10:06:00,67.0
3832,2023-06-01 10:05:00,69.0
3833,2023-06-01 10:04:00,64.0
3834,2023-06-01 10:03:00,63.0
3835,2023-06-01 10:02:00,69.0
3836,2023-06-01 10:01:00,90.0
3837,2023-06-01 10:00:00,94.0
3838,2023-06-01 09:59:00,91.0
3839,2023-06-01 09:58:00,94.0
3840,2023-06-01 09:57:00,69.0
3841,2023-06-01 09:56:00,66.0
3842,2023-06-01 09:55:00,73.0
3843,2023-06-01 09:54:00,72.0
3844,2023-06-01 09:53:00,73.0
3845,2023-06-01 09:52:00,65.0
3846,2023-06-01 09:51:00,64.0
3847,2023-06-01 09:50:00,66.0
3848,2023-06-01 09:49:00,65.0
3849,2023-06-01 09:48:00,65.0
3850,2023-06-01 09:47:00,68.0
3851,2023-06-01 09:46:00,72.0
3852,2023-06-01 09:45:00,65.0
3853,2023-06-01 09:44:00,62.0
3854,2023-06-01 09:43:00,64.0
3855,2023-06-01 09:42:00,91.0
3856,2023-06-01 09:41:00,82.0
3857,2023-06-01 09:40:00,66.0
3858,2023-06-01 09:39:00,68.0
3859,2023-06-01 09:38:00,68.0
3860,2023-06-01 09:37:00,68.0
3861,2023-06-01 09:36:00,67.0
3862,2023-06-01 09:35:00,63.0
3863,2023-06-01 09:34:00,71.0
3864,2023-06-01 09:33:00,66.0
3865,2023-06-01 09:32:00,68.0
3866,2023-06-01 09:31:00,66.0
3867,2023-06-01 09:30:00,66.0
3868,2023-06-01 09:29:00,68.0
3869,2023-06-01 09:28:00,68.0
3870,2023-06-01 07:42:00,87.0
3871,2023-06-01 07:41:00,85.0
3872,2023-06-01 07:40:00,83.0
3873,2023-06-01 07:39:00,87.0
3874,2023-06-01 07:38:00,81.0
3875,2023-06-01 07:37:00,83.0
3876,2023-06-01 07:36:00,83.0
3877,2023-06-01 07:35:00,91.0
3878,2023-06-01 07:34:00,100.0
3879,2023-06-01 07:33:00,94.0
3880,2023-06-01 07:32:00,95.0
3881,2023-06-01 07:31:00,98.0
3882,2023-06-01 07:30:00,90.0
3883,2023-06-01 07:29:00,75.0
3884,2023-06-01 07:28:00,79.0
3885,2023-06-01 07:27:00,87.0
3886,2023-06-01 07:26:00,86.0
3887,2023-06-01 07:25:00,84.0
3888,2023-06-01 07:24:00,91.0
3889,2023-06-01 07:23:00,103.0
3890,2023-06-01 07:22:00,94.0
3891,2023-06-01 07:21:00,99.0
3892,2023-06-01 07:20:00,99.0
3893,2023-06-01 07:19:00,94.0
3894,2023-06-01 07:18:00,92.0
3895,2023-06-01 07:17:00,89.0
3896,2023-06-01 07:16:00,81.0
3897,2023-06-01 07:15:00,99.0
3898,2023-06-01 07:14:00,97.0
3899,2023-06-01 07:13:00,90.0
3900,2023-06-01 07:12:00,77.0
3901,2023-06-01 07:11:00,77.0
3902,2023-06-01 07:10:00,78.0
3903,2023-06-01 07:09:00,78.0
3904,2023-06-01 07:08:00,74.0
3905,2023-06-01 07:07:00,76.0
3906,2023-06-01 07:06:00,77.0
3907,2023-06-01 07:05:00,78.0
3908,2023-06-01 07:04:00,78.0
3909,2023-06-01 07:03:00,75.0
3910,2023-06-01 07:02:00,78.0
3911,2023-06-01 07:01:00,74.0
3912,2023-06-01 07:00:00,77.0
3913,2023-06-01 06:59:00,89.0
3914,2023-06-01 06:58:00,94.0
